"id","matchDate","Country","League","Season","homeTeam","awayTeam","referee","FTHG","FTAG","FTR"
"79035","14-12-25 01:00","Argentina","Liga Profesional","2025","Racing Club","Estudiantes L.P.","Nicolas Ramirez","1","1","D"
"79036","08-12-25 21:00","Argentina","Liga Profesional","2025","Gimnasia L.P.","Estudiantes L.P.","Facundo Raul Tello Figueroa","0","1","A"
"79037","07-12-25 23:00","Argentina","Liga Profesional","2025","Boca Juniors","Racing Club","Dario Herrera","0","1","A"
"79038","02-12-25 01:30","Argentina","Liga Profesional","2025","Racing Club","Tigre","Andres Merlos","0","0","D"
"79039","01-12-25 21:00","Argentina","Liga Profesional","2025","Barracas Central","Gimnasia L.P.","Hernan Mastrangelo","0","2","A"
"79040","30-11-25 22:30","Argentina","Liga Profesional","2025","Boca Juniors","Argentinos Jrs","Fernando Echenique","1","0","H"
"79041","30-11-25 01:30","Argentina","Liga Profesional","2025","Central Cordoba","Estudiantes L.P.","Yael Falcon Perez","0","1","A"
"79042","27-11-25 01:30","Argentina","Liga Profesional","2025","Lanus","Tigre","Leandro Rey Hilfer","0","1","A"
"79043","25-11-25 02:00","Argentina","Liga Profesional","2025","Union de Santa Fe","Gimnasia L.P.","Sebastian Nicolas Martinez","1","2","A"
"79044","24-11-25 23:15","Argentina","Liga Profesional","2025","Racing Club","River Plate","Facundo Raul Tello Figueroa","3","2","H"
"79045","24-11-25 21:00","Argentina","Liga Profesional","2025","Dep. Riestra","Barracas Central","Nicolas Ramirez","0","0","D"
"79046","24-11-25 00:00","Argentina","Liga Profesional","2025","Boca Juniors","Talleres Cordoba","Sebastian Zunino","2","0","H"
"79047","23-11-25 21:30","Argentina","Liga Profesional","2025","Rosario Central","Estudiantes L.P.","Pablo Dovalo","0","1","A"
"79048","23-11-25 02:00","Argentina","Liga Profesional","2025","Central Cordoba","San Lorenzo","Nazareno Arasa","2","1","H"
"79049","23-11-25 00:00","Argentina","Liga Profesional","2025","Velez Sarsfield","Argentinos Jrs","Andres Merlos","0","2","A"
"79050","17-11-25 23:30","Argentina","Liga Profesional","2025","Platense","Gimnasia L.P.","Fernando Echenique","0","3","A"
"79051","17-11-25 21:00","Argentina","Liga Profesional","2025","Barracas Central","Huracan","Carlos Andres Gariano","1","1","D"
"79052","17-11-25 21:00","Argentina","Liga Profesional","2025","Belgrano","Union de Santa Fe","Nazareno Arasa","0","0","D"
"79053","17-11-25 21:00","Argentina","Liga Profesional","2025","Defensa y Justicia","Ind. Rivadavia","Bruno Amiconi","0","2","A"
"79054","17-11-25 00:15","Argentina","Liga Profesional","2025","Boca Juniors","Tigre","Dario Herrera","2","0","H"
"79055","17-11-25 00:15","Argentina","Liga Profesional","2025","Central Cordoba","Banfield","Andres Merlos","1","1","D"
"79056","17-11-25 00:15","Argentina","Liga Profesional","2025","Estudiantes L.P.","Argentinos Jrs","Luis Lobo Medina","1","2","A"
"79057","17-11-25 00:15","Argentina","Liga Profesional","2025","Newells Old Boys","Racing Club","Sebastian Nicolas Martinez","0","1","A"
"79058","16-11-25 21:00","Argentina","Liga Profesional","2025","Instituto","Talleres Cordoba","Yael Falcon Perez","0","0","D"
"79059","16-11-25 21:00","Argentina","Liga Profesional","2025","Velez Sarsfield","River Plate","Leandro Rey Hilfer","0","0","D"
"79060","16-11-25 01:30","Argentina","Liga Profesional","2025","Independiente","Rosario Central","Sebastian Zunino","1","0","H"
"79061","15-11-25 23:30","Argentina","Liga Profesional","2025","San Lorenzo","Sarmiento Junin","Nicolas Lamolina","1","1","D"
"79062","15-11-25 21:00","Argentina","Liga Profesional","2025","Aldosivi","San Martin S.J.","Nicolas Ramirez","4","2","H"
"79063","15-11-25 21:00","Argentina","Liga Profesional","2025","Godoy Cruz","Dep. Riestra","Facundo Raul Tello Figueroa","1","1","D"
"79064","15-11-25 00:00","Argentina","Liga Profesional","2025","Lanus","Atl. Tucuman","Pablo Dovalo","3","1","H"
"79065","11-11-25 01:15","Argentina","Liga Profesional","2025","Argentinos Jrs","Belgrano","Sebastian Nicolas Martinez","1","0","H"
"79066","11-11-25 01:15","Argentina","Liga Profesional","2025","Ind. Rivadavia","Central Cordoba","Pablo Echavarria","0","0","D"
"79067","10-11-25 23:00","Argentina","Liga Profesional","2025","Dep. Riestra","Independiente","Fernando Espinoza","0","1","A"
"79068","10-11-25 21:00","Argentina","Liga Profesional","2025","Gimnasia L.P.","Velez Sarsfield","Yael Falcon Perez","2","0","H"
"79069","10-11-25 01:30","Argentina","Liga Profesional","2025","Atl. Tucuman","Godoy Cruz","Sebastian Zunino","2","1","H"
"79070","10-11-25 01:30","Argentina","Liga Profesional","2025","Tigre","Estudiantes L.P.","Daniel Zamora","1","0","H"
"79071","09-11-25 23:20","Argentina","Liga Profesional","2025","Banfield","Aldosivi","Luis Lobo Medina","0","1","A"
"79072","09-11-25 23:20","Argentina","Liga Profesional","2025","Sarmiento Junin","Instituto","Ariel Penel","2","1","H"
"79073","09-11-25 20:30","Argentina","Liga Profesional","2025","Boca Juniors","River Plate","Nicolas Ramirez","2","0","H"
"79074","09-11-25 01:30","Argentina","Liga Profesional","2025","San Martin S.J.","Lanus","Hernan Mastrangelo","1","1","D"
"79075","09-11-25 01:30","Argentina","Liga Profesional","2025","Union de Santa Fe","Barracas Central","Dario Herrera","0","0","D"
"79076","08-11-25 23:15","Argentina","Liga Profesional","2025","Talleres Cordoba","Platense","Carlos Andres Gariano","1","0","H"
"79077","08-11-25 21:00","Argentina","Liga Profesional","2025","Huracan","Newells Old Boys","Jorge Balino","0","2","A"
"79078","08-11-25 21:00","Argentina","Liga Profesional","2025","Racing Club","Defensa y Justicia","Leandro Rey Hilfer","1","0","H"
"79079","08-11-25 01:00","Argentina","Liga Profesional","2025","Rosario Central","San Lorenzo","Facundo Raul Tello Figueroa","0","0","D"
"79080","04-11-25 01:15","Argentina","Liga Profesional","2025","Banfield","Lanus","Facundo Raul Tello Figueroa","2","1","H"
"79081","04-11-25 01:15","Argentina","Liga Profesional","2025","Belgrano","Tigre","Fernando Echenique","0","0","D"
"79082","03-11-25 23:00","Argentina","Liga Profesional","2025","Central Cordoba","Racing Club","Luis Lobo Medina","0","0","D"
"79083","03-11-25 20:45","Argentina","Liga Profesional","2025","Defensa y Justicia","Huracan","Yael Falcon Perez","1","3","A"
"79084","03-11-25 20:45","Argentina","Liga Profesional","2025","Platense","Sarmiento Junin","Juan Pafundi","1","1","D"
"79085","03-11-25 00:30","Argentina","Liga Profesional","2025","River Plate","Gimnasia L.P.","Nazareno Arasa","0","1","A"
"79086","02-11-25 22:30","Argentina","Liga Profesional","2025","Godoy Cruz","San Martin S.J.","Carlos Andres Gariano","0","0","D"
"79087","02-11-25 20:00","Argentina","Liga Profesional","2025","Estudiantes L.P.","Boca Juniors","Leandro Rey Hilfer","1","2","A"
"79088","02-11-25 00:00","Argentina","Liga Profesional","2025","Independiente","Atl. Tucuman","Sebastian Nicolas Martinez","3","0","H"
"79089","01-11-25 21:00","Argentina","Liga Profesional","2025","Velez Sarsfield","Talleres Cordoba","Sebastian Zunino","0","1","A"
"79090","01-11-25 20:00","Argentina","Liga Profesional","2025","Barracas Central","Argentinos Jrs","Andres Merlos","2","0","H"
"79091","01-11-25 18:45","Argentina","Liga Profesional","2025","Aldosivi","Ind. Rivadavia","Jorge Balino","3","1","H"
"79092","01-11-25 01:15","Argentina","Liga Profesional","2025","Instituto","Rosario Central","Nicolas Ramirez","1","3","A"
"79093","01-11-25 01:15","Argentina","Liga Profesional","2025","Newells Old Boys","Union de Santa Fe","Fernando Espinoza","0","1","A"
"79094","31-10-25 23:00","Argentina","Liga Profesional","2025","San Lorenzo","Dep. Riestra","Pablo Echavarria","1","0","H"
"79095","27-10-25 20:00","Argentina","Liga Profesional","2025","Barracas Central","Boca Juniors","Nicolas Lamolina","1","3","A"
"79096","24-10-25 23:00","Argentina","Liga Profesional","2025","Independiente","Platense","Luis Lobo Medina","3","0","H"
"79097","24-10-25 21:00","Argentina","Liga Profesional","2025","Sarmiento Junin","Rosario Central","Andres Merlos","0","1","A"
"79098","23-10-25 00:30","Argentina","Liga Profesional","2025","Huracan","Central Cordoba","Nicolas Lamolina","0","1","A"
"79099","22-10-25 00:15","Argentina","Liga Profesional","2025","Union de Santa Fe","Defensa y Justicia","Nazareno Arasa","3","0","H"
"79100","21-10-25 02:15","Argentina","Liga Profesional","2025","Atl. Tucuman","San Lorenzo","Bruno Amiconi","1","2","A"
"79101","21-10-25 00:00","Argentina","Liga Profesional","2025","Dep. Riestra","Instituto","Leandro Rey Hilfer","1","0","H"
"79102","21-10-25 00:00","Argentina","Liga Profesional","2025","Tigre","Barracas Central","Jorge Balino","2","2","D"
"79103","19-10-25 23:00","Argentina","Liga Profesional","2025","Rosario Central","Platense","Pablo Echavarria","1","0","H"
"79104","19-10-25 23:00","Argentina","Liga Profesional","2025","San Martin S.J.","Independiente","Andres Merlos","1","0","H"
"79105","19-10-25 20:00","Argentina","Liga Profesional","2025","Estudiantes L.P.","Gimnasia L.P.","Facundo Raul Tello Figueroa","2","0","H"
"79106","19-10-25 20:00","Argentina","Liga Profesional","2025","Sarmiento Junin","Velez Sarsfield","Carlos Andres Gariano","0","2","A"
"79107","19-10-25 01:30","Argentina","Liga Profesional","2025","Talleres Cordoba","River Plate","Ariel Penel","0","2","A"
"79108","18-10-25 23:00","Argentina","Liga Profesional","2025","Boca Juniors","Belgrano","Pablo Dovalo","1","2","A"
"79109","18-10-25 20:45","Argentina","Liga Profesional","2025","Ind. Rivadavia","Banfield","Yael Falcon Perez","1","2","A"
"79110","18-10-25 02:15","Argentina","Liga Profesional","2025","Argentinos Jrs","Newells Old Boys","Felipe Viola","3","1","H"
"79111","18-10-25 02:15","Argentina","Liga Profesional","2025","Lanus","Godoy Cruz","Pablo Gimenez","2","0","H"
"79112","18-10-25 00:00","Argentina","Liga Profesional","2025","Racing Club","Aldosivi","Sebastian Zunino","1","0","H"
"79113","13-10-25 23:30","Argentina","Liga Profesional","2025","Platense","Dep. Riestra","Jorge Balino","1","1","D"
"79114","13-10-25 02:15","Argentina","Liga Profesional","2025","Independiente","Lanus","Fernando Echenique","0","2","A"
"79115","13-10-25 00:15","Argentina","Liga Profesional","2025","River Plate","Sarmiento Junin","Sebastian Zunino","0","1","A"
"79116","12-10-25 21:45","Argentina","Liga Profesional","2025","Ind. Rivadavia","Godoy Cruz","Facundo Raul Tello Figueroa","0","0","D"
"79117","12-10-25 21:45","Argentina","Liga Profesional","2025","Instituto","Atl. Tucuman","Yael Falcon Perez","2","0","H"
"79118","12-10-25 19:30","Argentina","Liga Profesional","2025","Aldosivi","Huracan","Luis Lobo Medina","2","0","H"
"79119","12-10-25 03:15","Argentina","Liga Profesional","2025","Belgrano","Estudiantes L.P.","Brian Ferreyra","1","1","D"
"79120","12-10-25 03:15","Argentina","Liga Profesional","2025","Velez Sarsfield","Rosario Central","Andres Merlos","1","2","A"
"79121","11-10-25 23:00","Argentina","Liga Profesional","2025","Banfield","Racing Club","Nazareno Arasa","1","3","A"
"79122","11-10-25 21:00","Argentina","Liga Profesional","2025","Gimnasia L.P.","Talleres Cordoba","Sebastian Nicolas Martinez","1","2","A"
"79123","10-10-25 23:30","Argentina","Liga Profesional","2025","Newells Old Boys","Tigre","Pablo Echavarria","1","1","D"
"79124","10-10-25 21:45","Argentina","Liga Profesional","2025","Central Cordoba","Union de Santa Fe","Carlos Andres Gariano","3","1","H"
"79125","10-10-25 21:15","Argentina","Liga Profesional","2025","Defensa y Justicia","Argentinos Jrs","Juan Pafundi","1","0","H"
"79126","10-10-25 19:30","Argentina","Liga Profesional","2025","San Lorenzo","San Martin S.J.","Pablo Dovalo","0","1","A"
"79127","07-10-25 02:00","Argentina","Liga Profesional","2025","Racing Club","Ind. Rivadavia","Luis Lobo Medina","0","0","D"
"79128","07-10-25 00:00","Argentina","Liga Profesional","2025","Dep. Riestra","Velez Sarsfield","Fernando Echenique","2","2","D"
"79129","06-10-25 02:15","Argentina","Liga Profesional","2025","Rosario Central","River Plate","Yael Falcon Perez","2","1","H"
"79130","06-10-25 00:00","Argentina","Liga Profesional","2025","Boca Juniors","Newells Old Boys","Sebastian Zunino","5","0","H"
"79131","05-10-25 21:45","Argentina","Liga Profesional","2025","Talleres Cordoba","Belgrano","Facundo Raul Tello Figueroa","0","0","D"
"79132","05-10-25 21:30","Argentina","Liga Profesional","2025","Estudiantes L.P.","Barracas Central","Nazareno Arasa","1","1","D"
"79133","05-10-25 19:30","Argentina","Liga Profesional","2025","Godoy Cruz","Independiente","Carlos Andres Gariano","1","1","D"
"79134","05-10-25 02:15","Argentina","Liga Profesional","2025","Lanus","San Lorenzo","Leandro Rey Hilfer","2","1","H"
"79135","05-10-25 00:00","Argentina","Liga Profesional","2025","Atl. Tucuman","Platense","Fernando Espinoza","2","0","H"
"79136","05-10-25 00:00","Argentina","Liga Profesional","2025","Huracan","Banfield","Pablo Dovalo","1","0","H"
"79137","04-10-25 21:45","Argentina","Liga Profesional","2025","San Martin S.J.","Instituto","Sebastian Nicolas Martinez","0","0","D"
"79138","04-10-25 19:30","Argentina","Liga Profesional","2025","Sarmiento Junin","Gimnasia L.P.","Pablo Echavarria","0","1","A"
"79139","04-10-25 02:15","Argentina","Liga Profesional","2025","Argentinos Jrs","Central Cordoba","Nicolas Ramirez","0","0","D"
"79140","04-10-25 02:15","Argentina","Liga Profesional","2025","Union de Santa Fe","Aldosivi","Andres Merlos","0","2","A"
"79141","04-10-25 00:00","Argentina","Liga Profesional","2025","Tigre","Defensa y Justicia","Ariel Penel","1","1","D"
"79142","01-10-25 00:00","Argentina","Liga Profesional","2025","Newells Old Boys","Estudiantes L.P.","Andres Merlos","1","1","D"
"79143","30-09-25 01:00","Argentina","Liga Profesional","2025","Velez Sarsfield","Atl. Tucuman","Andres Merlos","3","1","H"
"79144","29-09-25 20:30","Argentina","Liga Profesional","2025","Barracas Central","Belgrano","Carlos Andres Gariano","1","1","D"
"79145","29-09-25 01:15","Argentina","Liga Profesional","2025","Instituto","Lanus","Facundo Raul Tello Figueroa","0","0","D"
"79146","29-09-25 00:30","Argentina","Liga Profesional","2025","Ind. Rivadavia","Huracan","Nazareno Arasa","0","0","D"
"79147","28-09-25 23:00","Argentina","Liga Profesional","2025","River Plate","Dep. Riestra","Pablo Echavarria","1","2","A"
"79148","28-09-25 20:15","Argentina","Liga Profesional","2025","Racing Club","Independiente","Nicolas Ramirez","0","0","D"
"79149","28-09-25 02:15","Argentina","Liga Profesional","2025","Talleres Cordoba","Sarmiento Junin","Pablo Dovalo","1","0","H"
"79150","28-09-25 00:00","Argentina","Liga Profesional","2025","Defensa y Justicia","Boca Juniors","Jorge Balino","2","1","H"
"79151","27-09-25 21:45","Argentina","Liga Profesional","2025","San Lorenzo","Godoy Cruz","Nicolas Lamolina","2","0","H"
"79152","27-09-25 19:30","Argentina","Liga Profesional","2025","Aldosivi","Argentinos Jrs","Sebastian Zunino","0","2","A"
"79153","27-09-25 19:30","Argentina","Liga Profesional","2025","Gimnasia L.P.","Rosario Central","Fernando Echenique","0","3","A"
"79154","27-09-25 02:15","Argentina","Liga Profesional","2025","Central Cordoba","Tigre","Fernando Espinoza","0","1","A"
"79155","27-09-25 00:00","Argentina","Liga Profesional","2025","Banfield","Union de Santa Fe","Luis Lobo Medina","0","0","D"
"79156","27-09-25 00:00","Argentina","Liga Profesional","2025","Platense","San Martin S.J.","Daniel Zamora","2","2","D"
"79157","23-09-25 02:00","Argentina","Liga Profesional","2025","Belgrano","Newells Old Boys","Daniel Zamora","3","0","H"
"79158","23-09-25 00:00","Argentina","Liga Profesional","2025","Estudiantes L.P.","Defensa y Justicia","Sebastian Nicolas Martinez","1","0","H"
"79159","22-09-25 02:15","Argentina","Liga Profesional","2025","Boca Juniors","Central Cordoba","Yael Falcon Perez","2","2","D"
"79160","22-09-25 00:00","Argentina","Liga Profesional","2025","Argentinos Jrs","Banfield","Fernando Echenique","3","0","H"
"79161","22-09-25 00:00","Argentina","Liga Profesional","2025","Rosario Central","Talleres Cordoba","Luis Lobo Medina","1","1","D"
"79162","21-09-25 21:45","Argentina","Liga Profesional","2025","Godoy Cruz","Instituto","Jorge Balino","1","1","D"
"79163","21-09-25 19:30","Argentina","Liga Profesional","2025","Independiente","San Lorenzo","Sebastian Zunino","1","1","D"
"79164","21-09-25 17:00","Argentina","Liga Profesional","2025","Tigre","Aldosivi","Brian Ferreyra","2","0","H"
"79165","21-09-25 02:15","Argentina","Liga Profesional","2025","Atl. Tucuman","River Plate","Facundo Raul Tello Figueroa","2","0","H"
"79166","20-09-25 21:45","Argentina","Liga Profesional","2025","Union de Santa Fe","Ind. Rivadavia","Pablo Echavarria","2","2","D"
"79167","20-09-25 19:30","Argentina","Liga Profesional","2025","Barracas Central","Sarmiento Junin","Nicolas Ramirez","0","1","A"
"79168","20-09-25 02:15","Argentina","Liga Profesional","2025","Lanus","Platense","Pablo Dovalo","2","1","H"
"79169","20-09-25 00:15","Argentina","Liga Profesional","2025","San Martin S.J.","Velez Sarsfield","Carlos Andres Gariano","1","2","A"
"79170","20-09-25 00:00","Argentina","Liga Profesional","2025","Huracan","Racing Club","Nicolas Lamolina","0","2","A"
"79171","19-09-25 22:00","Argentina","Liga Profesional","2025","Dep. Riestra","Gimnasia L.P.","Andres Merlos","1","0","H"
"79172","15-09-25 01:00","Argentina","Liga Profesional","2025","Defensa y Justicia","Platense","Juan Pafundi","1","2","A"
"79173","15-09-25 01:00","Argentina","Liga Profesional","2025","Tigre","Talleres Cordoba","Sebastian Zunino","0","0","D"
"79174","14-09-25 22:30","Argentina","Liga Profesional","2025","Rosario Central","Boca Juniors","Facundo Raul Tello Figueroa","1","1","D"
"79175","14-09-25 20:00","Argentina","Liga Profesional","2025","Gimnasia L.P.","Union de Santa Fe","Sebastian Nicolas Martinez","1","3","A"
"79176","14-09-25 20:00","Argentina","Liga Profesional","2025","Instituto","Argentinos Jrs","Nazareno Arasa","2","0","H"
"79177","14-09-25 02:15","Argentina","Liga Profesional","2025","Sarmiento Junin","Aldosivi","Luis Lobo Medina","2","0","H"
"79178","14-09-25 00:00","Argentina","Liga Profesional","2025","Estudiantes L.P.","River Plate","Nicolas Ramirez","1","2","A"
"79179","13-09-25 21:45","Argentina","Liga Profesional","2025","Independiente","Banfield","Carlos Andres Gariano","0","1","A"
"79180","13-09-25 19:30","Argentina","Liga Profesional","2025","Godoy Cruz","Barracas Central","Dario Herrera","0","0","D"
"79181","13-09-25 02:15","Argentina","Liga Profesional","2025","Lanus","Ind. Rivadavia","Hernan Mastrangelo","1","0","H"
"79182","13-09-25 02:15","Argentina","Liga Profesional","2025","Newells Old Boys","Atl. Tucuman","Fernando Espinoza","2","0","H"
"79183","13-09-25 00:00","Argentina","Liga Profesional","2025","Huracan","Velez Sarsfield","Yael Falcon Perez","0","0","D"
"79184","13-09-25 00:00","Argentina","Liga Profesional","2025","Racing Club","San Lorenzo","Ariel Penel","2","0","H"
"79185","12-09-25 19:30","Argentina","Liga Profesional","2025","Dep. Riestra","Central Cordoba","Leandro Rey Hilfer","2","0","H"
"79186","12-09-25 01:00","Argentina","Liga Profesional","2025","Belgrano","San Martin S.J.","Andres Merlos","0","0","D"
"79187","02-09-25 00:15","Argentina","Liga Profesional","2025","Platense","Godoy Cruz","Nicolas Lamolina","1","3","A"
"79188","01-09-25 22:00","Argentina","Liga Profesional","2025","Gimnasia L.P.","Atl. Tucuman","Pablo Dovalo","1","0","H"
"79189","01-09-25 02:15","Argentina","Liga Profesional","2025","Racing Club","Union de Santa Fe","Nazareno Arasa","2","3","A"
"79190","01-09-25 00:15","Argentina","Liga Profesional","2025","River Plate","San Martin S.J.","Dario Herrera","2","0","H"
"79191","31-08-25 21:45","Argentina","Liga Profesional","2025","Defensa y Justicia","Belgrano","Felipe Viola","2","1","H"
"79192","31-08-25 21:45","Argentina","Liga Profesional","2025","Talleres Cordoba","Dep. Riestra","Brian Ferreyra","0","1","A"
"79193","31-08-25 19:30","Argentina","Liga Profesional","2025","Aldosivi","Boca Juniors","Sebastian Zunino","0","2","A"
"79194","31-08-25 02:30","Argentina","Liga Profesional","2025","Velez Sarsfield","Lanus","Sebastian Nicolas Martinez","3","0","H"
"79195","30-08-25 22:00","Argentina","Liga Profesional","2025","Central Cordoba","Estudiantes L.P.","Carlos Andres Gariano","2","0","H"
"79196","30-08-25 22:00","Argentina","Liga Profesional","2025","Ind. Rivadavia","Argentinos Jrs","Facundo Raul Tello Figueroa","2","1","H"
"79197","30-08-25 19:45","Argentina","Liga Profesional","2025","San Lorenzo","Huracan","Nicolas Ramirez","0","0","D"
"79198","30-08-25 02:15","Argentina","Liga Profesional","2025","Instituto","Independiente","Luis Lobo Medina","0","0","D"
"79199","30-08-25 00:00","Argentina","Liga Profesional","2025","Banfield","Tigre","Yael Falcon Perez","1","0","H"
"79200","30-08-25 00:00","Argentina","Liga Profesional","2025","Newells Old Boys","Barracas Central","Hernan Mastrangelo","1","2","A"
"79201","26-08-25 02:15","Argentina","Liga Profesional","2025","Lanus","River Plate","Leandro Rey Hilfer","1","1","D"
"79202","26-08-25 00:15","Argentina","Liga Profesional","2025","Estudiantes L.P.","Aldosivi","Hernan Mastrangelo","1","0","H"
"79203","26-08-25 00:00","Argentina","Liga Profesional","2025","Belgrano","Central Cordoba","Nazareno Arasa","0","3","A"
"79204","25-08-25 22:00","Argentina","Liga Profesional","2025","Godoy Cruz","Velez Sarsfield","Daniel Zamora","0","2","A"
"79205","25-08-25 20:00","Argentina","Liga Profesional","2025","Dep. Riestra","Sarmiento Junin","Pablo Echavarria","3","0","H"
"79206","24-08-25 23:15","Argentina","Liga Profesional","2025","Boca Juniors","Banfield","Nicolas Lamolina","2","0","H"
"79207","24-08-25 21:15","Argentina","Liga Profesional","2025","Argentinos Jrs","Racing Club","Pablo Dovalo","4","1","H"
"79208","24-08-25 19:00","Argentina","Liga Profesional","2025","Union de Santa Fe","Huracan","Andres Merlos","1","1","D"
"79209","24-08-25 01:00","Argentina","Liga Profesional","2025","Atl. Tucuman","Talleres Cordoba","Carlos Andres Gariano","3","0","H"
"79210","24-08-25 01:00","Argentina","Liga Profesional","2025","San Martin S.J.","Gimnasia L.P.","Fernando Espinoza","1","0","H"
"79211","23-08-25 22:30","Argentina","Liga Profesional","2025","Rosario Central","Newells Old Boys","Dario Herrera","1","0","H"
"79212","23-08-25 19:30","Argentina","Liga Profesional","2025","San Lorenzo","Instituto","Fernando Echenique","1","0","H"
"79213","23-08-25 01:00","Argentina","Liga Profesional","2025","Tigre","Ind. Rivadavia","Luis Lobo Medina","1","1","D"
"79214","22-08-25 20:30","Argentina","Liga Profesional","2025","Barracas Central","Defensa y Justicia","Yael Falcon Perez","1","1","D"
"79215","19-08-25 02:00","Argentina","Liga Profesional","2025","Talleres Cordoba","San Martin S.J.","Nazareno Arasa","0","0","D"
"79216","19-08-25 00:00","Argentina","Liga Profesional","2025","Sarmiento Junin","Atl. Tucuman","Jorge Balino","2","2","D"
"79217","18-08-25 01:30","Argentina","Liga Profesional","2025","Ind. Rivadavia","Boca Juniors","Pablo Dovalo","0","3","A"
"79218","17-08-25 23:30","Argentina","Liga Profesional","2025","River Plate","Godoy Cruz","Sebastian Zunino","4","2","H"
"79219","17-08-25 21:15","Argentina","Liga Profesional","2025","Banfield","Estudiantes L.P.","Nicolas Ramirez","3","2","H"
"79220","17-08-25 21:15","Argentina","Liga Profesional","2025","Central Cordoba","Barracas Central","Nicolas Lamolina","1","1","D"
"79221","17-08-25 19:00","Argentina","Liga Profesional","2025","Defensa y Justicia","Newells Old Boys","Daniel Zamora","1","1","D"
"79222","17-08-25 19:00","Argentina","Liga Profesional","2025","Gimnasia L.P.","Lanus","Facundo Raul Tello Figueroa","1","2","A"
"79223","17-08-25 01:30","Argentina","Liga Profesional","2025","Velez Sarsfield","Independiente","Leandro Rey Hilfer","2","1","H"
"79224","16-08-25 23:30","Argentina","Liga Profesional","2025","Rosario Central","Dep. Riestra","Yael Falcon Perez","1","1","D"
"79225","16-08-25 21:15","Argentina","Liga Profesional","2025","Huracan","Argentinos Jrs","Luis Lobo Medina","1","0","H"
"79226","16-08-25 19:15","Argentina","Liga Profesional","2025","Platense","San Lorenzo","Sebastian Nicolas Martinez","2","1","H"
"79227","16-08-25 02:00","Argentina","Liga Profesional","2025","Racing Club","Tigre","Dario Herrera","1","2","A"
"79228","16-08-25 00:00","Argentina","Liga Profesional","2025","Instituto","Union de Santa Fe","Bruno Amiconi","0","4","A"
"79229","15-08-25 20:30","Argentina","Liga Profesional","2025","Aldosivi","Belgrano","Carlos Andres Gariano","0","0","D"
"79230","12-08-25 00:00","Argentina","Liga Profesional","2025","Defensa y Justicia","Dep. Riestra","Fernando Espinoza","1","0","H"
"79231","11-08-25 01:00","Argentina","Liga Profesional","2025","Argentinos Jrs","Union de Santa Fe","Yael Falcon Perez","1","0","H"
"79232","10-08-25 22:00","Argentina","Liga Profesional","2025","Instituto","Platense","Carlos Andres Gariano","1","1","D"
"79233","10-08-25 20:00","Argentina","Liga Profesional","2025","Barracas Central","Aldosivi","Dario Herrera","3","1","H"
"79234","10-08-25 01:45","Argentina","Liga Profesional","2025","Atl. Tucuman","Rosario Central","Fernando Echenique","0","0","D"
"79235","10-08-25 01:45","Argentina","Liga Profesional","2025","Belgrano","Banfield","Leandro Rey Hilfer","2","1","H"
"79236","09-08-25 23:30","Argentina","Liga Profesional","2025","Independiente","River Plate","Nazareno Arasa","0","0","D"
"79237","09-08-25 21:30","Argentina","Liga Profesional","2025","Boca Juniors","Racing Club","Nicolas Ramirez","1","1","D"
"79238","09-08-25 19:30","Argentina","Liga Profesional","2025","San Martin S.J.","Sarmiento Junin","Sebastian Nicolas Martinez","0","1","A"
"79239","09-08-25 02:15","Argentina","Liga Profesional","2025","Lanus","Talleres Cordoba","Nicolas Lamolina","1","0","H"
"79240","09-08-25 02:00","Argentina","Liga Profesional","2025","Newells Old Boys","Central Cordoba","Andres Merlos","1","1","D"
"79241","09-08-25 00:00","Argentina","Liga Profesional","2025","Tigre","Huracan","Hernan Mastrangelo","0","1","A"
"79242","08-08-25 02:00","Argentina","Liga Profesional","2025","Estudiantes L.P.","Ind. Rivadavia","Sebastian Zunino","2","1","H"
"79243","08-08-25 00:00","Argentina","Liga Profesional","2025","San Lorenzo","Velez Sarsfield","Facundo Raul Tello Figueroa","1","0","H"
"79244","07-08-25 22:00","Argentina","Liga Profesional","2025","Godoy Cruz","Gimnasia L.P.","Pablo Echavarria","1","2","A"
"79245","29-07-25 01:00","Argentina","Liga Profesional","2025","Banfield","Barracas Central","Carlos Andres Gariano","1","3","A"
"79246","28-07-25 23:00","Argentina","Liga Profesional","2025","Central Cordoba","Defensa y Justicia","Pablo Echavarria","2","1","H"
"79247","28-07-25 21:00","Argentina","Liga Profesional","2025","Dep. Riestra","Atl. Tucuman","Andres Merlos","1","0","H"
"79248","28-07-25 01:30","Argentina","Liga Profesional","2025","River Plate","San Lorenzo","Nicolas Ramirez","0","0","D"
"79249","27-07-25 23:30","Argentina","Liga Profesional","2025","Huracan","Boca Juniors","Leandro Rey Hilfer","1","0","H"
"79250","27-07-25 21:00","Argentina","Liga Profesional","2025","Gimnasia L.P.","Independiente","Yael Falcon Perez","1","0","H"
"79251","27-07-25 21:00","Argentina","Liga Profesional","2025","Talleres Cordoba","Godoy Cruz","Luis Lobo Medina","0","0","D"
"79252","27-07-25 02:15","Argentina","Liga Profesional","2025","Racing Club","Estudiantes L.P.","Sebastian Nicolas Martinez","0","1","A"
"79253","27-07-25 00:15","Argentina","Liga Profesional","2025","Velez Sarsfield","Instituto","Jorge Balino","0","0","D"
"79254","27-07-25 00:00","Argentina","Liga Profesional","2025","Platense","Argentinos Jrs","Dario Herrera","0","0","D"
"79255","26-07-25 21:45","Argentina","Liga Profesional","2025","Rosario Central","San Martin S.J.","Ariel Penel","0","0","D"
"79256","26-07-25 19:30","Argentina","Liga Profesional","2025","Aldosivi","Newells Old Boys","Felipe Viola","0","0","D"
"79257","26-07-25 02:15","Argentina","Liga Profesional","2025","Ind. Rivadavia","Belgrano","Juan Pafundi","0","0","D"
"79258","26-07-25 02:15","Argentina","Liga Profesional","2025","Union de Santa Fe","Tigre","Brian Ferreyra","0","0","D"
"79259","26-07-25 00:00","Argentina","Liga Profesional","2025","Sarmiento Junin","Lanus","Nazareno Arasa","0","2","A"
"79260","22-07-25 02:15","Argentina","Liga Profesional","2025","Defensa y Justicia","Aldosivi","Pablo Dovalo","2","0","H"
"79261","22-07-25 02:15","Argentina","Liga Profesional","2025","San Martin S.J.","Dep. Riestra","Dario Herrera","3","2","H"
"79262","22-07-25 00:00","Argentina","Liga Profesional","2025","Estudiantes L.P.","Huracan","Fernando Echenique","2","1","H"
"79263","21-07-25 02:00","Argentina","Liga Profesional","2025","Independiente","Talleres Cordoba","Ariel Penel","1","2","A"
"79264","21-07-25 00:00","Argentina","Liga Profesional","2025","Belgrano","Racing Club","Yael Falcon Perez","0","1","A"
"79265","20-07-25 21:45","Argentina","Liga Profesional","2025","Newells Old Boys","Banfield","Jorge Balino","1","2","A"
"79266","20-07-25 21:45","Argentina","Liga Profesional","2025","Tigre","Argentinos Jrs","Sebastian Zunino","2","1","H"
"79267","20-07-25 19:30","Argentina","Liga Profesional","2025","Barracas Central","Ind. Rivadavia","Nicolas Ramirez","0","3","A"
"79268","20-07-25 02:00","Argentina","Liga Profesional","2025","Instituto","River Plate","Luis Lobo Medina","0","4","A"
"79269","19-07-25 23:45","Argentina","Liga Profesional","2025","Godoy Cruz","Sarmiento Junin","Brian Ferreyra","0","0","D"
"79270","19-07-25 23:45","Argentina","Liga Profesional","2025","Platense","Velez Sarsfield","Hernan Mastrangelo","0","0","D"
"79271","19-07-25 21:30","Argentina","Liga Profesional","2025","Lanus","Rosario Central","Andres Merlos","0","1","A"
"79272","19-07-25 19:30","Argentina","Liga Profesional","2025","San Lorenzo","Gimnasia L.P.","Nicolas Lamolina","0","0","D"
"79273","19-07-25 02:30","Argentina","Liga Profesional","2025","Atl. Tucuman","Central Cordoba","Carlos Andres Gariano","1","1","D"
"79274","19-07-25 00:30","Argentina","Liga Profesional","2025","Boca Juniors","Union de Santa Fe","Nazareno Arasa","1","1","D"
"79275","15-07-25 02:15","Argentina","Liga Profesional","2025","Union de Santa Fe","Estudiantes L.P.","Fernando Espinoza","1","0","H"
"79276","15-07-25 02:15","Argentina","Liga Profesional","2025","Velez Sarsfield","Tigre","Sebastian Nicolas Martinez","2","1","H"
"79277","15-07-25 00:00","Argentina","Liga Profesional","2025","Banfield","Defensa y Justicia","Luis Lobo Medina","0","0","D"
"79278","14-07-25 21:30","Argentina","Liga Profesional","2025","Dep. Riestra","Lanus","Hernan Mastrangelo","1","0","H"
"79279","14-07-25 02:00","Argentina","Liga Profesional","2025","River Plate","Platense","Leandro Rey Hilfer","3","1","H"
"79280","13-07-25 23:45","Argentina","Liga Profesional","2025","Argentinos Jrs","Boca Juniors","Ariel Penel","0","0","D"
"79281","13-07-25 21:30","Argentina","Liga Profesional","2025","Atl. Tucuman","San Martin S.J.","Pablo Echavarria","2","1","H"
"79282","13-07-25 21:30","Argentina","Liga Profesional","2025","Ind. Rivadavia","Newells Old Boys","Dario Herrera","1","2","A"
"79283","13-07-25 19:15","Argentina","Liga Profesional","2025","Sarmiento Junin","Independiente","Daniel Zamora","2","2","D"
"79284","13-07-25 01:45","Argentina","Liga Profesional","2025","Racing Club","Barracas Central","Nicolas Lamolina","0","1","A"
"79285","12-07-25 23:30","Argentina","Liga Profesional","2025","Gimnasia L.P.","Instituto","Andres Merlos","0","1","A"
"79286","12-07-25 23:30","Argentina","Liga Profesional","2025","Huracan","Belgrano","Sebastian Zunino","0","3","A"
"79287","12-07-25 21:00","Argentina","Liga Profesional","2025","Rosario Central","Godoy Cruz","Pablo Dovalo","1","1","D"
"79288","12-07-25 01:00","Argentina","Liga Profesional","2025","Talleres Cordoba","San Lorenzo","Carlos Andres Gariano","1","2","A"
"79289","11-07-25 20:30","Argentina","Liga Profesional","2025","Aldosivi","Central Cordoba","Nazareno Arasa","0","0","D"
"79290","01-06-25 22:00","Argentina","Liga Profesional","2025","Huracan","Platense","Facundo Raul Tello Figueroa","0","1","A"
"79291","25-05-25 21:00","Argentina","Liga Profesional","2025","San Lorenzo","Platense","Leandro Rey Hilfer","0","1","A"
"79292","24-05-25 23:30","Argentina","Liga Profesional","2025","Independiente","Huracan","Hernan Mastrangelo","0","0","D"
"79293","21-05-25 01:30","Argentina","Liga Profesional","2025","River Plate","Platense","Yael Falcon Perez","1","1","D"
"79294","20-05-25 02:30","Argentina","Liga Profesional","2025","Boca Juniors","Independiente","Nicolas Ramirez","0","1","A"
"79295","20-05-25 00:00","Argentina","Liga Profesional","2025","Argentinos Jrs","San Lorenzo","Facundo Raul Tello Figueroa","1","1","D"
"79296","19-05-25 00:00","Argentina","Liga Profesional","2025","Rosario Central","Huracan","Pablo Echavarria","0","1","A"
"79297","13-05-25 01:30","Argentina","Liga Profesional","2025","River Plate","Barracas Central","Sebastian Zunino","3","0","H"
"79298","12-05-25 01:30","Argentina","Liga Profesional","2025","Huracan","Dep. Riestra","Fernando Echenique","3","2","H"
"79299","11-05-25 23:00","Argentina","Liga Profesional","2025","Argentinos Jrs","Instituto","Carlos Andres Gariano","3","1","H"
"79300","11-05-25 20:30","Argentina","Liga Profesional","2025","Independiente","Ind. Rivadavia","Hernan Mastrangelo","1","0","H"
"79301","11-05-25 02:00","Argentina","Liga Profesional","2025","Boca Juniors","Lanus","Leandro Rey Hilfer","0","0","D"
"79302","10-05-25 23:45","Argentina","Liga Profesional","2025","Racing Club","Platense","Dario Herrera","0","1","A"
"79303","10-05-25 21:30","Argentina","Liga Profesional","2025","Rosario Central","Estudiantes L.P.","Andres Merlos","2","0","H"
"79304","10-05-25 19:00","Argentina","Liga Profesional","2025","San Lorenzo","Tigre","Yael Falcon Perez","2","1","H"
"79305","05-05-25 01:30","Argentina","Liga Profesional","2025","River Plate","Velez Sarsfield","Andres Merlos","4","1","H"
"79306","04-05-25 23:00","Argentina","Liga Profesional","2025","Tigre","Boca Juniors","Facundo Raul Tello Figueroa","1","1","D"
"79307","04-05-25 20:30","Argentina","Liga Profesional","2025","Gimnasia L.P.","Platense","Hernan Mastrangelo","1","0","H"
"79308","04-05-25 20:30","Argentina","Liga Profesional","2025","San Martin S.J.","Aldosivi","Fernando Espinoza","0","3","A"
"79309","04-05-25 02:00","Argentina","Liga Profesional","2025","Atl. Tucuman","Lanus","Nazareno Arasa","1","0","H"
"79310","04-05-25 02:00","Argentina","Liga Profesional","2025","Huracan","Barracas Central","Nicolas Ramirez","0","1","A"
"79311","03-05-25 23:30","Argentina","Liga Profesional","2025","Rosario Central","Independiente","Yael Falcon Perez","1","0","H"
"79312","03-05-25 21:00","Argentina","Liga Profesional","2025","Dep. Riestra","Godoy Cruz","Nicolas Lamolina","3","0","H"
"79313","03-05-25 21:00","Argentina","Liga Profesional","2025","Sarmiento Junin","San Lorenzo","Sebastian Nicolas Martinez","1","1","D"
"79314","03-05-25 21:00","Argentina","Liga Profesional","2025","Talleres Cordoba","Instituto","Dario Herrera","1","2","A"
"79315","02-05-25 23:00","Argentina","Liga Profesional","2025","Union de Santa Fe","Belgrano","Sebastian Zunino","1","1","D"
"79316","02-05-25 20:30","Argentina","Liga Profesional","2025","Argentinos Jrs","Estudiantes L.P.","Ariel Penel","4","0","H"
"79317","02-05-25 20:30","Argentina","Liga Profesional","2025","Banfield","Central Cordoba","Brian Ferreyra","3","1","H"
"79318","02-05-25 20:30","Argentina","Liga Profesional","2025","Ind. Rivadavia","Defensa y Justicia","Luis Lobo Medina","3","2","H"
"79319","02-05-25 20:30","Argentina","Liga Profesional","2025","Racing Club","Newells Old Boys","Leandro Rey Hilfer","1","0","H"
"79320","01-05-25 02:00","Argentina","Liga Profesional","2025","Atl. Tucuman","Independiente","Dario Herrera","2","0","H"
"79321","30-04-25 00:00","Argentina","Liga Profesional","2025","Newells Old Boys","Huracan","Facundo Raul Tello Figueroa","2","0","H"
"79322","30-04-25 00:00","Argentina","Liga Profesional","2025","Platense","Talleres Cordoba","Luis Lobo Medina","2","1","H"
"79323","29-04-25 02:45","Argentina","Liga Profesional","2025","Central Cordoba","Ind. Rivadavia","Carlos Andres Gariano","1","2","A"
"79324","29-04-25 02:45","Argentina","Liga Profesional","2025","Velez Sarsfield","Gimnasia L.P.","Yael Falcon Perez","1","0","H"
"79325","29-04-25 00:30","Argentina","Liga Profesional","2025","Defensa y Justicia","Racing Club","Pablo Dovalo","1","2","A"
"79326","29-04-25 00:30","Argentina","Liga Profesional","2025","Estudiantes L.P.","Tigre","Sebastian Zunino","0","0","D"
"79327","28-04-25 22:15","Argentina","Liga Profesional","2025","Godoy Cruz","Atl. Tucuman","Bruno Amiconi","1","0","H"
"79328","28-04-25 20:00","Argentina","Liga Profesional","2025","Barracas Central","Union de Santa Fe","Hernan Mastrangelo","2","1","H"
"79329","28-04-25 02:15","Argentina","Liga Profesional","2025","Independiente","Dep. Riestra","Pablo Echavarria","0","0","D"
"79330","28-04-25 00:00","Argentina","Liga Profesional","2025","Instituto","Sarmiento Junin","Nazareno Arasa","1","1","D"
"79331","28-04-25 00:00","Argentina","Liga Profesional","2025","Lanus","San Martin S.J.","Andres Merlos","1","0","H"
"79332","27-04-25 20:30","Argentina","Liga Profesional","2025","River Plate","Boca Juniors","Nicolas Ramirez","2","1","H"
"79333","27-04-25 00:00","Argentina","Liga Profesional","2025","Belgrano","Argentinos Jrs","Sebastian Nicolas Martinez","1","1","D"
"79334","26-04-25 22:00","Argentina","Liga Profesional","2025","San Lorenzo","Rosario Central","Leandro Rey Hilfer","0","1","A"
"79335","26-04-25 20:00","Argentina","Liga Profesional","2025","Aldosivi","Banfield","Dario Herrera","2","1","H"
"79336","23-04-25 02:15","Argentina","Liga Profesional","2025","Ind. Rivadavia","Aldosivi","Pablo Echavarria","1","0","H"
"79337","23-04-25 00:00","Argentina","Liga Profesional","2025","Argentinos Jrs","Barracas Central","Silvio Trucco","3","0","H"
"79338","23-04-25 00:00","Argentina","Liga Profesional","2025","Tigre","Belgrano","Ariel Penel","0","0","D"
"79339","21-04-25 01:30","Argentina","Liga Profesional","2025","Rosario Central","Instituto","Nicolas Lamolina","3","0","H"
"79340","20-04-25 23:00","Argentina","Liga Profesional","2025","Sarmiento Junin","Platense","Carlos Andres Gariano","0","1","A"
"79341","20-04-25 21:30","Argentina","Liga Profesional","2025","San Martin S.J.","Godoy Cruz","Sebastian Zunino","1","0","H"
"79342","20-04-25 20:30","Argentina","Liga Profesional","2025","Dep. Riestra","San Lorenzo","Fernando Espinoza","0","0","D"
"79343","20-04-25 01:30","Argentina","Liga Profesional","2025","Boca Juniors","Estudiantes L.P.","Nazareno Arasa","2","0","H"
"79344","19-04-25 23:15","Argentina","Liga Profesional","2025","Huracan","Defensa y Justicia","Sebastian Nicolas Martinez","1","1","D"
"79345","19-04-25 21:15","Argentina","Liga Profesional","2025","Lanus","Banfield","Nicolas Ramirez","1","1","D"
"79346","19-04-25 02:30","Argentina","Liga Profesional","2025","Union de Santa Fe","Newells Old Boys","Luis Lobo Medina","1","1","D"
"79347","19-04-25 00:15","Argentina","Liga Profesional","2025","Racing Club","Central Cordoba","Hernan Mastrangelo","1","0","H"
"79348","19-04-25 00:15","Argentina","Liga Profesional","2025","Talleres Cordoba","Velez Sarsfield","Brian Ferreyra","0","1","A"
"79349","18-04-25 22:00","Argentina","Liga Profesional","2025","Gimnasia L.P.","River Plate","Leandro Rey Hilfer","0","3","A"
"79350","16-04-25 01:00","Argentina","Liga Profesional","2025","Platense","Rosario Central","Pablo Echavarria","0","0","D"
"79351","15-04-25 02:15","Argentina","Liga Profesional","2025","Godoy Cruz","Lanus","Ariel Penel","0","0","D"
"79352","15-04-25 02:15","Argentina","Liga Profesional","2025","Velez Sarsfield","Sarmiento Junin","Sebastian Nicolas Martinez","0","1","A"
"79353","15-04-25 00:00","Argentina","Liga Profesional","2025","Defensa y Justicia","Union de Santa Fe","Fernando Espinoza","0","0","D"
"79354","14-04-25 23:00","Argentina","Liga Profesional","2025","Central Cordoba","Huracan","Luis Lobo Medina","1","2","A"
"79355","14-04-25 20:30","Argentina","Liga Profesional","2025","Aldosivi","Racing Club","Brian Ferreyra","0","2","A"
"79356","14-04-25 01:15","Argentina","Liga Profesional","2025","River Plate","Talleres Cordoba","Nazareno Arasa","1","1","D"
"79357","13-04-25 23:00","Argentina","Liga Profesional","2025","Independiente","San Martin S.J.","Nicolas Lamolina","2","0","H"
"79358","13-04-25 20:30","Argentina","Liga Profesional","2025","Gimnasia L.P.","Estudiantes L.P.","Dario Herrera","1","1","D"
"79359","13-04-25 20:30","Argentina","Liga Profesional","2025","Instituto","Dep. Riestra","Andres Merlos","3","0","H"
"79360","13-04-25 01:30","Argentina","Liga Profesional","2025","Belgrano","Boca Juniors","Hernan Mastrangelo","1","3","A"
"79361","12-04-25 23:00","Argentina","Liga Profesional","2025","Barracas Central","Tigre","Leandro Rey Hilfer","1","0","H"
"79362","12-04-25 20:30","Argentina","Liga Profesional","2025","San Lorenzo","Atl. Tucuman","Sebastian Zunino","1","0","H"
"79363","12-04-25 02:00","Argentina","Liga Profesional","2025","Newells Old Boys","Argentinos Jrs","Jorge Balino","0","0","D"
"79364","12-04-25 00:00","Argentina","Liga Profesional","2025","Banfield","Ind. Rivadavia","Daniel Zamora","1","1","D"
"79365","08-04-25 02:00","Argentina","Liga Profesional","2025","Atl. Tucuman","Instituto","Hernan Mastrangelo","3","2","H"
"79366","08-04-25 02:00","Argentina","Liga Profesional","2025","Tigre","Newells Old Boys","Andres Merlos","0","2","A"
"79367","07-04-25 20:30","Argentina","Liga Profesional","2025","Dep. Riestra","Platense","Yael Falcon Perez","1","0","H"
"79368","07-04-25 01:15","Argentina","Liga Profesional","2025","Argentinos Jrs","Defensa y Justicia","Nicolas Ramirez","4","1","H"
"79369","07-04-25 01:15","Argentina","Liga Profesional","2025","Racing Club","Banfield","Fernando Espinoza","4","1","H"
"79370","06-04-25 23:00","Argentina","Liga Profesional","2025","Boca Juniors","Barracas Central","Fernando Echenique","1","0","H"
"79371","06-04-25 20:30","Argentina","Liga Profesional","2025","Lanus","Independiente","Leandro Rey Hilfer","1","1","D"
"79372","06-04-25 20:30","Argentina","Liga Profesional","2025","Union de Santa Fe","Central Cordoba","Nazareno Arasa","1","0","H"
"79373","06-04-25 01:30","Argentina","Liga Profesional","2025","Sarmiento Junin","River Plate","Dario Herrera","1","1","D"
"79374","05-04-25 23:00","Argentina","Liga Profesional","2025","Huracan","Aldosivi","Nicolas Lamolina","3","3","D"
"79375","05-04-25 23:00","Argentina","Liga Profesional","2025","Talleres Cordoba","Gimnasia L.P.","Carlos Andres Gariano","2","0","H"
"79376","05-04-25 20:30","Argentina","Liga Profesional","2025","Godoy Cruz","Ind. Rivadavia","Silvio Trucco","1","1","D"
"79377","05-04-25 20:30","Argentina","Liga Profesional","2025","Rosario Central","Velez Sarsfield","Luis Lobo Medina","2","1","H"
"79378","05-04-25 03:00","Argentina","Liga Profesional","2025","San Martin S.J.","San Lorenzo","Juan Pafundi","0","1","A"
"79379","05-04-25 00:00","Argentina","Liga Profesional","2025","Estudiantes L.P.","Belgrano","Pablo Dovalo","0","1","A"
"79380","31-03-25 00:30","Argentina","Liga Profesional","2025","Newells Old Boys","Boca Juniors","Dario Herrera","2","0","H"
"79381","30-03-25 21:00","Argentina","Liga Profesional","2025","Gimnasia L.P.","Sarmiento Junin","Juan Pafundi","0","0","D"
"79382","30-03-25 20:00","Argentina","Liga Profesional","2025","Belgrano","Talleres Cordoba","Sebastian Zunino","1","1","D"
"79383","30-03-25 01:00","Argentina","Liga Profesional","2025","River Plate","Rosario Central","Yael Falcon Perez","2","2","D"
"79384","29-03-25 22:45","Argentina","Liga Profesional","2025","Independiente","Godoy Cruz","Pablo Echavarria","4","0","H"
"79385","29-03-25 22:30","Argentina","Liga Profesional","2025","Central Cordoba","Argentinos Jrs","Andres Merlos","1","1","D"
"79386","29-03-25 20:30","Argentina","Liga Profesional","2025","Instituto","San Martin S.J.","Carlos Andres Gariano","1","0","H"
"79387","29-03-25 01:30","Argentina","Liga Profesional","2025","Platense","Atl. Tucuman","Pablo Dovalo","2","1","H"
"79388","29-03-25 01:30","Argentina","Liga Profesional","2025","Velez Sarsfield","Dep. Riestra","Leandro Rey Hilfer","0","1","A"
"79389","28-03-25 23:15","Argentina","Liga Profesional","2025","Banfield","Huracan","Fernando Echenique","0","0","D"
"79390","28-03-25 23:15","Argentina","Liga Profesional","2025","San Lorenzo","Lanus","Hernan Mastrangelo","1","1","D"
"79391","28-03-25 21:00","Argentina","Liga Profesional","2025","Defensa y Justicia","Tigre","Luis Lobo Medina","1","2","A"
"79392","28-03-25 01:00","Argentina","Liga Profesional","2025","Ind. Rivadavia","Racing Club","Nazareno Arasa","2","1","H"
"79393","27-03-25 22:00","Argentina","Liga Profesional","2025","Barracas Central","Estudiantes L.P.","Nicolas Ramirez","2","1","H"
"79394","27-03-25 19:30","Argentina","Liga Profesional","2025","Aldosivi","Union de Santa Fe","Jorge Balino","2","1","H"
"79395","22-03-25 21:00","Argentina","Liga Profesional","2025","Godoy Cruz","Talleres Cordoba","Yael Falcon Perez","0","0","D"
"79396","21-03-25 01:00","Argentina","Liga Profesional","2025","Union de Santa Fe","Racing Club","Luis Lobo Medina","0","1","A"
"79397","18-03-25 01:15","Argentina","Liga Profesional","2025","Atl. Tucuman","Velez Sarsfield","Brian Ferreyra","1","2","A"
"79398","18-03-25 01:15","Argentina","Liga Profesional","2025","San Martin S.J.","Platense","Leandro Rey Hilfer","0","2","A"
"79399","17-03-25 23:00","Argentina","Liga Profesional","2025","Tigre","Central Cordoba","Hernan Mastrangelo","1","2","A"
"79400","17-03-25 23:00","Argentina","Liga Profesional","2025","Union de Santa Fe","Banfield","Dario Herrera","3","1","H"
"79401","17-03-25 01:00","Argentina","Liga Profesional","2025","Belgrano","Barracas Central","Carlos Andres Gariano","1","1","D"
"79402","17-03-25 01:00","Argentina","Liga Profesional","2025","Lanus","Instituto","Sebastian Zunino","4","1","H"
"79403","16-03-25 22:15","Argentina","Liga Profesional","2025","Boca Juniors","Defensa y Justicia","Pablo Dovalo","4","0","H"
"79404","16-03-25 20:00","Argentina","Liga Profesional","2025","Independiente","Racing Club","Nicolas Ramirez","1","1","D"
"79405","16-03-25 01:00","Argentina","Liga Profesional","2025","Huracan","Ind. Rivadavia","Facundo Raul Tello Figueroa","2","0","H"
"79406","16-03-25 01:00","Argentina","Liga Profesional","2025","Sarmiento Junin","Talleres Cordoba","Ariel Penel","0","0","D"
"79407","15-03-25 22:30","Argentina","Liga Profesional","2025","Estudiantes L.P.","Newells Old Boys","Fernando Espinoza","1","1","D"
"79408","15-03-25 22:30","Argentina","Liga Profesional","2025","Rosario Central","Gimnasia L.P.","Andres Merlos","2","1","H"
"79409","15-03-25 20:00","Argentina","Liga Profesional","2025","Dep. Riestra","River Plate","Fernando Echenique","0","0","D"
"79410","15-03-25 01:00","Argentina","Liga Profesional","2025","Godoy Cruz","San Lorenzo","Luis Lobo Medina","0","0","D"
"79411","14-03-25 23:00","Argentina","Liga Profesional","2025","Argentinos Jrs","Aldosivi","Yael Falcon Perez","0","2","A"
"79412","11-03-25 01:15","Argentina","Liga Profesional","2025","Ind. Rivadavia","Union de Santa Fe","Carlos Andres Gariano","2","0","H"
"79413","11-03-25 01:15","Argentina","Liga Profesional","2025","Talleres Cordoba","Rosario Central","Dario Herrera","0","0","D"
"79414","10-03-25 23:00","Argentina","Liga Profesional","2025","Gimnasia L.P.","Dep. Riestra","Nicolas Ramirez","1","1","D"
"79415","10-03-25 01:30","Argentina","Liga Profesional","2025","Instituto","Godoy Cruz","Jorge Balino","1","1","D"
"79416","10-03-25 01:30","Argentina","Liga Profesional","2025","Newells Old Boys","Belgrano","Luis Lobo Medina","0","0","D"
"79417","09-03-25 23:15","Argentina","Liga Profesional","2025","River Plate","Atl. Tucuman","Leandro Rey Hilfer","1","0","H"
"79418","09-03-25 21:00","Argentina","Liga Profesional","2025","Aldosivi","Tigre","Fernando Espinoza","0","2","A"
"79419","09-03-25 21:00","Argentina","Liga Profesional","2025","Defensa y Justicia","Estudiantes L.P.","Pablo Echavarria","1","0","H"
"79420","09-03-25 01:30","Argentina","Liga Profesional","2025","Platense","Lanus","Ariel Penel","0","0","D"
"79421","09-03-25 01:30","Argentina","Liga Profesional","2025","Sarmiento Junin","Barracas Central","Andres Merlos","1","1","D"
"79422","08-03-25 23:15","Argentina","Liga Profesional","2025","Racing Club","Huracan","Sebastian Nicolas Martinez","0","1","A"
"79423","08-03-25 21:00","Argentina","Liga Profesional","2025","San Lorenzo","Independiente","Nazareno Arasa","1","2","A"
"79424","08-03-25 01:15","Argentina","Liga Profesional","2025","Central Cordoba","Boca Juniors","Yael Falcon Perez","0","3","A"
"79425","07-03-25 23:00","Argentina","Liga Profesional","2025","Banfield","Argentinos Jrs","Hernan Mastrangelo","1","2","A"
"79426","07-03-25 23:00","Argentina","Liga Profesional","2025","Velez Sarsfield","San Martin S.J.","Nicolas Lamolina","1","0","H"
"79427","05-03-25 00:00","Argentina","Liga Profesional","2025","Platense","Defensa y Justicia","Nicolas Lamolina","0","1","A"
"79428","04-03-25 23:30","Argentina","Liga Profesional","2025","Banfield","Independiente","Silvio Trucco","0","0","D"
"79429","04-03-25 01:00","Argentina","Liga Profesional","2025","Atl. Tucuman","Newells Old Boys","Andres Merlos","1","2","A"
"79430","03-03-25 23:00","Argentina","Liga Profesional","2025","San Lorenzo","Racing Club","Facundo Raul Tello Figueroa","3","2","H"
"79431","03-03-25 21:00","Argentina","Liga Profesional","2025","Barracas Central","Godoy Cruz","Fernando Echenique","1","2","A"
"79432","02-03-25 23:15","Argentina","Liga Profesional","2025","Velez Sarsfield","Huracan","Nazareno Arasa","0","2","A"
"79433","02-03-25 21:00","Argentina","Liga Profesional","2025","Argentinos Jrs","Instituto","Luis Lobo Medina","2","0","H"
"79434","02-03-25 21:00","Argentina","Liga Profesional","2025","Ind. Rivadavia","Lanus","Leandro Rey Hilfer","1","1","D"
"79435","02-03-25 01:30","Argentina","Liga Profesional","2025","Talleres Cordoba","Tigre","Sebastian Nicolas Martinez","1","2","A"
"79436","02-03-25 01:30","Argentina","Liga Profesional","2025","Union de Santa Fe","Gimnasia L.P.","Pablo Echavarria","1","0","H"
"79437","01-03-25 23:15","Argentina","Liga Profesional","2025","River Plate","Estudiantes L.P.","Yael Falcon Perez","0","2","A"
"79438","01-03-25 21:00","Argentina","Liga Profesional","2025","Aldosivi","Sarmiento Junin","Carlos Andres Gariano","2","2","D"
"79439","01-03-25 02:15","Argentina","Liga Profesional","2025","Central Cordoba","Dep. Riestra","Brian Ferreyra","0","0","D"
"79440","01-03-25 02:15","Argentina","Liga Profesional","2025","San Martin S.J.","Belgrano","Ariel Penel","3","1","H"
"79441","01-03-25 00:00","Argentina","Liga Profesional","2025","Boca Juniors","Rosario Central","Hernan Mastrangelo","1","0","H"
"79442","25-02-25 01:00","Argentina","Liga Profesional","2025","Tigre","Banfield","Nazareno Arasa","1","0","H"
"79443","24-02-25 23:00","Argentina","Liga Profesional","2025","Argentinos Jrs","Ind. Rivadavia","Nicolas Ramirez","0","0","D"
"79444","24-02-25 21:00","Argentina","Liga Profesional","2025","Barracas Central","Newells Old Boys","Pablo Echavarria","2","0","H"
"79445","24-02-25 01:00","Argentina","Liga Profesional","2025","Atl. Tucuman","Gimnasia L.P.","Daniel Zamora","0","1","A"
"79446","24-02-25 01:00","Argentina","Liga Profesional","2025","Belgrano","Defensa y Justicia","Fernando Espinoza","2","0","H"
"79447","23-02-25 22:00","Argentina","Liga Profesional","2025","Huracan","San Lorenzo","Dario Herrera","2","0","H"
"79448","23-02-25 01:45","Argentina","Liga Profesional","2025","Rosario Central","Sarmiento Junin","Luis Lobo Medina","1","0","H"
"79449","23-02-25 01:30","Argentina","Liga Profesional","2025","San Martin S.J.","River Plate","Carlos Andres Gariano","0","2","A"
"79450","22-02-25 23:30","Argentina","Liga Profesional","2025","Boca Juniors","Aldosivi","Leandro Rey Hilfer","2","1","H"
"79451","22-02-25 22:00","Argentina","Liga Profesional","2025","Independiente","Instituto","Yael Falcon Perez","2","0","H"
"79452","22-02-25 01:30","Argentina","Liga Profesional","2025","Lanus","Velez Sarsfield","Sebastian Nicolas Martinez","0","0","D"
"79453","21-02-25 23:15","Argentina","Liga Profesional","2025","Estudiantes L.P.","Central Cordoba","Andres Merlos","3","2","H"
"79454","21-02-25 23:15","Argentina","Liga Profesional","2025","Godoy Cruz","Platense","Pablo Dovalo","1","1","D"
"79455","21-02-25 21:00","Argentina","Liga Profesional","2025","Dep. Riestra","Talleres Cordoba","Fernando Echenique","0","0","D"
"79456","18-02-25 01:30","Argentina","Liga Profesional","2025","Instituto","San Lorenzo","Brian Ferreyra","0","1","A"
"79457","18-02-25 01:30","Argentina","Liga Profesional","2025","Velez Sarsfield","Godoy Cruz","Ariel Penel","0","2","A"
"79458","17-02-25 23:15","Argentina","Liga Profesional","2025","Platense","Independiente","Juan Pafundi","1","1","D"
"79459","17-02-25 21:00","Argentina","Liga Profesional","2025","Gimnasia L.P.","San Martin S.J.","Yael Falcon Perez","1","0","H"
"79460","17-02-25 21:00","Argentina","Liga Profesional","2025","Sarmiento Junin","Dep. Riestra","Silvio Trucco","2","1","H"
"79461","17-02-25 01:30","Argentina","Liga Profesional","2025","Huracan","Union de Santa Fe","Leandro Rey Hilfer","1","0","H"
"79462","17-02-25 01:30","Argentina","Liga Profesional","2025","Talleres Cordoba","Atl. Tucuman","Carlos Andres Gariano","1","1","D"
"79463","16-02-25 23:15","Argentina","Liga Profesional","2025","River Plate","Lanus","Facundo Raul Tello Figueroa","1","0","H"
"79464","16-02-25 21:00","Argentina","Liga Profesional","2025","Newells Old Boys","Rosario Central","Fernando Echenique","1","2","A"
"79465","16-02-25 01:30","Argentina","Liga Profesional","2025","Racing Club","Argentinos Jrs","Hernan Mastrangelo","2","3","A"
"79466","15-02-25 23:15","Argentina","Liga Profesional","2025","Central Cordoba","Belgrano","Nazareno Arasa","4","0","H"
"79467","15-02-25 23:15","Argentina","Liga Profesional","2025","Ind. Rivadavia","Tigre","Pablo Echavarria","1","4","A"
"79468","15-02-25 21:00","Argentina","Liga Profesional","2025","Aldosivi","Estudiantes L.P.","Sebastian Nicolas Martinez","2","2","D"
"79469","15-02-25 21:00","Argentina","Liga Profesional","2025","Defensa y Justicia","Barracas Central","Dario Herrera","1","1","D"
"79470","15-02-25 00:00","Argentina","Liga Profesional","2025","Banfield","Boca Juniors","Pablo Dovalo","0","1","A"
"79471","14-02-25 02:15","Argentina","Liga Profesional","2025","Atl. Tucuman","Sarmiento Junin","Sebastian Nicolas Martinez","5","0","H"
"79472","14-02-25 02:15","Argentina","Liga Profesional","2025","Union de Santa Fe","Instituto","Andres Merlos","0","0","D"
"79473","14-02-25 00:00","Argentina","Liga Profesional","2025","San Lorenzo","Platense","Nazareno Arasa","2","1","H"
"79474","14-02-25 00:00","Argentina","Liga Profesional","2025","San Martin S.J.","Talleres Cordoba","Fernando Espinoza","0","1","A"
"79475","13-02-25 21:45","Argentina","Liga Profesional","2025","Lanus","Gimnasia L.P.","Carlos Andres Gariano","0","0","D"
"79476","13-02-25 02:15","Argentina","Liga Profesional","2025","Godoy Cruz","River Plate","Pablo Echavarria","0","0","D"
"79477","13-02-25 00:00","Argentina","Liga Profesional","2025","Argentinos Jrs","Huracan","Yael Falcon Perez","1","1","D"
"79478","13-02-25 00:00","Argentina","Liga Profesional","2025","Independiente","Velez Sarsfield","Dario Herrera","3","0","H"
"79479","12-02-25 21:45","Argentina","Liga Profesional","2025","Newells Old Boys","Defensa y Justicia","Pablo Dovalo","0","1","A"
"79480","12-02-25 21:00","Argentina","Liga Profesional","2025","Dep. Riestra","Rosario Central","Juan Pafundi","0","0","D"
"79481","12-02-25 02:15","Argentina","Liga Profesional","2025","Belgrano","Aldosivi","Luis Lobo Medina","2","0","H"
"79482","12-02-25 02:15","Argentina","Liga Profesional","2025","Tigre","Racing Club","Fernando Echenique","1","0","H"
"79483","12-02-25 00:00","Argentina","Liga Profesional","2025","Boca Juniors","Ind. Rivadavia","Facundo Raul Tello Figueroa","2","0","H"
"79484","12-02-25 00:00","Argentina","Liga Profesional","2025","Estudiantes L.P.","Banfield","Sebastian Zunino","1","0","H"
"79485","11-02-25 21:45","Argentina","Liga Profesional","2025","Barracas Central","Central Cordoba","Leandro Rey Hilfer","3","3","D"
"79486","10-02-25 01:30","Argentina","Liga Profesional","2025","Talleres Cordoba","Lanus","Nazareno Arasa","0","1","A"
"79487","09-02-25 23:15","Argentina","Liga Profesional","2025","Gimnasia L.P.","Godoy Cruz","Sebastian Nicolas Martinez","3","0","H"
"79488","09-02-25 21:00","Argentina","Liga Profesional","2025","Dep. Riestra","Defensa y Justicia","Pablo Echavarria","1","1","D"
"79489","09-02-25 21:00","Argentina","Liga Profesional","2025","Platense","Instituto","Hernan Mastrangelo","1","0","H"
"79490","09-02-25 02:15","Argentina","Liga Profesional","2025","Racing Club","Boca Juniors","Yael Falcon Perez","2","0","H"
"79491","09-02-25 00:15","Argentina","Liga Profesional","2025","River Plate","Independiente","Leandro Rey Hilfer","2","0","H"
"79492","08-02-25 23:30","Argentina","Liga Profesional","2025","Rosario Central","Atl. Tucuman","Pablo Dovalo","3","1","H"
"79493","08-02-25 22:00","Argentina","Liga Profesional","2025","Velez Sarsfield","San Lorenzo","Facundo Raul Tello Figueroa","0","0","D"
"79494","08-02-25 02:15","Argentina","Liga Profesional","2025","Ind. Rivadavia","Estudiantes L.P.","Luis Lobo Medina","2","2","D"
"79495","08-02-25 02:15","Argentina","Liga Profesional","2025","Union de Santa Fe","Argentinos Jrs","Carlos Andres Gariano","0","1","A"
"79496","08-02-25 00:00","Argentina","Liga Profesional","2025","Central Cordoba","Newells Old Boys","Fernando Espinoza","2","0","H"
"79497","08-02-25 00:00","Argentina","Liga Profesional","2025","Huracan","Tigre","Sebastian Zunino","2","0","H"
"79498","07-02-25 21:45","Argentina","Liga Profesional","2025","Banfield","Belgrano","Fernando Echenique","1","1","D"
"79499","07-02-25 00:00","Argentina","Liga Profesional","2025","Sarmiento Junin","San Martin S.J.","Dario Herrera","1","1","D"
"79500","06-02-25 21:00","Argentina","Liga Profesional","2025","Aldosivi","Barracas Central","Nicolas Lamolina","1","3","A"
"79501","05-02-25 01:00","Argentina","Liga Profesional","2025","Atl. Tucuman","Dep. Riestra","Jorge Balino","0","3","A"
"79502","04-02-25 01:30","Argentina","Liga Profesional","2025","Argentinos Jrs","Platense","Leandro Rey Hilfer","1","0","H"
"79503","04-02-25 01:30","Argentina","Liga Profesional","2025","Belgrano","Ind. Rivadavia","Carlos Andres Gariano","0","3","A"
"79504","03-02-25 23:15","Argentina","Liga Profesional","2025","Estudiantes L.P.","Racing Club","Facundo Raul Tello Figueroa","2","0","H"
"79505","03-02-25 23:15","Argentina","Liga Profesional","2025","Tigre","Union de Santa Fe","Juan Pafundi","1","0","H"
"79506","03-02-25 21:00","Argentina","Liga Profesional","2025","Defensa y Justicia","Central Cordoba","Sebastian Zunino","2","1","H"
"79507","03-02-25 01:30","Argentina","Liga Profesional","2025","Independiente","Gimnasia L.P.","Pablo Echavarria","2","0","H"
"79508","03-02-25 01:30","Argentina","Liga Profesional","2025","Instituto","Velez Sarsfield","Fernando Echenique","2","0","H"
"79509","02-02-25 23:15","Argentina","Liga Profesional","2025","Boca Juniors","Huracan","Silvio Trucco","2","1","H"
"79510","02-02-25 23:15","Argentina","Liga Profesional","2025","Newells Old Boys","Aldosivi","Andres Merlos","1","0","H"
"79511","02-02-25 21:00","Argentina","Liga Profesional","2025","San Lorenzo","River Plate","Dario Herrera","0","0","D"
"79512","02-02-25 01:00","Argentina","Liga Profesional","2025","Lanus","Sarmiento Junin","Pablo Dovalo","2","0","H"
"79513","01-02-25 23:00","Argentina","Liga Profesional","2025","San Martin S.J.","Rosario Central","Nicolas Lamolina","0","0","D"
"79514","01-02-25 21:00","Argentina","Liga Profesional","2025","Barracas Central","Banfield","Luis Lobo Medina","1","0","H"
"79515","31-01-25 01:30","Argentina","Liga Profesional","2025","Argentinos Jrs","Tigre","Pablo Dovalo","1","0","H"
"79516","31-01-25 01:30","Argentina","Liga Profesional","2025","Central Cordoba","Atl. Tucuman","Dario Herrera","2","0","H"
"79517","30-01-25 23:15","Argentina","Liga Profesional","2025","Racing Club","Belgrano","Sebastian Zunino","4","0","H"
"79518","30-01-25 21:00","Argentina","Liga Profesional","2025","Aldosivi","Defensa y Justicia","Fernando Espinoza","0","5","A"
"79519","30-01-25 01:30","Argentina","Liga Profesional","2025","River Plate","Instituto","Yael Falcon Perez","1","0","H"
"79520","29-01-25 23:15","Argentina","Liga Profesional","2025","Huracan","Estudiantes L.P.","Fernando Echenique","0","0","D"
"79521","29-01-25 23:15","Argentina","Liga Profesional","2025","Union de Santa Fe","Boca Juniors","Pablo Echavarria","1","1","D"
"79522","29-01-25 21:00","Argentina","Liga Profesional","2025","Gimnasia L.P.","San Lorenzo","Leandro Rey Hilfer","0","2","A"
"79523","29-01-25 21:00","Argentina","Liga Profesional","2025","Talleres Cordoba","Independiente","Facundo Raul Tello Figueroa","2","3","A"
"79524","29-01-25 01:30","Argentina","Liga Profesional","2025","Ind. Rivadavia","Barracas Central","Ariel Penel","0","0","D"
"79525","29-01-25 01:30","Argentina","Liga Profesional","2025","Velez Sarsfield","Platense","Andres Merlos","0","1","A"
"79526","28-01-25 23:15","Argentina","Liga Profesional","2025","Rosario Central","Lanus","Luis Lobo Medina","2","1","H"
"79527","28-01-25 23:15","Argentina","Liga Profesional","2025","Sarmiento Junin","Godoy Cruz","Carlos Andres Gariano","0","0","D"
"79528","28-01-25 21:00","Argentina","Liga Profesional","2025","Dep. Riestra","San Martin S.J.","Hernan Mastrangelo","0","0","D"
"79529","28-01-25 00:00","Argentina","Liga Profesional","2025","Banfield","Newells Old Boys","Sebastian Nicolas Martinez","3","0","H"
"79530","27-01-25 01:00","Argentina","Liga Profesional","2025","Central Cordoba","Aldosivi","Jorge Balino","1","0","H"
"79531","26-01-25 23:00","Argentina","Liga Profesional","2025","Boca Juniors","Argentinos Jrs","Hernan Mastrangelo","0","0","D"
"79532","26-01-25 01:30","Argentina","Liga Profesional","2025","Platense","River Plate","Ariel Penel","1","1","D"
"79533","25-01-25 23:15","Argentina","Liga Profesional","2025","Estudiantes L.P.","Union de Santa Fe","Daniel Zamora","3","1","H"
"79534","25-01-25 23:15","Argentina","Liga Profesional","2025","Instituto","Gimnasia L.P.","Pablo Gimenez","3","0","H"
"79535","25-01-25 21:00","Argentina","Liga Profesional","2025","San Lorenzo","Talleres Cordoba","Juan Pafundi","1","0","H"
"79536","25-01-25 01:30","Argentina","Liga Profesional","2025","San Martin S.J.","Atl. Tucuman","Brian Ferreyra","0","1","A"
"79537","25-01-25 01:00","Argentina","Liga Profesional","2025","Belgrano","Huracan","Luis Lobo Medina","1","1","D"
"79538","24-01-25 23:15","Argentina","Liga Profesional","2025","Independiente","Sarmiento Junin","Sebastian Nicolas Martinez","2","1","H"
"79539","24-01-25 21:00","Argentina","Liga Profesional","2025","Barracas Central","Racing Club","Fernando Echenique","1","3","A"
"79540","24-01-25 01:30","Argentina","Liga Profesional","2025","Defensa y Justicia","Banfield","Pablo Dovalo","0","1","A"
"79541","24-01-25 01:30","Argentina","Liga Profesional","2025","Lanus","Dep. Riestra","Andres Merlos","0","2","A"
"79542","24-01-25 01:30","Argentina","Liga Profesional","2025","Newells Old Boys","Ind. Rivadavia","Silvio Trucco","0","1","A"
"79543","23-01-25 23:00","Argentina","Liga Profesional","2025","Godoy Cruz","Rosario Central","Pablo Echavarria","0","3","A"
"79544","23-01-25 23:00","Argentina","Liga Profesional","2025","Tigre","Velez Sarsfield","Carlos Andres Gariano","3","0","H"
"78631","17-12-24 01:00","Argentina","Liga Profesional","2024","Atl. Tucuman","Central Cordoba","Andres Merlos","2","0","H"
"78632","17-12-24 01:00","Argentina","Liga Profesional","2024","Ind. Rivadavia","Dep. Riestra","Juan Pafundi","0","0","D"
"78633","15-12-24 23:30","Argentina","Liga Profesional","2024","Talleres Cordoba","Newells Old Boys","Yael Falcon Perez","1","3","A"
"78634","15-12-24 23:30","Argentina","Liga Profesional","2024","Velez Sarsfield","Huracan","Facundo Raul Tello Figueroa","2","0","H"
"78635","15-12-24 21:00","Argentina","Liga Profesional","2024","Defensa y Justicia","Union de Santa Fe","Hernan Mastrangelo","0","0","D"
"78636","15-12-24 21:00","Argentina","Liga Profesional","2024","Platense","Gimnasia L.P.","Pablo Dovalo","1","0","H"
"78637","15-12-24 01:15","Argentina","Liga Profesional","2024","Racing Club","River Plate","Sebastian Zunino","1","0","H"
"78638","14-12-24 23:15","Argentina","Liga Profesional","2024","Boca Juniors","Independiente","Nazareno Arasa","0","0","D"
"78639","14-12-24 21:00","Argentina","Liga Profesional","2024","Instituto","Godoy Cruz","Brian Ferreyra","1","3","A"
"78640","14-12-24 21:00","Argentina","Liga Profesional","2024","Rosario Central","Belgrano","Fernando Espinoza","2","1","H"
"78641","14-12-24 01:15","Argentina","Liga Profesional","2024","Banfield","Sarmiento Junin","Daniel Zamora","1","1","D"
"78642","14-12-24 01:15","Argentina","Liga Profesional","2024","San Lorenzo","Tigre","Luis Lobo Medina","0","1","A"
"78643","13-12-24 23:00","Argentina","Liga Profesional","2024","Barracas Central","Lanus","Nicolas Lamolina","3","3","D"
"78644","13-12-24 23:00","Argentina","Liga Profesional","2024","Estudiantes L.P.","Argentinos Jrs","Pablo Echavarria","2","2","D"
"78645","10-12-24 01:30","Argentina","Liga Profesional","2024","Huracan","Platense","Ariel Penel","1","0","H"
"78646","10-12-24 01:30","Argentina","Liga Profesional","2024","Independiente","Atl. Tucuman","Fernando Espinoza","2","1","H"
"78647","09-12-24 23:15","Argentina","Liga Profesional","2024","Argentinos Jrs","San Lorenzo","Nazareno Arasa","1","0","H"
"78648","09-12-24 23:15","Argentina","Liga Profesional","2024","Belgrano","Estudiantes L.P.","Sebastian Nicolas Martinez","2","2","D"
"78649","09-12-24 21:00","Argentina","Liga Profesional","2024","Tigre","Ind. Rivadavia","Brian Ferreyra","0","2","A"
"78650","09-12-24 01:00","Argentina","Liga Profesional","2024","Newells Old Boys","Boca Juniors","Leandro Rey Hilfer","0","1","A"
"78651","08-12-24 23:15","Argentina","Liga Profesional","2024","River Plate","Rosario Central","Yael Falcon Perez","4","0","H"
"78652","08-12-24 21:00","Argentina","Liga Profesional","2024","Gimnasia L.P.","Talleres Cordoba","Hernan Mastrangelo","0","1","A"
"78653","08-12-24 21:00","Argentina","Liga Profesional","2024","Godoy Cruz","Banfield","Luis Lobo Medina","4","0","H"
"78654","08-12-24 01:15","Argentina","Liga Profesional","2024","Central Cordoba","Racing Club","Carlos Andres Gariano","3","1","H"
"78655","07-12-24 23:00","Argentina","Liga Profesional","2024","Union de Santa Fe","Velez Sarsfield","Dario Herrera","1","0","H"
"78656","07-12-24 21:00","Argentina","Liga Profesional","2024","Lanus","Instituto","Sebastian Zunino","2","0","H"
"78657","07-12-24 00:00","Argentina","Liga Profesional","2024","Sarmiento Junin","Defensa y Justicia","Andres Merlos","1","1","D"
"78658","06-12-24 21:00","Argentina","Liga Profesional","2024","Dep. Riestra","Barracas Central","Fernando Echenique","0","0","D"
"78659","05-12-24 01:00","Argentina","Liga Profesional","2024","River Plate","San Lorenzo","Carlos Andres Gariano","1","1","D"
"78660","04-12-24 23:00","Argentina","Liga Profesional","2024","Racing Club","Estudiantes L.P.","Yael Falcon Perez","4","5","A"
"78661","03-12-24 02:00","Argentina","Liga Profesional","2024","Atl. Tucuman","Newells Old Boys","Pablo Echavarria","0","0","D"
"78662","03-12-24 01:30","Argentina","Liga Profesional","2024","Ind. Rivadavia","Argentinos Jrs","Nicolas Lamolina","2","1","H"
"78663","02-12-24 23:45","Argentina","Liga Profesional","2024","Talleres Cordoba","Huracan","Dario Herrera","1","0","H"
"78664","02-12-24 23:15","Argentina","Liga Profesional","2024","Platense","Union de Santa Fe","Fernando Espinoza","1","0","H"
"78665","02-12-24 21:00","Argentina","Liga Profesional","2024","Barracas Central","Tigre","Leandro Rey Hilfer","0","0","D"
"78666","02-12-24 01:45","Argentina","Liga Profesional","2024","Boca Juniors","Gimnasia L.P.","Yael Falcon Perez","1","0","H"
"78667","01-12-24 23:15","Argentina","Liga Profesional","2024","Velez Sarsfield","Sarmiento Junin","Silvio Trucco","1","0","H"
"78668","01-12-24 21:00","Argentina","Liga Profesional","2024","Independiente","Central Cordoba","Silvio Trucco","2","0","H"
"78669","01-12-24 01:45","Argentina","Liga Profesional","2024","Defensa y Justicia","Godoy Cruz","Carlos Andres Gariano","2","1","H"
"78670","01-12-24 01:45","Argentina","Liga Profesional","2024","Instituto","Dep. Riestra","Jorge Balino","2","1","H"
"78671","30-11-24 23:30","Argentina","Liga Profesional","2024","Banfield","Lanus","Nazareno Arasa","0","1","A"
"78672","30-11-24 23:30","Argentina","Liga Profesional","2024","Rosario Central","Racing Club","Pablo Dovalo","0","2","A"
"78673","30-11-24 01:00","Argentina","Liga Profesional","2024","Estudiantes L.P.","River Plate","Ariel Penel","1","2","A"
"78674","29-11-24 23:00","Argentina","Liga Profesional","2024","San Lorenzo","Belgrano","Sebastian Zunino","0","2","A"
"78675","27-11-24 01:15","Argentina","Liga Profesional","2024","Sarmiento Junin","Platense","Luis Lobo Medina","1","0","H"
"78676","27-11-24 01:15","Argentina","Liga Profesional","2024","Union de Santa Fe","Talleres Cordoba","Carlos Andres Gariano","2","3","A"
"78677","26-11-24 23:00","Argentina","Liga Profesional","2024","Newells Old Boys","Independiente","Andres Merlos","2","1","H"
"78678","26-11-24 01:15","Argentina","Liga Profesional","2024","Argentinos Jrs","Barracas Central","Dario Herrera","0","1","A"
"78679","26-11-24 01:15","Argentina","Liga Profesional","2024","Belgrano","Ind. Rivadavia","Silvio Trucco","0","2","A"
"78680","25-11-24 23:00","Argentina","Liga Profesional","2024","Central Cordoba","Rosario Central","Leandro Rey Hilfer","0","1","A"
"78681","25-11-24 01:30","Argentina","Liga Profesional","2024","Lanus","Defensa y Justicia","Nicolas Ramirez","0","0","D"
"78682","24-11-24 23:15","Argentina","Liga Profesional","2024","Godoy Cruz","Velez Sarsfield","Sebastian Zunino","0","0","D"
"78683","24-11-24 21:00","Argentina","Liga Profesional","2024","Dep. Riestra","Banfield","Pablo Echavarria","1","1","D"
"78684","24-11-24 21:00","Argentina","Liga Profesional","2024","Gimnasia L.P.","Atl. Tucuman","Juan Pafundi","1","0","H"
"78685","24-11-24 01:45","Argentina","Liga Profesional","2024","Huracan","Boca Juniors","Hernan Mastrangelo","0","0","D"
"78686","23-11-24 23:30","Argentina","Liga Profesional","2024","Tigre","Instituto","Pablo Dovalo","0","0","D"
"78687","22-11-24 01:30","Argentina","Liga Profesional","2024","Ind. Rivadavia","River Plate","Nazareno Arasa","2","1","H"
"78688","21-11-24 23:15","Argentina","Liga Profesional","2024","Independiente","Gimnasia L.P.","Hernan Mastrangelo","1","0","H"
"78689","21-11-24 23:15","Argentina","Liga Profesional","2024","Talleres Cordoba","Sarmiento Junin","Brian Ferreyra","2","0","H"
"78690","21-11-24 21:00","Argentina","Liga Profesional","2024","Barracas Central","Belgrano","Ariel Penel","1","1","D"
"78691","21-11-24 01:30","Argentina","Liga Profesional","2024","Boca Juniors","Union de Santa Fe","Nicolas Ramirez","1","0","H"
"78692","20-11-24 23:15","Argentina","Liga Profesional","2024","Estudiantes L.P.","Rosario Central","Dario Herrera","1","1","D"
"78693","20-11-24 23:15","Argentina","Liga Profesional","2024","Velez Sarsfield","Lanus","Fernando Echenique","0","0","D"
"78694","20-11-24 21:00","Argentina","Liga Profesional","2024","Newells Old Boys","Central Cordoba","Jorge Balino","2","3","A"
"78695","19-11-24 01:30","Argentina","Liga Profesional","2024","Atl. Tucuman","Huracan","Andres Merlos","4","2","H"
"78696","19-11-24 01:30","Argentina","Liga Profesional","2024","Instituto","Argentinos Jrs","Luis Lobo Medina","1","0","H"
"78697","18-11-24 23:15","Argentina","Liga Profesional","2024","Defensa y Justicia","Dep. Riestra","Nicolas Lamolina","1","1","D"
"78698","18-11-24 23:15","Argentina","Liga Profesional","2024","Platense","Godoy Cruz","Sebastian Nicolas Martinez","1","0","H"
"78699","18-11-24 21:00","Argentina","Liga Profesional","2024","Banfield","Tigre","Fernando Espinoza","0","1","A"
"78700","17-11-24 21:30","Argentina","Liga Profesional","2024","San Lorenzo","Racing Club","Yael Falcon Perez","1","2","A"
"78701","12-11-24 01:00","Argentina","Liga Profesional","2024","Argentinos Jrs","Banfield","Nicolas Ramirez","1","0","H"
"78702","12-11-24 01:00","Argentina","Liga Profesional","2024","Belgrano","Instituto","Yael Falcon Perez","3","1","H"
"78703","11-11-24 22:45","Argentina","Liga Profesional","2024","Lanus","Platense","Silvio Trucco","0","0","D"
"78704","11-11-24 22:45","Argentina","Liga Profesional","2024","Tigre","Defensa y Justicia","Hernan Mastrangelo","0","4","A"
"78705","11-11-24 20:00","Argentina","Liga Profesional","2024","Dep. Riestra","Velez Sarsfield","Luis Lobo Medina","1","1","D"
"78706","11-11-24 01:30","Argentina","Liga Profesional","2024","Sarmiento Junin","Boca Juniors","Leandro Rey Hilfer","0","2","A"
"78707","10-11-24 23:30","Argentina","Liga Profesional","2024","Racing Club","Ind. Rivadavia","Jorge Balino","2","1","H"
"78708","10-11-24 23:15","Argentina","Liga Profesional","2024","Godoy Cruz","Talleres Cordoba","Nazareno Arasa","0","1","A"
"78709","10-11-24 21:15","Argentina","Liga Profesional","2024","River Plate","Barracas Central","Fernando Echenique","3","0","H"
"78710","10-11-24 20:00","Argentina","Liga Profesional","2024","Central Cordoba","Estudiantes L.P.","Carlos Andres Gariano","1","1","D"
"78711","10-11-24 01:00","Argentina","Liga Profesional","2024","Huracan","Independiente","Dario Herrera","1","0","H"
"78712","09-11-24 23:00","Argentina","Liga Profesional","2024","Rosario Central","San Lorenzo","Andres Merlos","0","1","A"
"78713","09-11-24 21:00","Argentina","Liga Profesional","2024","Gimnasia L.P.","Newells Old Boys","Sebastian Zunino","1","0","H"
"78714","09-11-24 20:45","Argentina","Liga Profesional","2024","Union de Santa Fe","Atl. Tucuman","Facundo Raul Tello Figueroa","1","0","H"
"78715","08-11-24 01:15","Argentina","Liga Profesional","2024","Velez Sarsfield","Tigre","Nazareno Arasa","1","0","H"
"78716","08-11-24 01:00","Argentina","Liga Profesional","2024","Platense","Dep. Riestra","Fernando Espinoza","0","0","D"
"78717","07-11-24 23:00","Argentina","Liga Profesional","2024","Defensa y Justicia","Argentinos Jrs","Juan Pafundi","2","1","H"
"78718","07-11-24 22:45","Argentina","Liga Profesional","2024","Talleres Cordoba","Lanus","Dario Herrera","1","2","A"
"78719","07-11-24 01:30","Argentina","Liga Profesional","2024","Instituto","River Plate","Andres Merlos","2","3","A"
"78720","06-11-24 23:30","Argentina","Liga Profesional","2024","Boca Juniors","Godoy Cruz","Ariel Penel","4","1","H"
"78721","06-11-24 21:00","Argentina","Liga Profesional","2024","Banfield","Belgrano","Nicolas Lamolina","1","1","D"
"78722","06-11-24 20:00","Argentina","Liga Profesional","2024","Barracas Central","Racing Club","Pablo Dovalo","0","2","A"
"78723","06-11-24 01:00","Argentina","Liga Profesional","2024","Independiente","Union de Santa Fe","Pablo Echavarria","3","0","H"
"78724","06-11-24 01:00","Argentina","Liga Profesional","2024","Newells Old Boys","Huracan","Facundo Raul Tello Figueroa","2","4","A"
"78725","05-11-24 22:45","Argentina","Liga Profesional","2024","Gimnasia L.P.","Central Cordoba","Yael Falcon Perez","0","0","D"
"78726","05-11-24 22:45","Argentina","Liga Profesional","2024","San Lorenzo","Estudiantes L.P.","Leandro Rey Hilfer","1","1","D"
"78727","05-11-24 01:00","Argentina","Liga Profesional","2024","Ind. Rivadavia","Rosario Central","Nicolas Ramirez","1","1","D"
"78728","04-11-24 23:00","Argentina","Liga Profesional","2024","Atl. Tucuman","Sarmiento Junin","Carlos Andres Gariano","1","0","H"
"78729","03-11-24 23:30","Argentina","Liga Profesional","2024","Lanus","Boca Juniors","Facundo Raul Tello Figueroa","1","0","H"
"78730","03-11-24 21:30","Argentina","Liga Profesional","2024","Racing Club","Instituto","Dario Herrera","2","0","H"
"78731","03-11-24 21:00","Argentina","Liga Profesional","2024","Tigre","Platense","Leandro Rey Hilfer","0","0","D"
"78732","03-11-24 00:00","Argentina","Liga Profesional","2024","Belgrano","Defensa y Justicia","Fernando Espinoza","1","2","A"
"78733","02-11-24 22:00","Argentina","Liga Profesional","2024","River Plate","Banfield","Sebastian Nicolas Martinez","3","1","H"
"78734","02-11-24 19:00","Argentina","Liga Profesional","2024","Dep. Riestra","Talleres Cordoba","Hernan Mastrangelo","0","0","D"
"78735","02-11-24 02:00","Argentina","Liga Profesional","2024","Argentinos Jrs","Velez Sarsfield","Sebastian Zunino","1","1","D"
"78736","02-11-24 01:15","Argentina","Liga Profesional","2024","Union de Santa Fe","Newells Old Boys","Silvio Trucco","2","0","H"
"78737","01-11-24 23:45","Argentina","Liga Profesional","2024","Huracan","Gimnasia L.P.","Fernando Echenique","0","0","D"
"78738","01-11-24 23:00","Argentina","Liga Profesional","2024","Central Cordoba","San Lorenzo","Pablo Echavarria","0","1","A"
"78739","01-11-24 01:15","Argentina","Liga Profesional","2024","Godoy Cruz","Atl. Tucuman","Brian Ferreyra","1","1","D"
"78740","01-11-24 01:15","Argentina","Liga Profesional","2024","Rosario Central","Barracas Central","Nicolas Lamolina","0","1","A"
"78741","31-10-24 23:00","Argentina","Liga Profesional","2024","Estudiantes L.P.","Ind. Rivadavia","Pablo Gimenez","1","1","D"
"78742","31-10-24 23:00","Argentina","Liga Profesional","2024","Sarmiento Junin","Independiente","Nazareno Arasa","0","0","D"
"78743","29-10-24 01:00","Argentina","Liga Profesional","2024","Huracan","Central Cordoba","Nazareno Arasa","0","0","D"
"78744","28-10-24 23:00","Argentina","Liga Profesional","2024","Gimnasia L.P.","Union de Santa Fe","Fernando Espinoza","2","3","A"
"78745","28-10-24 01:15","Argentina","Liga Profesional","2024","Atl. Tucuman","Lanus","Pablo Echavarria","1","0","H"
"78746","28-10-24 01:15","Argentina","Liga Profesional","2024","Talleres Cordoba","Tigre","Jorge Balino","1","1","D"
"78747","27-10-24 23:00","Argentina","Liga Profesional","2024","Boca Juniors","Dep. Riestra","Yael Falcon Perez","1","1","D"
"78748","27-10-24 21:15","Argentina","Liga Profesional","2024","Banfield","Racing Club","Sebastian Zunino","2","1","H"
"78749","27-10-24 19:00","Argentina","Liga Profesional","2024","Platense","Argentinos Jrs","Dario Herrera","2","1","H"
"78750","27-10-24 02:45","Argentina","Liga Profesional","2024","Ind. Rivadavia","San Lorenzo","Facundo Raul Tello Figueroa","1","0","H"
"78751","27-10-24 02:00","Argentina","Liga Profesional","2024","Velez Sarsfield","Belgrano","Fernando Echenique","1","1","D"
"78752","27-10-24 00:30","Argentina","Liga Profesional","2024","Independiente","Godoy Cruz","Leandro Rey Hilfer","1","1","D"
"78753","26-10-24 22:15","Argentina","Liga Profesional","2024","Instituto","Rosario Central","Luis Lobo Medina","0","0","D"
"78754","26-10-24 22:15","Argentina","Liga Profesional","2024","Newells Old Boys","Sarmiento Junin","Nicolas Lamolina","1","1","D"
"78755","26-10-24 02:00","Argentina","Liga Profesional","2024","Defensa y Justicia","River Plate","Nicolas Ramirez","0","0","D"
"78756","25-10-24 20:00","Argentina","Liga Profesional","2024","Barracas Central","Estudiantes L.P.","Ariel Penel","1","1","D"
"78757","21-10-24 00:30","Argentina","Liga Profesional","2024","Godoy Cruz","Newells Old Boys","Juan Pafundi","2","0","H"
"78758","21-10-24 00:30","Argentina","Liga Profesional","2024","San Lorenzo","Barracas Central","Luis Lobo Medina","1","0","H"
"78759","20-10-24 22:15","Argentina","Liga Profesional","2024","Estudiantes L.P.","Instituto","Hernan Mastrangelo","3","2","H"
"78760","20-10-24 22:15","Argentina","Liga Profesional","2024","Rosario Central","Banfield","Pablo Echavarria","1","1","D"
"78761","20-10-24 20:00","Argentina","Liga Profesional","2024","Argentinos Jrs","Talleres Cordoba","Silvio Trucco","3","0","H"
"78762","20-10-24 02:15","Argentina","Liga Profesional","2024","Union de Santa Fe","Huracan","Nicolas Ramirez","0","1","A"
"78763","20-10-24 00:15","Argentina","Liga Profesional","2024","Tigre","Boca Juniors","Fernando Echenique","3","0","H"
"78764","19-10-24 22:00","Argentina","Liga Profesional","2024","Belgrano","Platense","Jorge Balino","0","1","A"
"78765","19-10-24 22:00","Argentina","Liga Profesional","2024","Racing Club","Defensa y Justicia","Pablo Dovalo","4","3","H"
"78766","19-10-24 02:00","Argentina","Liga Profesional","2024","River Plate","Velez Sarsfield","Yael Falcon Perez","1","1","D"
"78767","19-10-24 00:15","Argentina","Liga Profesional","2024","Lanus","Independiente","Andres Merlos","0","2","A"
"78768","18-10-24 23:45","Argentina","Liga Profesional","2024","Central Cordoba","Ind. Rivadavia","Carlos Andres Gariano","2","0","H"
"78769","18-10-24 22:00","Argentina","Liga Profesional","2024","Sarmiento Junin","Gimnasia L.P.","Leandro Rey Hilfer","1","1","D"
"78770","18-10-24 20:00","Argentina","Liga Profesional","2024","Dep. Riestra","Atl. Tucuman","Sebastian Zunino","2","0","H"
"78771","12-10-24 20:30","Argentina","Liga Profesional","2024","Godoy Cruz","San Lorenzo","Nazareno Arasa","1","1","D"
"78772","08-10-24 02:00","Argentina","Liga Profesional","2024","Atl. Tucuman","Tigre","Silvio Trucco","1","2","A"
"78773","07-10-24 23:45","Argentina","Liga Profesional","2024","Defensa y Justicia","Rosario Central","Nicolas Lamolina","2","1","H"
"78774","07-10-24 23:00","Argentina","Liga Profesional","2024","Banfield","Estudiantes L.P.","Jorge Balino","1","2","A"
"78775","07-10-24 20:00","Argentina","Liga Profesional","2024","Barracas Central","Ind. Rivadavia","Fernando Echenique","1","1","D"
"78776","07-10-24 02:00","Argentina","Liga Profesional","2024","Boca Juniors","Argentinos Jrs","Leandro Rey Hilfer","1","0","H"
"78777","07-10-24 00:00","Argentina","Liga Profesional","2024","Platense","River Plate","Pablo Dovalo","0","0","D"
"78778","06-10-24 21:30","Argentina","Liga Profesional","2024","Talleres Cordoba","Belgrano","Nicolas Ramirez","0","0","D"
"78779","06-10-24 20:00","Argentina","Liga Profesional","2024","Independiente","Dep. Riestra","Carlos Andres Gariano","3","1","H"
"78780","06-10-24 01:00","Argentina","Liga Profesional","2024","Instituto","San Lorenzo","Andres Merlos","2","0","H"
"78781","05-10-24 22:30","Argentina","Liga Profesional","2024","Gimnasia L.P.","Godoy Cruz","Sebastian Zunino","0","1","A"
"78782","05-10-24 22:30","Argentina","Liga Profesional","2024","Newells Old Boys","Lanus","Fernando Espinoza","2","1","H"
"78783","05-10-24 20:00","Argentina","Liga Profesional","2024","Velez Sarsfield","Racing Club","Pablo Echavarria","1","0","H"
"78784","05-10-24 02:00","Argentina","Liga Profesional","2024","Huracan","Sarmiento Junin","Facundo Raul Tello Figueroa","3","1","H"
"78785","05-10-24 00:00","Argentina","Liga Profesional","2024","Union de Santa Fe","Central Cordoba","Dario Herrera","0","2","A"
"78786","02-10-24 01:30","Argentina","Liga Profesional","2024","Rosario Central","Velez Sarsfield","Dario Herrera","3","0","H"
"78787","01-10-24 23:30","Argentina","Liga Profesional","2024","Tigre","Independiente","Sebastian Zunino","1","1","D"
"78788","01-10-24 02:15","Argentina","Liga Profesional","2024","Lanus","Gimnasia L.P.","Hernan Mastrangelo","0","0","D"
"78789","01-10-24 02:00","Argentina","Liga Profesional","2024","Racing Club","Platense","Fernando Espinoza","1","1","D"
"78790","01-10-24 00:00","Argentina","Liga Profesional","2024","Argentinos Jrs","Atl. Tucuman","Pablo Dovalo","0","0","D"
"78791","30-09-24 00:30","Argentina","Liga Profesional","2024","Sarmiento Junin","Union de Santa Fe","Andres Merlos","1","0","H"
"78792","29-09-24 23:15","Argentina","Liga Profesional","2024","River Plate","Talleres Cordoba","Facundo Raul Tello Figueroa","0","1","A"
"78793","29-09-24 19:30","Argentina","Liga Profesional","2024","Central Cordoba","Barracas Central","Nicolas Ramirez","2","1","H"
"78794","29-09-24 01:00","Argentina","Liga Profesional","2024","Belgrano","Boca Juniors","Nazareno Arasa","2","0","H"
"78795","28-09-24 22:30","Argentina","Liga Profesional","2024","Estudiantes L.P.","Defensa y Justicia","Yael Falcon Perez","1","0","H"
"78796","28-09-24 22:30","Argentina","Liga Profesional","2024","Godoy Cruz","Huracan","Pablo Echavarria","1","1","D"
"78797","28-09-24 20:00","Argentina","Liga Profesional","2024","San Lorenzo","Banfield","Sebastian Nicolas Martinez","2","1","H"
"78798","28-09-24 02:00","Argentina","Liga Profesional","2024","Ind. Rivadavia","Instituto","Jorge Balino","1","1","D"
"78799","27-09-24 20:00","Argentina","Liga Profesional","2024","Dep. Riestra","Newells Old Boys","Leandro Rey Hilfer","3","3","D"
"78800","24-09-24 02:00","Argentina","Liga Profesional","2024","Banfield","Ind. Rivadavia","Yael Falcon Perez","2","0","H"
"78801","24-09-24 02:00","Argentina","Liga Profesional","2024","Velez Sarsfield","Estudiantes L.P.","Nazareno Arasa","2","0","H"
"78802","23-09-24 23:45","Argentina","Liga Profesional","2024","Sarmiento Junin","Central Cordoba","Pablo Echavarria","1","3","A"
"78803","23-09-24 00:30","Argentina","Liga Profesional","2024","Atl. Tucuman","Belgrano","Dario Herrera","2","4","A"
"78804","23-09-24 00:30","Argentina","Liga Profesional","2024","Platense","Rosario Central","Andres Merlos","1","0","H"
"78805","22-09-24 22:00","Argentina","Liga Profesional","2024","Talleres Cordoba","Racing Club","Fernando Rapallini","2","0","H"
"78806","22-09-24 19:30","Argentina","Liga Profesional","2024","Huracan","Lanus","Ariel Penel","3","0","H"
"78807","22-09-24 19:30","Argentina","Liga Profesional","2024","Independiente","Argentinos Jrs","Facundo Raul Tello Figueroa","0","0","D"
"78808","22-09-24 02:15","Argentina","Liga Profesional","2024","Defensa y Justicia","San Lorenzo","Hernan Mastrangelo","0","0","D"
"78809","22-09-24 00:00","Argentina","Liga Profesional","2024","Instituto","Barracas Central","Nicolas Lamolina","0","1","A"
"78810","22-09-24 00:00","Argentina","Liga Profesional","2024","Newells Old Boys","Tigre","Luis Lobo Medina","1","0","H"
"78811","21-09-24 21:00","Argentina","Liga Profesional","2024","Boca Juniors","River Plate","Nicolas Ramirez","0","1","A"
"78812","21-09-24 01:00","Argentina","Liga Profesional","2024","Union de Santa Fe","Godoy Cruz","Carlos Andres Gariano","3","1","H"
"78813","20-09-24 22:30","Argentina","Liga Profesional","2024","Gimnasia L.P.","Dep. Riestra","Juan Pafundi","0","0","D"
"78814","17-09-24 02:00","Argentina","Liga Profesional","2024","Ind. Rivadavia","Defensa y Justicia","Nazareno Arasa","1","0","H"
"78815","16-09-24 20:00","Argentina","Liga Profesional","2024","Barracas Central","Banfield","Leandro Rey Hilfer","0","1","A"
"78816","16-09-24 01:00","Argentina","Liga Profesional","2024","Argentinos Jrs","Newells Old Boys","Fernando Rapallini","3","0","H"
"78817","15-09-24 22:30","Argentina","Liga Profesional","2024","Rosario Central","Talleres Cordoba","Yael Falcon Perez","2","2","D"
"78818","15-09-24 20:00","Argentina","Liga Profesional","2024","Estudiantes L.P.","Platense","Nicolas Ramirez","1","1","D"
"78819","15-09-24 20:00","Argentina","Liga Profesional","2024","Godoy Cruz","Sarmiento Junin","Silvio Trucco","1","1","D"
"78820","15-09-24 01:00","Argentina","Liga Profesional","2024","Belgrano","Independiente","Nicolas Lamolina","1","1","D"
"78821","15-09-24 01:00","Argentina","Liga Profesional","2024","Tigre","Gimnasia L.P.","Andres Merlos","1","1","D"
"78822","14-09-24 22:30","Argentina","Liga Profesional","2024","Racing Club","Boca Juniors","Hernan Mastrangelo","2","1","H"
"78823","14-09-24 20:00","Argentina","Liga Profesional","2024","San Lorenzo","Velez Sarsfield","Facundo Raul Tello Figueroa","0","1","A"
"78824","14-09-24 02:00","Argentina","Liga Profesional","2024","River Plate","Atl. Tucuman","Sebastian Zunino","4","1","H"
"78825","13-09-24 23:30","Argentina","Liga Profesional","2024","Central Cordoba","Instituto","Carlos Andres Gariano","2","1","H"
"78826","13-09-24 23:30","Argentina","Liga Profesional","2024","Lanus","Union de Santa Fe","Fernando Espinoza","1","1","D"
"78827","13-09-24 20:00","Argentina","Liga Profesional","2024","Dep. Riestra","Huracan","Dario Herrera","1","0","H"
"78828","03-09-24 00:00","Argentina","Liga Profesional","2024","Godoy Cruz","Central Cordoba","Dario Herrera","1","1","D"
"78829","02-09-24 22:00","Argentina","Liga Profesional","2024","Gimnasia L.P.","Argentinos Jrs","Sebastian Nicolas Martinez","1","0","H"
"78830","02-09-24 02:00","Argentina","Liga Profesional","2024","Banfield","Instituto","Nazareno Arasa","1","2","A"
"78831","02-09-24 00:00","Argentina","Liga Profesional","2024","Atl. Tucuman","Racing Club","Fernando Echenique","1","0","H"
"78832","01-09-24 22:00","Argentina","Liga Profesional","2024","Independiente","River Plate","Yael Falcon Perez","0","0","D"
"78833","01-09-24 19:30","Argentina","Liga Profesional","2024","Huracan","Tigre","Leandro Rey Hilfer","0","2","A"
"78834","01-09-24 19:30","Argentina","Liga Profesional","2024","Platense","San Lorenzo","Ariel Penel","1","2","A"
"78835","01-09-24 02:00","Argentina","Liga Profesional","2024","Boca Juniors","Rosario Central","Jorge Balino","2","1","H"
"78836","31-08-24 23:00","Argentina","Liga Profesional","2024","Talleres Cordoba","Estudiantes L.P.","Fernando Espinoza","1","0","H"
"78837","31-08-24 23:00","Argentina","Liga Profesional","2024","Velez Sarsfield","Ind. Rivadavia","Pablo Echavarria","4","0","H"
"78838","31-08-24 20:00","Argentina","Liga Profesional","2024","Defensa y Justicia","Barracas Central","Pablo Dovalo","1","0","H"
"78839","31-08-24 20:00","Argentina","Liga Profesional","2024","Newells Old Boys","Belgrano","Andres Merlos","0","0","D"
"78840","31-08-24 02:00","Argentina","Liga Profesional","2024","Union de Santa Fe","Dep. Riestra","Nicolas Ramirez","0","0","D"
"78841","31-08-24 00:00","Argentina","Liga Profesional","2024","Sarmiento Junin","Lanus","Sebastian Zunino","0","0","D"
"78842","27-08-24 02:00","Argentina","Liga Profesional","2024","Estudiantes L.P.","Boca Juniors","Dario Herrera","1","1","D"
"78843","26-08-24 23:30","Argentina","Liga Profesional","2024","Belgrano","Gimnasia L.P.","Sebastian Zunino","0","1","A"
"78844","26-08-24 23:30","Argentina","Liga Profesional","2024","Rosario Central","Atl. Tucuman","Fernando Espinoza","1","0","H"
"78845","26-08-24 21:00","Argentina","Liga Profesional","2024","Barracas Central","Velez Sarsfield","Yael Falcon Perez","0","5","A"
"78846","26-08-24 21:00","Argentina","Liga Profesional","2024","Central Cordoba","Banfield","Silvio Trucco","0","0","D"
"78847","26-08-24 01:31","Argentina","Liga Profesional","2024","River Plate","Newells Old Boys","Leandro Rey Hilfer","0","0","D"
"78848","25-08-24 22:00","Argentina","Liga Profesional","2024","Racing Club","Independiente","Nicolas Ramirez","0","0","D"
"78849","25-08-24 19:30","Argentina","Liga Profesional","2024","Lanus","Godoy Cruz","Fernando Echenique","1","1","D"
"78850","25-08-24 19:30","Argentina","Liga Profesional","2024","San Lorenzo","Talleres Cordoba","Nazareno Arasa","2","0","H"
"78851","25-08-24 00:30","Argentina","Liga Profesional","2024","Tigre","Union de Santa Fe","Fernando Rapallini","5","1","H"
"78852","24-08-24 22:00","Argentina","Liga Profesional","2024","Instituto","Defensa y Justicia","Andres Merlos","4","1","H"
"78853","24-08-24 20:00","Argentina","Liga Profesional","2024","Argentinos Jrs","Huracan","Pablo Echavarria","0","0","D"
"78854","24-08-24 19:30","Argentina","Liga Profesional","2024","Dep. Riestra","Sarmiento Junin","Facundo Raul Tello Figueroa","2","1","H"
"78855","23-08-24 23:00","Argentina","Liga Profesional","2024","Ind. Rivadavia","Platense","Hernan Mastrangelo","0","2","A"
"78856","20-08-24 02:00","Argentina","Liga Profesional","2024","Defensa y Justicia","Banfield","Nicolas Ramirez","1","0","H"
"78857","19-08-24 23:45","Argentina","Liga Profesional","2024","Godoy Cruz","Dep. Riestra","Luis Lobo Medina","4","1","H"
"78858","19-08-24 23:45","Argentina","Liga Profesional","2024","Union de Santa Fe","Argentinos Jrs","Facundo Raul Tello Figueroa","3","0","H"
"78859","19-08-24 01:30","Argentina","Liga Profesional","2024","Huracan","Belgrano","Yael Falcon Perez","1","0","H"
"78860","18-08-24 22:00","Argentina","Liga Profesional","2024","Atl. Tucuman","Estudiantes L.P.","Andres Merlos","2","0","H"
"78861","18-08-24 22:00","Argentina","Liga Profesional","2024","Sarmiento Junin","Tigre","Fernando Espinoza","0","0","D"
"78862","18-08-24 19:30","Argentina","Liga Profesional","2024","Boca Juniors","San Lorenzo","Pablo Echavarria","3","2","H"
"78863","18-08-24 01:00","Argentina","Liga Profesional","2024","Talleres Cordoba","Ind. Rivadavia","Leandro Rey Hilfer","2","1","H"
"78864","18-08-24 01:00","Argentina","Liga Profesional","2024","Velez Sarsfield","Instituto","Fernando Echenique","1","0","H"
"78865","17-08-24 22:30","Argentina","Liga Profesional","2024","Gimnasia L.P.","River Plate","Hernan Mastrangelo","1","1","D"
"78866","17-08-24 20:30","Argentina","Liga Profesional","2024","Independiente","Rosario Central","Fernando Rapallini","1","0","H"
"78867","17-08-24 20:00","Argentina","Liga Profesional","2024","Lanus","Central Cordoba","Nazareno Arasa","1","1","D"
"78868","17-08-24 02:00","Argentina","Liga Profesional","2024","Newells Old Boys","Racing Club","Dario Herrera","0","1","A"
"78869","17-08-24 00:00","Argentina","Liga Profesional","2024","Platense","Barracas Central","Sebastian Zunino","0","0","D"
"78870","13-08-24 00:00","Argentina","Liga Profesional","2024","Tigre","Godoy Cruz","Pablo Echavarria","0","2","A"
"78871","12-08-24 01:00","Argentina","Liga Profesional","2024","Estudiantes L.P.","Independiente","Sebastian Zunino","0","2","A"
"78872","11-08-24 22:30","Argentina","Liga Profesional","2024","Banfield","Velez Sarsfield","Pablo Dovalo","2","2","D"
"78873","11-08-24 20:00","Argentina","Liga Profesional","2024","Central Cordoba","Defensa y Justicia","Fernando Espinoza","2","0","H"
"78874","11-08-24 20:00","Argentina","Liga Profesional","2024","Instituto","Platense","Jorge Balino","2","0","H"
"78875","11-08-24 01:30","Argentina","Liga Profesional","2024","River Plate","Huracan","Fernando Echenique","1","1","D"
"78876","10-08-24 23:45","Argentina","Liga Profesional","2024","Ind. Rivadavia","Boca Juniors","Facundo Raul Tello Figueroa","1","1","D"
"78877","10-08-24 21:30","Argentina","Liga Profesional","2024","Rosario Central","Newells Old Boys","Nicolas Ramirez","1","0","H"
"78878","10-08-24 19:30","Argentina","Liga Profesional","2024","San Lorenzo","Atl. Tucuman","Leandro Rey Hilfer","0","1","A"
"78879","10-08-24 02:00","Argentina","Liga Profesional","2024","Racing Club","Gimnasia L.P.","Nazareno Arasa","0","1","A"
"78880","10-08-24 00:00","Argentina","Liga Profesional","2024","Belgrano","Union de Santa Fe","Dario Herrera","1","1","D"
"78881","09-08-24 21:30","Argentina","Liga Profesional","2024","Barracas Central","Talleres Cordoba","Silvio Trucco","1","1","D"
"78882","09-08-24 20:00","Argentina","Liga Profesional","2024","Dep. Riestra","Lanus","Hernan Mastrangelo","3","1","H"
"78883","08-08-24 20:00","Argentina","Liga Profesional","2024","Argentinos Jrs","Sarmiento Junin","Nicolas Lamolina","0","0","D"
"78884","06-08-24 01:00","Argentina","Liga Profesional","2024","Platense","Banfield","Ariel Penel","0","1","A"
"78885","05-08-24 22:00","Argentina","Liga Profesional","2024","Gimnasia L.P.","Rosario Central","Sebastian Zunino","0","1","A"
"78886","05-08-24 19:30","Argentina","Liga Profesional","2024","Dep. Riestra","Central Cordoba","Leandro Rey Hilfer","1","0","H"
"78887","05-08-24 01:00","Argentina","Liga Profesional","2024","Atl. Tucuman","Ind. Rivadavia","Nazareno Arasa","2","1","H"
"78888","05-08-24 01:00","Argentina","Liga Profesional","2024","Lanus","Tigre","Pablo Dovalo","3","2","H"
"78889","04-08-24 22:30","Argentina","Liga Profesional","2024","Boca Juniors","Barracas Central","Fernando Echenique","1","1","D"
"78890","04-08-24 20:00","Argentina","Liga Profesional","2024","Sarmiento Junin","Belgrano","Nicolas Ramirez","0","0","D"
"78891","04-08-24 20:00","Argentina","Liga Profesional","2024","Union de Santa Fe","River Plate","Pablo Echavarria","0","0","D"
"78892","04-08-24 01:30","Argentina","Liga Profesional","2024","Huracan","Racing Club","Facundo Raul Tello Figueroa","0","0","D"
"78893","04-08-24 00:15","Argentina","Liga Profesional","2024","Independiente","San Lorenzo","Hernan Mastrangelo","0","0","D"
"78894","03-08-24 22:15","Argentina","Liga Profesional","2024","Talleres Cordoba","Instituto","Dario Herrera","1","1","D"
"78895","03-08-24 20:00","Argentina","Liga Profesional","2024","Godoy Cruz","Argentinos Jrs","Carlos Andres Gariano","1","0","H"
"78896","03-08-24 20:00","Argentina","Liga Profesional","2024","Velez Sarsfield","Defensa y Justicia","Nicolas Lamolina","3","0","H"
"78897","03-08-24 01:00","Argentina","Liga Profesional","2024","Newells Old Boys","Estudiantes L.P.","Fernando Espinoza","1","4","A"
"78898","01-08-24 01:30","Argentina","Liga Profesional","2024","Boca Juniors","Banfield","Fernando Espinoza","3","0","H"
"78899","31-07-24 23:30","Argentina","Liga Profesional","2024","Union de Santa Fe","Rosario Central","Facundo Raul Tello Figueroa","1","0","H"
"78900","30-07-24 02:00","Argentina","Liga Profesional","2024","Argentinos Jrs","Lanus","Leandro Rey Hilfer","2","0","H"
"78901","30-07-24 02:00","Argentina","Liga Profesional","2024","Belgrano","Godoy Cruz","Ariel Penel","1","0","H"
"78902","29-07-24 23:45","Argentina","Liga Profesional","2024","Central Cordoba","Velez Sarsfield","Dario Herrera","0","2","A"
"78903","29-07-24 23:45","Argentina","Liga Profesional","2024","Tigre","Dep. Riestra","Fernando Echenique","2","1","H"
"78904","29-07-24 21:30","Argentina","Liga Profesional","2024","Defensa y Justicia","Platense","Luis Lobo Medina","1","3","A"
"78905","29-07-24 20:00","Argentina","Liga Profesional","2024","Barracas Central","Atl. Tucuman","Andres Merlos","0","2","A"
"78906","29-07-24 01:30","Argentina","Liga Profesional","2024","Instituto","Boca Juniors","Hernan Mastrangelo","0","0","D"
"78907","28-07-24 23:30","Argentina","Liga Profesional","2024","River Plate","Sarmiento Junin","Nazareno Arasa","1","0","H"
"78908","28-07-24 22:15","Argentina","Liga Profesional","2024","Racing Club","Union de Santa Fe","Sebastian Zunino","2","1","H"
"78909","28-07-24 20:00","Argentina","Liga Profesional","2024","Banfield","Talleres Cordoba","Fernando Rapallini","1","1","D"
"78910","28-07-24 20:00","Argentina","Liga Profesional","2024","Estudiantes L.P.","Gimnasia L.P.","Facundo Raul Tello Figueroa","4","1","H"
"78911","28-07-24 00:00","Argentina","Liga Profesional","2024","Rosario Central","Huracan","Pablo Echavarria","0","1","A"
"78912","27-07-24 22:00","Argentina","Liga Profesional","2024","San Lorenzo","Newells Old Boys","Jorge Balino","1","1","D"
"78913","27-07-24 20:00","Argentina","Liga Profesional","2024","Ind. Rivadavia","Independiente","Nicolas Ramirez","1","0","H"
"78914","26-07-24 02:00","Argentina","Liga Profesional","2024","Atl. Tucuman","Instituto","Ariel Penel","1","0","H"
"78915","26-07-24 02:00","Argentina","Liga Profesional","2024","Tigre","Central Cordoba","Nicolas Ramirez","1","1","D"
"78916","25-07-24 23:45","Argentina","Liga Profesional","2024","Lanus","Belgrano","Sebastian Zunino","3","2","H"
"78917","25-07-24 23:45","Argentina","Liga Profesional","2024","Platense","Velez Sarsfield","Sebastian Nicolas Martinez","0","2","A"
"78918","25-07-24 00:30","Argentina","Liga Profesional","2024","Godoy Cruz","River Plate","Dario Herrera","2","1","H"
"78919","25-07-24 00:30","Argentina","Liga Profesional","2024","Huracan","Estudiantes L.P.","Silvio Trucco","0","0","D"
"78920","24-07-24 22:15","Argentina","Liga Profesional","2024","Sarmiento Junin","Racing Club","Fernando Rapallini","1","0","H"
"78921","24-07-24 22:00","Argentina","Liga Profesional","2024","Talleres Cordoba","Defensa y Justicia","Nazareno Arasa","1","1","D"
"78922","24-07-24 02:00","Argentina","Liga Profesional","2024","Independiente","Barracas Central","Leandro Rey Hilfer","0","0","D"
"78923","23-07-24 23:45","Argentina","Liga Profesional","2024","Gimnasia L.P.","San Lorenzo","Pablo Echavarria","0","1","A"
"78924","23-07-24 23:45","Argentina","Liga Profesional","2024","Newells Old Boys","Ind. Rivadavia","Hernan Mastrangelo","0","0","D"
"78925","23-07-24 20:00","Argentina","Liga Profesional","2024","Dep. Riestra","Argentinos Jrs","Andres Merlos","2","0","H"
"78926","22-07-24 01:00","Argentina","Liga Profesional","2024","Defensa y Justicia","Boca Juniors","Leandro Rey Hilfer","2","2","D"
"78927","22-07-24 01:00","Argentina","Liga Profesional","2024","Velez Sarsfield","Talleres Cordoba","Sebastian Zunino","3","0","H"
"78928","21-07-24 22:15","Argentina","Liga Profesional","2024","Central Cordoba","Platense","Andres Merlos","0","2","A"
"78929","21-07-24 22:15","Argentina","Liga Profesional","2024","Estudiantes L.P.","Union de Santa Fe","Hernan Mastrangelo","0","0","D"
"78930","21-07-24 20:00","Argentina","Liga Profesional","2024","River Plate","Lanus","Fernando Rapallini","2","2","D"
"78931","21-07-24 00:30","Argentina","Liga Profesional","2024","Banfield","Atl. Tucuman","Pablo Echavarria","1","1","D"
"78932","20-07-24 22:00","Argentina","Liga Profesional","2024","Racing Club","Godoy Cruz","Pablo Dovalo","3","0","H"
"78933","20-07-24 20:00","Argentina","Liga Profesional","2024","San Lorenzo","Huracan","Nicolas Ramirez","1","1","D"
"78934","20-07-24 02:00","Argentina","Liga Profesional","2024","Rosario Central","Sarmiento Junin","Silvio Trucco","4","2","H"
"78935","20-07-24 00:00","Argentina","Liga Profesional","2024","Belgrano","Dep. Riestra","Fernando Espinoza","2","1","H"
"78936","19-07-24 20:00","Argentina","Liga Profesional","2024","Barracas Central","Newells Old Boys","Luis Lobo Medina","0","1","A"
"78937","19-07-24 02:00","Argentina","Liga Profesional","2024","Instituto","Independiente","Nazareno Arasa","3","1","H"
"78938","19-07-24 00:00","Argentina","Liga Profesional","2024","Ind. Rivadavia","Gimnasia L.P.","Fernando Echenique","1","0","H"
"78939","18-07-24 23:45","Argentina","Liga Profesional","2024","Argentinos Jrs","Tigre","Jorge Balino","0","2","A"
"78940","16-06-24 01:30","Argentina","Liga Profesional","2024","Atl. Tucuman","Defensa y Justicia","Pablo Dovalo","1","1","D"
"78941","15-06-24 23:00","Argentina","Liga Profesional","2024","Huracan","Ind. Rivadavia","Fernando Rapallini","1","0","H"
"78942","15-06-24 21:00","Argentina","Liga Profesional","2024","Union de Santa Fe","San Lorenzo","Andres Merlos","2","1","H"
"78943","15-06-24 00:00","Argentina","Liga Profesional","2024","Boca Juniors","Velez Sarsfield","Fernando Echenique","1","0","H"
"78944","15-06-24 00:00","Argentina","Liga Profesional","2024","Talleres Cordoba","Platense","Fernando Espinoza","2","1","H"
"78945","14-06-24 02:15","Argentina","Liga Profesional","2024","Lanus","Racing Club","Leandro Rey Hilfer","2","0","H"
"78946","14-06-24 02:15","Argentina","Liga Profesional","2024","Newells Old Boys","Instituto","Nicolas Lamolina","0","2","A"
"78947","14-06-24 00:00","Argentina","Liga Profesional","2024","Sarmiento Junin","Estudiantes L.P.","Jorge Balino","2","0","H"
"78948","14-06-24 00:00","Argentina","Liga Profesional","2024","Tigre","Belgrano","Sebastian Zunino","1","1","D"
"78949","13-06-24 20:00","Argentina","Liga Profesional","2024","Dep. Riestra","River Plate","Hernan Mastrangelo","2","0","H"
"78950","13-06-24 02:15","Argentina","Liga Profesional","2024","Gimnasia L.P.","Barracas Central","Carlos Andres Gariano","2","1","H"
"78951","13-06-24 02:15","Argentina","Liga Profesional","2024","Independiente","Banfield","Nicolas Ramirez","2","1","H"
"78952","13-06-24 00:00","Argentina","Liga Profesional","2024","Argentinos Jrs","Central Cordoba","Nazareno Arasa","2","1","H"
"78953","12-06-24 22:00","Argentina","Liga Profesional","2024","Godoy Cruz","Rosario Central","Ariel Penel","1","1","D"
"78954","05-06-24 01:00","Argentina","Liga Profesional","2024","Banfield","Newells Old Boys","Leandro Rey Hilfer","2","0","H"
"78955","05-06-24 01:00","Argentina","Liga Profesional","2024","Ind. Rivadavia","Union de Santa Fe","Luis Lobo Medina","0","1","A"
"78956","04-06-24 20:00","Argentina","Liga Profesional","2024","Barracas Central","Huracan","Andres Merlos","0","2","A"
"78957","04-06-24 02:15","Argentina","Liga Profesional","2024","Defensa y Justicia","Independiente","Fernando Rapallini","0","0","D"
"78958","04-06-24 02:15","Argentina","Liga Profesional","2024","Estudiantes L.P.","Godoy Cruz","Pablo Echavarria","1","1","D"
"78959","04-06-24 00:00","Argentina","Liga Profesional","2024","San Lorenzo","Sarmiento Junin","Fernando Espinoza","0","1","A"
"78960","03-06-24 01:15","Argentina","Liga Profesional","2024","Instituto","Gimnasia L.P.","Hernan Mastrangelo","2","1","H"
"78961","03-06-24 01:15","Argentina","Liga Profesional","2024","River Plate","Tigre","Nazareno Arasa","3","1","H"
"78962","02-06-24 23:00","Argentina","Liga Profesional","2024","Central Cordoba","Talleres Cordoba","Carlos Andres Gariano","2","4","A"
"78963","02-06-24 23:00","Argentina","Liga Profesional","2024","Rosario Central","Lanus","Sebastian Nicolas Martinez","1","1","D"
"78964","02-06-24 19:30","Argentina","Liga Profesional","2024","Platense","Boca Juniors","Nicolas Ramirez","1","0","H"
"78965","02-06-24 01:15","Argentina","Liga Profesional","2024","Belgrano","Argentinos Jrs","Facundo Raul Tello Figueroa","1","0","H"
"78966","02-06-24 01:15","Argentina","Liga Profesional","2024","Velez Sarsfield","Atl. Tucuman","Nicolas Lamolina","1","1","D"
"78967","01-06-24 23:00","Argentina","Liga Profesional","2024","Racing Club","Dep. Riestra","Fernando Echenique","1","0","H"
"78968","28-05-24 02:00","Argentina","Liga Profesional","2024","Atl. Tucuman","Platense","Silvio Trucco","1","1","D"
"78969","28-05-24 00:00","Argentina","Liga Profesional","2024","Union de Santa Fe","Barracas Central","Nicolas Ramirez","2","0","H"
"78970","27-05-24 01:00","Argentina","Liga Profesional","2024","Independiente","Velez Sarsfield","Dario Herrera","1","1","D"
"78971","26-05-24 22:45","Argentina","Liga Profesional","2024","Gimnasia L.P.","Banfield","Sebastian Zunino","3","0","H"
"78972","26-05-24 22:30","Argentina","Liga Profesional","2024","Sarmiento Junin","Ind. Rivadavia","Facundo Raul Tello Figueroa","0","1","A"
"78973","26-05-24 20:30","Argentina","Liga Profesional","2024","Huracan","Instituto","Ariel Penel","1","0","H"
"78974","26-05-24 01:00","Argentina","Liga Profesional","2024","Boca Juniors","Talleres Cordoba","Hernan Mastrangelo","0","0","D"
"78975","25-05-24 22:30","Argentina","Liga Profesional","2024","Newells Old Boys","Defensa y Justicia","Pablo Echavarria","1","0","H"
"78976","25-05-24 20:00","Argentina","Liga Profesional","2024","Argentinos Jrs","River Plate","Leandro Rey Hilfer","1","0","H"
"78977","25-05-24 02:15","Argentina","Liga Profesional","2024","Belgrano","Central Cordoba","Luis Lobo Medina","2","1","H"
"78978","25-05-24 02:15","Argentina","Liga Profesional","2024","Lanus","Estudiantes L.P.","Andres Merlos","2","1","H"
"78979","25-05-24 00:00","Argentina","Liga Profesional","2024","Tigre","Racing Club","Yael Falcon Perez","0","4","A"
"78980","24-05-24 20:30","Argentina","Liga Profesional","2024","Dep. Riestra","Rosario Central","Nicolas Lamolina","0","2","A"
"78981","22-05-24 01:00","Argentina","Liga Profesional","2024","Velez Sarsfield","Newells Old Boys","Fernando Rapallini","1","0","H"
"78982","21-05-24 02:15","Argentina","Liga Profesional","2024","Racing Club","Argentinos Jrs","Nicolas Ramirez","3","0","H"
"78983","21-05-24 02:15","Argentina","Liga Profesional","2024","Rosario Central","Tigre","Andres Merlos","1","1","D"
"78984","21-05-24 00:00","Argentina","Liga Profesional","2024","Estudiantes L.P.","Dep. Riestra","Fernando Espinoza","2","0","H"
"78985","21-05-24 00:00","Argentina","Liga Profesional","2024","San Lorenzo","Lanus","Pablo Echavarria","1","1","D"
"78986","20-05-24 01:00","Argentina","Liga Profesional","2024","Central Cordoba","Boca Juniors","Facundo Raul Tello Figueroa","2","4","A"
"78987","19-05-24 22:45","Argentina","Liga Profesional","2024","Banfield","Huracan","Jorge Balino","1","1","D"
"78988","19-05-24 22:45","Argentina","Liga Profesional","2024","Talleres Cordoba","Atl. Tucuman","Nazareno Arasa","2","0","H"
"78989","19-05-24 20:30","Argentina","Liga Profesional","2024","Platense","Independiente","Leandro Rey Hilfer","0","0","D"
"78990","19-05-24 20:00","Argentina","Liga Profesional","2024","Barracas Central","Sarmiento Junin","Yael Falcon Perez","1","1","D"
"78991","19-05-24 01:30","Argentina","Liga Profesional","2024","Instituto","Union de Santa Fe","Sebastian Zunino","1","1","D"
"78992","19-05-24 01:00","Argentina","Liga Profesional","2024","Defensa y Justicia","Gimnasia L.P.","Fernando Echenique","1","1","D"
"78993","18-05-24 23:00","Argentina","Liga Profesional","2024","River Plate","Belgrano","Pablo Dovalo","3","0","H"
"78994","18-05-24 20:30","Argentina","Liga Profesional","2024","Ind. Rivadavia","Godoy Cruz","Dario Herrera","0","0","D"
"78995","14-05-24 02:00","Argentina","Liga Profesional","2024","Union de Santa Fe","Banfield","Fernando Espinoza","1","0","H"
"78996","14-05-24 00:00","Argentina","Liga Profesional","2024","Gimnasia L.P.","Velez Sarsfield","Franco Acita","3","1","H"
"78997","13-05-24 01:15","Argentina","Liga Profesional","2024","Atl. Tucuman","Boca Juniors","Pablo Echavarria","1","0","H"
"78998","12-05-24 22:45","Argentina","Liga Profesional","2024","Belgrano","Racing Club","Nazareno Arasa","4","4","D"
"78999","12-05-24 22:45","Argentina","Liga Profesional","2024","Lanus","Ind. Rivadavia","Sebastian Zunino","0","2","A"
"79000","12-05-24 20:30","Argentina","Liga Profesional","2024","Dep. Riestra","San Lorenzo","Leandro Rey Hilfer","1","0","H"
"79001","12-05-24 20:30","Argentina","Liga Profesional","2024","Tigre","Estudiantes L.P.","Carlos Andres Gariano","0","1","A"
"79002","12-05-24 00:45","Argentina","Liga Profesional","2024","River Plate","Central Cordoba","Nicolas Ramirez","3","0","H"
"79003","11-05-24 22:30","Argentina","Liga Profesional","2024","Independiente","Talleres Cordoba","Yael Falcon Perez","1","3","A"
"79004","11-05-24 20:30","Argentina","Liga Profesional","2024","Godoy Cruz","Barracas Central","Silvio Trucco","0","1","A"
"79005","11-05-24 19:30","Argentina","Liga Profesional","2024","Huracan","Defensa y Justicia","Dario Herrera","3","1","H"
"79006","11-05-24 02:15","Argentina","Liga Profesional","2024","Argentinos Jrs","Rosario Central","Hernan Mastrangelo","3","2","H"
"79007","11-05-24 02:15","Argentina","Liga Profesional","2024","Newells Old Boys","Platense","Andres Merlos","2","0","H"
"79008","11-05-24 00:00","Argentina","Liga Profesional","2024","Sarmiento Junin","Instituto","Sebastian Nicolas Martinez","1","2","A"
"78253","31-07-23 01:00","Argentina","Liga Profesional","2023","Godoy Cruz","Instituto","Fernando Rapallini","4","2","H"
"78254","30-07-23 22:30","Argentina","Liga Profesional","2023","Gimnasia L.P.","Platense","Pablo Dovalo","1","1","D"
"78255","30-07-23 22:30","Argentina","Liga Profesional","2023","Huracan","Velez Sarsfield","Yael Falcon Perez","1","0","H"
"78256","30-07-23 20:00","Argentina","Liga Profesional","2023","Arsenal Sarandi","Colon Santa Fe","Nazareno Arasa","2","0","H"
"78257","30-07-23 20:00","Argentina","Liga Profesional","2023","Lanus","Barracas Central","Fernando Echenique","2","0","H"
"78258","30-07-23 01:00","Argentina","Liga Profesional","2023","Tigre","San Lorenzo","Andres Merlos","2","0","H"
"78259","29-07-23 22:00","Argentina","Liga Profesional","2023","Independiente","Boca Juniors","Nicolas Ramirez","0","2","A"
"78260","29-07-23 20:00","Argentina","Liga Profesional","2023","Sarmiento Junin","Banfield","Silvio Trucco","0","0","D"
"78261","29-07-23 19:30","Argentina","Liga Profesional","2023","Central Cordoba","Atl. Tucuman","Carlos Andres Gariano","0","2","A"
"78262","29-07-23 02:30","Argentina","Liga Profesional","2023","River Plate","Racing Club","Facundo Raul Tello Figueroa","2","1","H"
"78263","29-07-23 00:00","Argentina","Liga Profesional","2023","Belgrano","Rosario Central","Fernando Espinoza","0","0","D"
"78264","29-07-23 00:00","Argentina","Liga Profesional","2023","Newells Old Boys","Talleres Cordoba","Hernan Mastrangelo","1","1","D"
"78265","28-07-23 21:30","Argentina","Liga Profesional","2023","Argentinos Jrs","Estudiantes L.P.","Dario Herrera","2","3","A"
"78266","28-07-23 21:30","Argentina","Liga Profesional","2023","Union de Santa Fe","Defensa y Justicia","Ariel Penel","2","0","H"
"78267","26-07-23 01:30","Argentina","Liga Profesional","2023","Instituto","Lanus","Luis Lobo Medina","2","1","H"
"78268","25-07-23 23:00","Argentina","Liga Profesional","2023","Colon Santa Fe","Tigre","Carlos Andres Gariano","1","3","A"
"78269","25-07-23 20:30","Argentina","Liga Profesional","2023","Barracas Central","Arsenal Sarandi","Nicolas Lamolina","0","0","D"
"78270","25-07-23 01:45","Argentina","Liga Profesional","2023","Boca Juniors","Newells Old Boys","Fernando Echenique","2","1","H"
"78271","25-07-23 00:30","Argentina","Liga Profesional","2023","Racing Club","Central Cordoba","Jorge Balino","3","1","H"
"78272","24-07-23 23:30","Argentina","Liga Profesional","2023","Banfield","Godoy Cruz","Dario Herrera","2","0","H"
"78273","24-07-23 21:30","Argentina","Liga Profesional","2023","Talleres Cordoba","Gimnasia L.P.","Facundo Raul Tello Figueroa","2","2","D"
"78274","24-07-23 21:30","Argentina","Liga Profesional","2023","Velez Sarsfield","Union de Santa Fe","Fernando Rapallini","0","0","D"
"78275","24-07-23 02:00","Argentina","Liga Profesional","2023","Rosario Central","River Plate","Yael Falcon Perez","3","3","D"
"78276","23-07-23 23:45","Argentina","Liga Profesional","2023","Defensa y Justicia","Sarmiento Junin","Pablo Dovalo","3","0","H"
"78277","23-07-23 21:30","Argentina","Liga Profesional","2023","Atl. Tucuman","Independiente","Pablo Echavarria","1","0","H"
"78278","23-07-23 01:30","Argentina","Liga Profesional","2023","Platense","Huracan","Andres Merlos","0","1","A"
"78279","22-07-23 23:00","Argentina","Liga Profesional","2023","Estudiantes L.P.","Belgrano","Ariel Penel","4","0","H"
"78280","22-07-23 20:30","Argentina","Liga Profesional","2023","San Lorenzo","Argentinos Jrs","Nicolas Ramirez","0","2","A"
"78281","18-07-23 01:30","Argentina","Liga Profesional","2023","Newells Old Boys","Atl. Tucuman","Leandro Rey Hilfer","0","0","D"
"78282","17-07-23 23:00","Argentina","Liga Profesional","2023","Arsenal Sarandi","Instituto","Carlos Andres Gariano","0","2","A"
"78283","17-07-23 23:00","Argentina","Liga Profesional","2023","Tigre","Barracas Central","Facundo Raul Tello Figueroa","0","1","A"
"78284","17-07-23 02:30","Argentina","Liga Profesional","2023","Argentinos Jrs","Colon Santa Fe","Sebastian Zunino","1","0","H"
"78285","17-07-23 02:30","Argentina","Liga Profesional","2023","Central Cordoba","Independiente","Nicolas Lamolina","0","1","A"
"78286","17-07-23 00:00","Argentina","Liga Profesional","2023","Lanus","Banfield","Nicolas Ramirez","2","2","D"
"78287","16-07-23 21:30","Argentina","Liga Profesional","2023","Gimnasia L.P.","Boca Juniors","Hernan Mastrangelo","1","3","A"
"78288","16-07-23 19:00","Argentina","Liga Profesional","2023","Belgrano","San Lorenzo","Dario Herrera","0","1","A"
"78289","16-07-23 00:00","Argentina","Liga Profesional","2023","River Plate","Estudiantes L.P.","Andres Merlos","3","1","H"
"78290","15-07-23 21:00","Argentina","Liga Profesional","2023","Racing Club","Rosario Central","Fernando Rapallini","1","1","D"
"78291","15-07-23 19:00","Argentina","Liga Profesional","2023","Union de Santa Fe","Platense","Fernando Espinoza","0","0","D"
"78292","15-07-23 02:30","Argentina","Liga Profesional","2023","Huracan","Talleres Cordoba","Fernando Echenique","0","1","A"
"78293","15-07-23 00:00","Argentina","Liga Profesional","2023","Godoy Cruz","Defensa y Justicia","Silvio Trucco","2","2","D"
"78294","15-07-23 00:00","Argentina","Liga Profesional","2023","Sarmiento Junin","Velez Sarsfield","Nazareno Arasa","1","1","D"
"78295","12-07-23 02:30","Argentina","Liga Profesional","2023","Atl. Tucuman","Gimnasia L.P.","Nazareno Arasa","2","0","H"
"78296","12-07-23 01:00","Argentina","Liga Profesional","2023","Independiente","Newells Old Boys","Ariel Penel","0","2","A"
"78297","11-07-23 23:45","Argentina","Liga Profesional","2023","Rosario Central","Central Cordoba","Fernando Espinoza","2","0","H"
"78298","11-07-23 02:30","Argentina","Liga Profesional","2023","Talleres Cordoba","Union de Santa Fe","Nicolas Lamolina","0","0","D"
"78299","11-07-23 00:30","Argentina","Liga Profesional","2023","Boca Juniors","Huracan","Nicolas Ramirez","1","0","H"
"78300","10-07-23 21:30","Argentina","Liga Profesional","2023","Colon Santa Fe","Belgrano","Franco Acita","0","0","D"
"78301","10-07-23 19:00","Argentina","Liga Profesional","2023","Barracas Central","Argentinos Jrs","Andres Merlos","0","0","D"
"78302","10-07-23 01:30","Argentina","Liga Profesional","2023","Banfield","Arsenal Sarandi","Luis Lobo Medina","0","0","D"
"78303","10-07-23 01:30","Argentina","Liga Profesional","2023","Defensa y Justicia","Lanus","Dario Herrera","2","2","D"
"78304","09-07-23 23:00","Argentina","Liga Profesional","2023","Velez Sarsfield","Godoy Cruz","Sebastian Zunino","1","1","D"
"78305","09-07-23 20:30","Argentina","Liga Profesional","2023","Instituto","Tigre","Fernando Echenique","0","1","A"
"78306","09-07-23 20:30","Argentina","Liga Profesional","2023","Platense","Sarmiento Junin","Leandro Rey Hilfer","1","0","H"
"78307","09-07-23 01:30","Argentina","Liga Profesional","2023","San Lorenzo","River Plate","Facundo Raul Tello Figueroa","0","0","D"
"78308","08-07-23 23:00","Argentina","Liga Profesional","2023","Estudiantes L.P.","Racing Club","German Delfino","0","0","D"
"78309","08-07-23 02:30","Argentina","Liga Profesional","2023","Central Cordoba","Newells Old Boys","Silvio Trucco","2","0","H"
"78310","08-07-23 00:00","Argentina","Liga Profesional","2023","Gimnasia L.P.","Independiente","Leandro Rey Hilfer","1","1","D"
"78311","07-07-23 02:30","Argentina","Liga Profesional","2023","Belgrano","Barracas Central","Pablo Dovalo","0","2","A"
"78312","07-07-23 02:30","Argentina","Liga Profesional","2023","Huracan","Atl. Tucuman","Jorge Balino","0","1","A"
"78313","07-07-23 00:00","Argentina","Liga Profesional","2023","Argentinos Jrs","Instituto","Ariel Penel","0","0","D"
"78314","07-07-23 00:00","Argentina","Liga Profesional","2023","Sarmiento Junin","Talleres Cordoba","Sebastian Nicolas Martinez","0","1","A"
"78315","06-07-23 22:00","Argentina","Liga Profesional","2023","Union de Santa Fe","Boca Juniors","Andres Merlos","0","0","D"
"78316","06-07-23 19:00","Argentina","Liga Profesional","2023","Arsenal Sarandi","Defensa y Justicia","Nazareno Arasa","1","2","A"
"78317","06-07-23 02:30","Argentina","Liga Profesional","2023","River Plate","Colon Santa Fe","Nicolas Ramirez","2","0","H"
"78318","06-07-23 00:30","Argentina","Liga Profesional","2023","Racing Club","San Lorenzo","Hernan Mastrangelo","1","1","D"
"78319","05-07-23 23:00","Argentina","Liga Profesional","2023","Rosario Central","Estudiantes L.P.","Facundo Raul Tello Figueroa","0","0","D"
"78320","05-07-23 22:00","Argentina","Liga Profesional","2023","Tigre","Banfield","Fernando Espinoza","1","2","A"
"78321","05-07-23 20:30","Argentina","Liga Profesional","2023","Godoy Cruz","Platense","Dario Herrera","2","1","H"
"78322","05-07-23 01:00","Argentina","Liga Profesional","2023","Lanus","Velez Sarsfield","Carlos Andres Gariano","0","1","A"
"78323","04-07-23 01:00","Argentina","Liga Profesional","2023","Newells Old Boys","Gimnasia L.P.","Dario Herrera","2","2","D"
"78324","03-07-23 02:30","Argentina","Liga Profesional","2023","Boca Juniors","Sarmiento Junin","Silvio Trucco","2","0","H"
"78325","03-07-23 00:30","Argentina","Liga Profesional","2023","Banfield","Argentinos Jrs","Nazareno Arasa","1","0","H"
"78326","03-07-23 00:30","Argentina","Liga Profesional","2023","Defensa y Justicia","Tigre","Sebastian Zunino","1","0","H"
"78327","03-07-23 00:00","Argentina","Liga Profesional","2023","Instituto","Belgrano","Andres Merlos","1","0","H"
"78328","02-07-23 22:00","Argentina","Liga Profesional","2023","Colon Santa Fe","Racing Club","Facundo Raul Tello Figueroa","0","4","A"
"78329","02-07-23 20:00","Argentina","Liga Profesional","2023","Independiente","Huracan","Fernando Rapallini","1","0","H"
"78330","02-07-23 02:30","Argentina","Liga Profesional","2023","Talleres Cordoba","Godoy Cruz","Jorge Balino","1","1","D"
"78331","02-07-23 00:00","Argentina","Liga Profesional","2023","Estudiantes L.P.","Central Cordoba","Hernan Mastrangelo","1","1","D"
"78332","01-07-23 22:30","Argentina","Liga Profesional","2023","San Lorenzo","Rosario Central","Fernando Echenique","1","0","H"
"78333","01-07-23 20:00","Argentina","Liga Profesional","2023","Barracas Central","River Plate","Leandro Rey Hilfer","2","1","H"
"78334","01-07-23 02:30","Argentina","Liga Profesional","2023","Atl. Tucuman","Union de Santa Fe","Carlos Andres Gariano","1","0","H"
"78335","01-07-23 02:30","Argentina","Liga Profesional","2023","Velez Sarsfield","Arsenal Sarandi","Ariel Penel","1","0","H"
"78336","01-07-23 00:00","Argentina","Liga Profesional","2023","Platense","Lanus","Pablo Dovalo","0","1","A"
"78337","27-06-23 01:00","Argentina","Liga Profesional","2023","Belgrano","Banfield","Dario Herrera","3","1","H"
"78338","26-06-23 01:30","Argentina","Liga Profesional","2023","Sarmiento Junin","Atl. Tucuman","Nazareno Arasa","4","1","H"
"78339","26-06-23 00:00","Argentina","Liga Profesional","2023","Rosario Central","Colon Santa Fe","Nicolas Lamolina","1","1","D"
"78340","25-06-23 20:30","Argentina","Liga Profesional","2023","Arsenal Sarandi","Platense","Fernando Espinoza","0","2","A"
"78341","25-06-23 01:00","Argentina","Liga Profesional","2023","Lanus","Talleres Cordoba","Fernando Rapallini","2","1","H"
"78342","24-06-23 22:00","Argentina","Liga Profesional","2023","Union de Santa Fe","Independiente","Fernando Echenique","3","0","H"
"78343","24-06-23 02:30","Argentina","Liga Profesional","2023","Argentinos Jrs","Defensa y Justicia","Leandro Rey Hilfer","3","1","H"
"78344","24-06-23 00:00","Argentina","Liga Profesional","2023","Huracan","Newells Old Boys","Luis Lobo Medina","1","1","D"
"78345","23-06-23 02:45","Argentina","Liga Profesional","2023","Godoy Cruz","Boca Juniors","Facundo Raul Tello Figueroa","4","0","H"
"78346","23-06-23 00:45","Argentina","Liga Profesional","2023","River Plate","Instituto","Hernan Mastrangelo","3","1","H"
"78347","22-06-23 23:00","Argentina","Liga Profesional","2023","Racing Club","Barracas Central","Nicolas Ramirez","1","1","D"
"78348","22-06-23 22:00","Argentina","Liga Profesional","2023","Tigre","Velez Sarsfield","Pablo Echavarria","2","1","H"
"78349","22-06-23 02:30","Argentina","Liga Profesional","2023","Central Cordoba","Gimnasia L.P.","Andres Merlos","0","0","D"
"78350","22-06-23 00:00","Argentina","Liga Profesional","2023","Estudiantes L.P.","San Lorenzo","Yael Falcon Perez","1","1","D"
"78351","18-06-23 02:00","Argentina","Liga Profesional","2023","River Plate","Defensa y Justicia","Fernando Rapallini","1","0","H"
"78352","17-06-23 23:00","Argentina","Liga Profesional","2023","Racing Club","Velez Sarsfield","Leandro Rey Hilfer","2","1","H"
"78353","17-06-23 20:30","Argentina","Liga Profesional","2023","Union de Santa Fe","Lanus","Fernando Espinoza","1","1","D"
"78354","14-06-23 01:30","Argentina","Liga Profesional","2023","Atl. Tucuman","Godoy Cruz","Sebastian Zunino","2","1","H"
"78355","14-06-23 01:30","Argentina","Liga Profesional","2023","Gimnasia L.P.","Huracan","Nicolas Ramirez","1","0","H"
"78356","13-06-23 23:00","Argentina","Liga Profesional","2023","Colon Santa Fe","Estudiantes L.P.","Nazareno Arasa","1","0","H"
"78357","13-06-23 23:00","Argentina","Liga Profesional","2023","Defensa y Justicia","Belgrano","Sebastian Nicolas Martinez","2","0","H"
"78358","13-06-23 02:45","Argentina","Liga Profesional","2023","Instituto","Racing Club","Silvio Trucco","1","1","D"
"78359","13-06-23 02:45","Argentina","Liga Profesional","2023","Velez Sarsfield","Argentinos Jrs","Fernando Rapallini","0","1","A"
"78360","13-06-23 00:15","Argentina","Liga Profesional","2023","Banfield","River Plate","Facundo Raul Tello Figueroa","1","4","A"
"78361","12-06-23 22:00","Argentina","Liga Profesional","2023","San Lorenzo","Central Cordoba","Jorge Balino","0","0","D"
"78362","12-06-23 19:00","Argentina","Liga Profesional","2023","Newells Old Boys","Union de Santa Fe","Pablo Echavarria","1","1","D"
"78363","11-06-23 02:30","Argentina","Liga Profesional","2023","Talleres Cordoba","Arsenal Sarandi","Hernan Mastrangelo","1","0","H"
"78364","11-06-23 01:00","Argentina","Liga Profesional","2023","Boca Juniors","Lanus","Fernando Echenique","1","1","D"
"78365","11-06-23 00:00","Argentina","Liga Profesional","2023","Platense","Tigre","Carlos Andres Gariano","1","0","H"
"78366","10-06-23 01:00","Argentina","Liga Profesional","2023","Independiente","Sarmiento Junin","Pablo Dovalo","2","0","H"
"78367","09-06-23 20:30","Argentina","Liga Profesional","2023","Barracas Central","Rosario Central","Luis Lobo Medina","0","0","D"
"78368","05-06-23 02:30","Argentina","Liga Profesional","2023","Lanus","Atl. Tucuman","Silvio Trucco","2","1","H"
"78369","04-06-23 22:00","Argentina","Liga Profesional","2023","Godoy Cruz","Independiente","Carlos Andres Gariano","2","1","H"
"78370","04-06-23 19:00","Argentina","Liga Profesional","2023","San Lorenzo","Colon Santa Fe","Dario Herrera","0","0","D"
"78371","04-06-23 16:00","Argentina","Liga Profesional","2023","Union de Santa Fe","Gimnasia L.P.","Facundo Raul Tello Figueroa","2","0","H"
"78372","04-06-23 02:30","Argentina","Liga Profesional","2023","Racing Club","Banfield","Pablo Dovalo","2","0","H"
"78373","04-06-23 00:00","Argentina","Liga Profesional","2023","Central Cordoba","Huracan","Pablo Echavarria","2","0","H"
"78374","04-06-23 00:00","Argentina","Liga Profesional","2023","Rosario Central","Instituto","Jorge Balino","4","1","H"
"78375","03-06-23 19:00","Argentina","Liga Profesional","2023","Belgrano","Velez Sarsfield","Hernan Mastrangelo","2","0","H"
"78376","03-06-23 02:30","Argentina","Liga Profesional","2023","Argentinos Jrs","Platense","Nicolas Ramirez","1","0","H"
"78377","03-06-23 02:30","Argentina","Liga Profesional","2023","Tigre","Talleres Cordoba","Andres Merlos","1","3","A"
"78378","03-06-23 00:00","Argentina","Liga Profesional","2023","Estudiantes L.P.","Barracas Central","Fernando Echenique","5","2","H"
"78379","02-06-23 02:30","Argentina","Liga Profesional","2023","Arsenal Sarandi","Boca Juniors","Leandro Rey Hilfer","1","0","H"
"78380","02-06-23 01:00","Argentina","Liga Profesional","2023","Sarmiento Junin","Newells Old Boys","Sebastian Nicolas Martinez","0","0","D"
"78381","30-05-23 02:30","Argentina","Liga Profesional","2023","Velez Sarsfield","River Plate","Fernando Echenique","2","2","D"
"78382","30-05-23 01:00","Argentina","Liga Profesional","2023","Instituto","Estudiantes L.P.","Andres Merlos","0","0","D"
"78383","30-05-23 00:00","Argentina","Liga Profesional","2023","Banfield","Rosario Central","Fernando Rapallini","2","0","H"
"78384","30-05-23 00:00","Argentina","Liga Profesional","2023","Huracan","Union de Santa Fe","Leandro Rey Hilfer","0","1","A"
"78385","29-05-23 21:30","Argentina","Liga Profesional","2023","Colon Santa Fe","Central Cordoba","Fernando Espinoza","2","2","D"
"78386","29-05-23 02:30","Argentina","Liga Profesional","2023","Newells Old Boys","Godoy Cruz","Silvio Trucco","2","0","H"
"78387","29-05-23 00:00","Argentina","Liga Profesional","2023","Boca Juniors","Tigre","Nicolas Ramirez","1","0","H"
"78388","28-05-23 21:30","Argentina","Liga Profesional","2023","Defensa y Justicia","Racing Club","Sebastian Zunino","1","1","D"
"78389","28-05-23 21:30","Argentina","Liga Profesional","2023","Talleres Cordoba","Argentinos Jrs","Dario Herrera","1","0","H"
"78390","28-05-23 19:00","Argentina","Liga Profesional","2023","Barracas Central","San Lorenzo","Pablo Echavarria","1","0","H"
"78391","28-05-23 01:30","Argentina","Liga Profesional","2023","Independiente","Lanus","Hernan Mastrangelo","1","1","D"
"78392","27-05-23 23:00","Argentina","Liga Profesional","2023","Platense","Belgrano","Nicolas Lamolina","1","0","H"
"78393","27-05-23 16:00","Argentina","Liga Profesional","2023","Gimnasia L.P.","Sarmiento Junin","Ariel Penel","0","0","D"
"78394","27-05-23 02:30","Argentina","Liga Profesional","2023","Atl. Tucuman","Arsenal Sarandi","Nazareno Arasa","1","0","H"
"78395","22-05-23 01:30","Argentina","Liga Profesional","2023","River Plate","Platense","Nazareno Arasa","2","1","H"
"78396","21-05-23 23:00","Argentina","Liga Profesional","2023","Colon Santa Fe","Barracas Central","Andres Merlos","1","1","D"
"78397","21-05-23 23:00","Argentina","Liga Profesional","2023","Sarmiento Junin","Huracan","Facundo Raul Tello Figueroa","0","0","D"
"78398","21-05-23 20:30","Argentina","Liga Profesional","2023","Belgrano","Talleres Cordoba","Fernando Rapallini","1","1","D"
"78399","21-05-23 02:30","Argentina","Liga Profesional","2023","Lanus","Newells Old Boys","Pablo Dovalo","1","0","H"
"78400","21-05-23 02:30","Argentina","Liga Profesional","2023","Tigre","Atl. Tucuman","Ariel Penel","0","0","D"
"78401","20-05-23 19:00","Argentina","Liga Profesional","2023","San Lorenzo","Instituto","Nicolas Ramirez","2","0","H"
"78402","20-05-23 02:30","Argentina","Liga Profesional","2023","Argentinos Jrs","Boca Juniors","Fernando Echenique","0","1","A"
"78403","20-05-23 00:00","Argentina","Liga Profesional","2023","Central Cordoba","Union de Santa Fe","Luis Lobo Medina","0","1","A"
"78404","20-05-23 00:00","Argentina","Liga Profesional","2023","Estudiantes L.P.","Banfield","Nicolas Lamolina","1","0","H"
"78405","20-05-23 00:00","Argentina","Liga Profesional","2023","Rosario Central","Defensa y Justicia","Pablo Echavarria","2","1","H"
"78406","19-05-23 20:30","Argentina","Liga Profesional","2023","Godoy Cruz","Gimnasia L.P.","Jorge Balino","2","0","H"
"78407","19-05-23 02:00","Argentina","Liga Profesional","2023","Arsenal Sarandi","Independiente","Fernando Espinoza","2","1","H"
"78408","16-05-23 01:30","Argentina","Liga Profesional","2023","Velez Sarsfield","Rosario Central","Sebastian Zunino","0","0","D"
"78409","15-05-23 23:00","Argentina","Liga Profesional","2023","Gimnasia L.P.","Lanus","Carlos Andres Gariano","1","0","H"
"78410","15-05-23 20:30","Argentina","Liga Profesional","2023","Barracas Central","Central Cordoba","Pablo Dovalo","2","2","D"
"78411","15-05-23 20:30","Argentina","Liga Profesional","2023","Union de Santa Fe","Sarmiento Junin","Andres Merlos","0","2","A"
"78412","15-05-23 02:30","Argentina","Liga Profesional","2023","Talleres Cordoba","River Plate","Nicolas Ramirez","2","1","H"
"78413","15-05-23 00:00","Argentina","Liga Profesional","2023","Boca Juniors","Belgrano","Fernando Espinoza","2","0","H"
"78414","14-05-23 21:30","Argentina","Liga Profesional","2023","Platense","Racing Club","Hernan Mastrangelo","3","0","H"
"78415","14-05-23 19:00","Argentina","Liga Profesional","2023","Defensa y Justicia","Estudiantes L.P.","Leandro Rey Hilfer","1","1","D"
"78416","14-05-23 01:30","Argentina","Liga Profesional","2023","Instituto","Colon Santa Fe","Luis Lobo Medina","1","0","H"
"78417","14-05-23 01:30","Argentina","Liga Profesional","2023","Newells Old Boys","Arsenal Sarandi","Pablo Echavarria","2","0","H"
"78418","13-05-23 23:00","Argentina","Liga Profesional","2023","Banfield","San Lorenzo","Fernando Echenique","1","2","A"
"78419","13-05-23 20:30","Argentina","Liga Profesional","2023","Independiente","Tigre","Nazareno Arasa","2","1","H"
"78420","13-05-23 02:30","Argentina","Liga Profesional","2023","Atl. Tucuman","Argentinos Jrs","Facundo Raul Tello Figueroa","1","2","A"
"78421","13-05-23 01:00","Argentina","Liga Profesional","2023","Huracan","Godoy Cruz","Nicolas Lamolina","0","0","D"
"78422","09-05-23 02:30","Argentina","Liga Profesional","2023","Central Cordoba","Sarmiento Junin","Jorge Balino","0","1","A"
"78423","09-05-23 00:30","Argentina","Liga Profesional","2023","Racing Club","Talleres Cordoba","Facundo Raul Tello Figueroa","2","4","A"
"78424","08-05-23 22:00","Argentina","Liga Profesional","2023","San Lorenzo","Defensa y Justicia","Pablo Dovalo","0","0","D"
"78425","08-05-23 20:30","Argentina","Liga Profesional","2023","Arsenal Sarandi","Gimnasia L.P.","Sebastian Nicolas Martinez","0","1","A"
"78426","08-05-23 02:00","Argentina","Liga Profesional","2023","Estudiantes L.P.","Velez Sarsfield","Ariel Penel","2","0","H"
"78427","08-05-23 02:00","Argentina","Liga Profesional","2023","Tigre","Newells Old Boys","Sebastian Zunino","2","2","D"
"78428","07-05-23 22:30","Argentina","Liga Profesional","2023","River Plate","Boca Juniors","Dario Herrera","1","0","H"
"78429","07-05-23 19:00","Argentina","Liga Profesional","2023","Rosario Central","Platense","Fernando Espinoza","4","0","H"
"78430","07-05-23 01:30","Argentina","Liga Profesional","2023","Argentinos Jrs","Independiente","Nicolas Ramirez","2","2","D"
"78431","06-05-23 23:00","Argentina","Liga Profesional","2023","Belgrano","Atl. Tucuman","Andres Merlos","1","0","H"
"78432","06-05-23 23:00","Argentina","Liga Profesional","2023","Colon Santa Fe","Banfield","Pablo Echavarria","2","0","H"
"78433","06-05-23 20:30","Argentina","Liga Profesional","2023","Lanus","Huracan","Fernando Rapallini","1","0","H"
"78434","05-05-23 20:30","Argentina","Liga Profesional","2023","Barracas Central","Instituto","Nicolas Lamolina","3","0","H"
"78435","05-05-23 20:30","Argentina","Liga Profesional","2023","Godoy Cruz","Union de Santa Fe","Nazareno Arasa","0","0","D"
"78436","01-05-23 01:30","Argentina","Liga Profesional","2023","Talleres Cordoba","Rosario Central","Yael Falcon Perez","3","1","H"
"78437","30-04-23 23:00","Argentina","Liga Profesional","2023","Independiente","Belgrano","Dario Herrera","2","0","H"
"78438","30-04-23 20:30","Argentina","Liga Profesional","2023","Defensa y Justicia","Colon Santa Fe","Fernando Echenique","2","0","H"
"78439","30-04-23 02:30","Argentina","Liga Profesional","2023","Boca Juniors","Racing Club","Andres Merlos","3","1","H"
"78440","30-04-23 00:00","Argentina","Liga Profesional","2023","Banfield","Barracas Central","Diego Ceballos","0","0","D"
"78441","30-04-23 00:00","Argentina","Liga Profesional","2023","Instituto","Central Cordoba","Facundo Raul Tello Figueroa","0","2","A"
"78442","29-04-23 21:30","Argentina","Liga Profesional","2023","Gimnasia L.P.","Tigre","Jorge Balino","1","1","D"
"78443","29-04-23 19:00","Argentina","Liga Profesional","2023","Velez Sarsfield","San Lorenzo","Hernan Mastrangelo","0","0","D"
"78444","29-04-23 02:30","Argentina","Liga Profesional","2023","Atl. Tucuman","River Plate","Fernando Rapallini","1","1","D"
"78445","29-04-23 00:00","Argentina","Liga Profesional","2023","Huracan","Arsenal Sarandi","Carlos Andres Gariano","2","1","H"
"78446","29-04-23 00:00","Argentina","Liga Profesional","2023","Newells Old Boys","Argentinos Jrs","Luis Lobo Medina","0","0","D"
"78447","28-04-23 01:00","Argentina","Liga Profesional","2023","Platense","Estudiantes L.P.","Nicolas Ramirez","1","2","A"
"78448","28-04-23 01:00","Argentina","Liga Profesional","2023","Sarmiento Junin","Godoy Cruz","Silvio Trucco","1","1","D"
"78449","26-04-23 00:30","Argentina","Liga Profesional","2023","Tigre","Huracan","Fernando Echenique","1","0","H"
"78450","25-04-23 02:30","Argentina","Liga Profesional","2023","Argentinos Jrs","Gimnasia L.P.","Hernan Mastrangelo","2","4","A"
"78451","25-04-23 00:00","Argentina","Liga Profesional","2023","Racing Club","Atl. Tucuman","Nazareno Arasa","1","3","A"
"78452","24-04-23 20:30","Argentina","Liga Profesional","2023","Barracas Central","Defensa y Justicia","Silvio Trucco","0","2","A"
"78453","24-04-23 01:30","Argentina","Liga Profesional","2023","River Plate","Independiente","Andres Merlos","2","0","H"
"78454","23-04-23 23:00","Argentina","Liga Profesional","2023","Estudiantes L.P.","Talleres Cordoba","Leandro Rey Hilfer","1","0","H"
"78455","23-04-23 22:30","Argentina","Liga Profesional","2023","Instituto","Banfield","Jorge Balino","1","1","D"
"78456","23-04-23 20:30","Argentina","Liga Profesional","2023","Rosario Central","Boca Juniors","Ariel Penel","2","2","D"
"78457","23-04-23 16:00","Argentina","Liga Profesional","2023","San Lorenzo","Platense","Yael Falcon Perez","1","0","H"
"78458","23-04-23 01:30","Argentina","Liga Profesional","2023","Belgrano","Newells Old Boys","Fernando Rapallini","1","0","H"
"78459","23-04-23 01:30","Argentina","Liga Profesional","2023","Central Cordoba","Godoy Cruz","Pablo Echavarria","0","2","A"
"78460","22-04-23 20:30","Argentina","Liga Profesional","2023","Arsenal Sarandi","Union de Santa Fe","Nicolas Lamolina","2","1","H"
"78461","22-04-23 20:30","Argentina","Liga Profesional","2023","Lanus","Sarmiento Junin","Facundo Raul Tello Figueroa","2","1","H"
"78462","22-04-23 01:30","Argentina","Liga Profesional","2023","Colon Santa Fe","Velez Sarsfield","Dario Herrera","2","1","H"
"78463","18-04-23 02:30","Argentina","Liga Profesional","2023","Atl. Tucuman","Rosario Central","Facundo Raul Tello Figueroa","2","2","D"
"78464","18-04-23 02:30","Argentina","Liga Profesional","2023","Godoy Cruz","Lanus","Jorge Balino","4","4","D"
"78465","18-04-23 00:00","Argentina","Liga Profesional","2023","Banfield","Central Cordoba","Dario Herrera","1","0","H"
"78466","18-04-23 00:00","Argentina","Liga Profesional","2023","Sarmiento Junin","Arsenal Sarandi","Jorge Nelson Sosa","1","0","H"
"78467","17-04-23 21:30","Argentina","Liga Profesional","2023","Platense","Colon Santa Fe","Sebastian Zunino","0","0","D"
"78468","17-04-23 02:30","Argentina","Liga Profesional","2023","Talleres Cordoba","San Lorenzo","Fernando Rapallini","0","0","D"
"78469","17-04-23 00:00","Argentina","Liga Profesional","2023","Newells Old Boys","River Plate","Hernan Mastrangelo","0","1","A"
"78470","16-04-23 21:30","Argentina","Liga Profesional","2023","Independiente","Racing Club","Yael Falcon Perez","1","1","D"
"78471","16-04-23 19:00","Argentina","Liga Profesional","2023","Union de Santa Fe","Tigre","Ariel Penel","0","0","D"
"78472","16-04-23 19:00","Argentina","Liga Profesional","2023","Velez Sarsfield","Barracas Central","Luis Lobo Medina","0","0","D"
"78473","16-04-23 02:30","Argentina","Liga Profesional","2023","Gimnasia L.P.","Belgrano","Nicolas Ramirez","0","2","A"
"78474","16-04-23 02:30","Argentina","Liga Profesional","2023","Huracan","Argentinos Jrs","Leandro Rey Hilfer","0","0","D"
"78475","16-04-23 00:00","Argentina","Liga Profesional","2023","Boca Juniors","Estudiantes L.P.","Pablo Echavarria","0","1","A"
"78476","15-04-23 21:30","Argentina","Liga Profesional","2023","Defensa y Justicia","Instituto","Nazareno Arasa","1","0","H"
"78477","14-04-23 02:30","Argentina","Liga Profesional","2023","Tigre","Sarmiento Junin","Nicolas Ramirez","1","0","H"
"78478","14-04-23 00:30","Argentina","Liga Profesional","2023","River Plate","Gimnasia L.P.","Dario Herrera","3","0","H"
"78479","13-04-23 21:30","Argentina","Liga Profesional","2023","Colon Santa Fe","Talleres Cordoba","Sebastian Nicolas Martinez","2","2","D"
"78480","13-04-23 19:00","Argentina","Liga Profesional","2023","Arsenal Sarandi","Godoy Cruz","Rodrigo Hector Rivero","2","3","A"
"78481","13-04-23 02:30","Argentina","Liga Profesional","2023","Estudiantes L.P.","Atl. Tucuman","Yael Falcon Perez","0","0","D"
"78482","13-04-23 02:30","Argentina","Liga Profesional","2023","Rosario Central","Independiente","Jorge Balino","1","0","H"
"78483","13-04-23 00:30","Argentina","Liga Profesional","2023","Racing Club","Newells Old Boys","Fernando Espinoza","0","1","A"
"78484","13-04-23 00:00","Argentina","Liga Profesional","2023","Belgrano","Huracan","Luis Lobo Medina","2","0","H"
"78485","12-04-23 22:30","Argentina","Liga Profesional","2023","San Lorenzo","Boca Juniors","Facundo Raul Tello Figueroa","1","0","H"
"78486","12-04-23 02:30","Argentina","Liga Profesional","2023","Banfield","Defensa y Justicia","Nicolas Lamolina","0","3","A"
"78487","12-04-23 02:30","Argentina","Liga Profesional","2023","Central Cordoba","Lanus","Fernando Echenique","1","1","D"
"78488","12-04-23 02:30","Argentina","Liga Profesional","2023","Instituto","Velez Sarsfield","Silvio Trucco","1","0","H"
"78489","12-04-23 00:00","Argentina","Liga Profesional","2023","Argentinos Jrs","Union de Santa Fe","Ariel Penel","5","1","H"
"78490","11-04-23 19:00","Argentina","Liga Profesional","2023","Barracas Central","Platense","Ariel Penel","1","0","H"
"78491","10-04-23 02:30","Argentina","Liga Profesional","2023","Boca Juniors","Colon Santa Fe","Leandro Rey Hilfer","1","2","A"
"78492","10-04-23 00:00","Argentina","Liga Profesional","2023","Huracan","River Plate","Facundo Raul Tello Figueroa","0","3","A"
"78493","09-04-23 21:30","Argentina","Liga Profesional","2023","Newells Old Boys","Rosario Central","Pablo Echavarria","0","0","D"
"78494","09-04-23 19:00","Argentina","Liga Profesional","2023","Godoy Cruz","Tigre","Luis Lobo Medina","1","1","D"
"78495","09-04-23 19:00","Argentina","Liga Profesional","2023","Independiente","Estudiantes L.P.","Hernan Mastrangelo","1","2","A"
"78496","09-04-23 01:30","Argentina","Liga Profesional","2023","Atl. Tucuman","San Lorenzo","Fernando Espinoza","1","3","A"
"78497","09-04-23 01:30","Argentina","Liga Profesional","2023","Defensa y Justicia","Central Cordoba","Jorge Balino","1","2","A"
"78498","08-04-23 23:00","Argentina","Liga Profesional","2023","Gimnasia L.P.","Racing Club","Nicolas Lamolina","3","1","H"
"78499","08-04-23 23:00","Argentina","Liga Profesional","2023","Union de Santa Fe","Belgrano","Franco Acita","0","3","A"
"78500","08-04-23 20:30","Argentina","Liga Profesional","2023","Sarmiento Junin","Argentinos Jrs","Nazareno Arasa","2","0","H"
"78501","08-04-23 02:30","Argentina","Liga Profesional","2023","Talleres Cordoba","Barracas Central","Pablo Dovalo","3","0","H"
"78502","08-04-23 02:30","Argentina","Liga Profesional","2023","Velez Sarsfield","Banfield","Fernando Rapallini","3","3","D"
"78503","08-04-23 00:00","Argentina","Liga Profesional","2023","Lanus","Arsenal Sarandi","German Delfino","3","0","H"
"78504","08-04-23 00:00","Argentina","Liga Profesional","2023","Platense","Instituto","Nicolas Ramirez","1","0","H"
"78505","04-04-23 02:30","Argentina","Liga Profesional","2023","Central Cordoba","Arsenal Sarandi","Luis Lobo Medina","1","0","H"
"78506","04-04-23 01:00","Argentina","Liga Profesional","2023","Belgrano","Sarmiento Junin","Sebastian Nicolas Martinez","0","0","D"
"78507","03-04-23 02:30","Argentina","Liga Profesional","2023","Banfield","Platense","Nazareno Arasa","0","2","A"
"78508","03-04-23 00:00","Argentina","Liga Profesional","2023","Colon Santa Fe","Atl. Tucuman","Pablo Echavarria","0","0","D"
"78509","02-04-23 21:30","Argentina","Liga Profesional","2023","Instituto","Talleres Cordoba","Facundo Raul Tello Figueroa","0","3","A"
"78510","02-04-23 02:30","Argentina","Liga Profesional","2023","Tigre","Lanus","Hernan Mastrangelo","2","1","H"
"78511","02-04-23 00:30","Argentina","Liga Profesional","2023","Racing Club","Huracan","Dario Herrera","2","1","H"
"78512","02-04-23 00:00","Argentina","Liga Profesional","2023","San Lorenzo","Independiente","Leandro Rey Hilfer","0","0","D"
"78513","01-04-23 20:30","Argentina","Liga Profesional","2023","Barracas Central","Boca Juniors","Yael Falcon Perez","0","3","A"
"78514","01-04-23 02:30","Argentina","Liga Profesional","2023","River Plate","Union de Santa Fe","Fernando Echenique","1","0","H"
"78515","01-04-23 00:00","Argentina","Liga Profesional","2023","Estudiantes L.P.","Newells Old Boys","Nicolas Ramirez","3","0","H"
"78516","01-04-23 00:00","Argentina","Liga Profesional","2023","Rosario Central","Gimnasia L.P.","Silvio Trucco","3","1","H"
"78517","31-03-23 02:30","Argentina","Liga Profesional","2023","Argentinos Jrs","Godoy Cruz","Sebastian Zunino","3","0","H"
"78518","31-03-23 01:00","Argentina","Liga Profesional","2023","Defensa y Justicia","Velez Sarsfield","Ariel Penel","0","0","D"
"78519","22-03-23 01:00","Argentina","Liga Profesional","2023","Velez Sarsfield","Central Cordoba","Pablo Dovalo","4","0","H"
"78520","21-03-23 01:00","Argentina","Liga Profesional","2023","Huracan","Rosario Central","Yael Falcon Perez","0","2","A"
"78521","21-03-23 01:00","Argentina","Liga Profesional","2023","Lanus","Argentinos Jrs","Fernando Echenique","0","0","D"
"78522","20-03-23 22:30","Argentina","Liga Profesional","2023","Newells Old Boys","San Lorenzo","Andres Merlos","1","0","H"
"78523","20-03-23 01:30","Argentina","Liga Profesional","2023","Sarmiento Junin","River Plate","Ariel Penel","0","2","A"
"78524","20-03-23 01:30","Argentina","Liga Profesional","2023","Talleres Cordoba","Banfield","Dario Herrera","0","1","A"
"78525","19-03-23 23:00","Argentina","Liga Profesional","2023","Boca Juniors","Instituto","Jorge Balino","2","3","A"
"78526","19-03-23 20:35","Argentina","Liga Profesional","2023","Gimnasia L.P.","Estudiantes L.P.","Facundo Raul Tello Figueroa","2","1","H"
"78527","19-03-23 01:30","Argentina","Liga Profesional","2023","Atl. Tucuman","Barracas Central","Silvio Trucco","1","1","D"
"78528","19-03-23 01:30","Argentina","Liga Profesional","2023","Godoy Cruz","Belgrano","Nazareno Arasa","3","1","H"
"78529","18-03-23 23:00","Argentina","Liga Profesional","2023","Independiente","Colon Santa Fe","Nicolas Lamolina","2","2","D"
"78530","18-03-23 23:00","Argentina","Liga Profesional","2023","Platense","Defensa y Justicia","Leandro Rey Hilfer","1","0","H"
"78531","18-03-23 20:30","Argentina","Liga Profesional","2023","Arsenal Sarandi","Tigre","Fernando Espinoza","2","0","H"
"78532","18-03-23 01:00","Argentina","Liga Profesional","2023","Union de Santa Fe","Racing Club","Nicolas Ramirez","1","3","A"
"78533","14-03-23 01:00","Argentina","Liga Profesional","2023","Colon Santa Fe","Newells Old Boys","Jorge Balino","1","1","D"
"78534","14-03-23 01:00","Argentina","Liga Profesional","2023","Velez Sarsfield","Platense","Dario Herrera","1","1","D"
"78535","13-03-23 01:30","Argentina","Liga Profesional","2023","Banfield","Boca Juniors","Hernan Mastrangelo","1","0","H"
"78536","13-03-23 01:30","Argentina","Liga Profesional","2023","Rosario Central","Union de Santa Fe","Luis Lobo Medina","1","1","D"
"78537","12-03-23 23:15","Argentina","Liga Profesional","2023","Estudiantes L.P.","Huracan","Leandro Rey Hilfer","2","1","H"
"78538","12-03-23 23:15","Argentina","Liga Profesional","2023","River Plate","Godoy Cruz","Silvio Trucco","3","0","H"
"78539","12-03-23 21:00","Argentina","Liga Profesional","2023","Racing Club","Sarmiento Junin","Fernando Espinoza","1","0","H"
"78540","12-03-23 01:30","Argentina","Liga Profesional","2023","Belgrano","Lanus","Andres Merlos","0","0","D"
"78541","12-03-23 01:30","Argentina","Liga Profesional","2023","Central Cordoba","Tigre","Ariel Penel","2","0","H"
"78542","11-03-23 23:15","Argentina","Liga Profesional","2023","Defensa y Justicia","Talleres Cordoba","Fernando Rapallini","1","1","D"
"78543","11-03-23 21:00","Argentina","Liga Profesional","2023","San Lorenzo","Gimnasia L.P.","Pablo Echavarria","4","0","H"
"78544","11-03-23 01:00","Argentina","Liga Profesional","2023","Argentinos Jrs","Arsenal Sarandi","Nicolas Lamolina","1","1","D"
"78545","11-03-23 01:00","Argentina","Liga Profesional","2023","Instituto","Atl. Tucuman","Sebastian Zunino","1","1","D"
"78546","10-03-23 21:00","Argentina","Liga Profesional","2023","Barracas Central","Independiente","Fernando Echenique","1","1","D"
"78547","07-03-23 01:00","Argentina","Liga Profesional","2023","Boca Juniors","Defensa y Justicia","Fernando Espinoza","0","0","D"
"78548","06-03-23 21:00","Argentina","Liga Profesional","2023","Arsenal Sarandi","Belgrano","Hernan Mastrangelo","0","1","A"
"78549","06-03-23 21:00","Argentina","Liga Profesional","2023","Godoy Cruz","Racing Club","Leandro Rey Hilfer","2","0","H"
"78550","06-03-23 01:30","Argentina","Liga Profesional","2023","Talleres Cordoba","Velez Sarsfield","Andres Merlos","1","2","A"
"78551","06-03-23 01:30","Argentina","Liga Profesional","2023","Tigre","Argentinos Jrs","Nazareno Arasa","0","1","A"
"78552","05-03-23 23:15","Argentina","Liga Profesional","2023","Huracan","San Lorenzo","Facundo Raul Tello Figueroa","1","1","D"
"78553","05-03-23 21:00","Argentina","Liga Profesional","2023","Independiente","Instituto","Nicolas Ramirez","2","2","D"
"78554","05-03-23 01:30","Argentina","Liga Profesional","2023","Atl. Tucuman","Banfield","Ariel Penel","1","0","H"
"78555","05-03-23 01:30","Argentina","Liga Profesional","2023","Newells Old Boys","Barracas Central","Luis Lobo Medina","1","0","H"
"78556","04-03-23 23:15","Argentina","Liga Profesional","2023","Lanus","River Plate","Dario Herrera","0","2","A"
"78557","04-03-23 21:00","Argentina","Liga Profesional","2023","Gimnasia L.P.","Colon Santa Fe","Yael Falcon Perez","0","0","D"
"78558","04-03-23 21:00","Argentina","Liga Profesional","2023","Platense","Central Cordoba","Fernando Rapallini","1","1","D"
"78559","04-03-23 00:00","Argentina","Liga Profesional","2023","Sarmiento Junin","Rosario Central","Fernando Echenique","4","1","H"
"78560","04-03-23 00:00","Argentina","Liga Profesional","2023","Union de Santa Fe","Estudiantes L.P.","Pablo Echavarria","2","0","H"
"78561","28-02-23 01:30","Argentina","Liga Profesional","2023","Central Cordoba","Argentinos Jrs","Dario Herrera","1","0","H"
"78562","27-02-23 23:15","Argentina","Liga Profesional","2023","Racing Club","Lanus","Facundo Raul Tello Figueroa","2","1","H"
"78563","27-02-23 21:00","Argentina","Liga Profesional","2023","Barracas Central","Gimnasia L.P.","Nicolas Lamolina","1","0","H"
"78564","27-02-23 01:30","Argentina","Liga Profesional","2023","Banfield","Independiente","German Delfino","0","0","D"
"78565","27-02-23 01:30","Argentina","Liga Profesional","2023","Instituto","Newells Old Boys","Silvio Trucco","3","1","H"
"78566","26-02-23 23:15","Argentina","Liga Profesional","2023","River Plate","Arsenal Sarandi","Nicolas Ramirez","1","2","A"
"78567","26-02-23 21:00","Argentina","Liga Profesional","2023","Colon Santa Fe","Huracan","Nazareno Arasa","1","1","D"
"78568","26-02-23 21:00","Argentina","Liga Profesional","2023","Defensa y Justicia","Atl. Tucuman","Leandro Rey Hilfer","3","0","H"
"78569","26-02-23 01:30","Argentina","Liga Profesional","2023","Velez Sarsfield","Boca Juniors","Yael Falcon Perez","1","2","A"
"78570","25-02-23 23:15","Argentina","Liga Profesional","2023","Estudiantes L.P.","Sarmiento Junin","Andres Merlos","1","1","D"
"78571","25-02-23 23:15","Argentina","Liga Profesional","2023","Platense","Talleres Cordoba","Hernan Mastrangelo","2","4","A"
"78572","25-02-23 21:00","Argentina","Liga Profesional","2023","San Lorenzo","Union de Santa Fe","Ariel Penel","1","0","H"
"78573","25-02-23 01:00","Argentina","Liga Profesional","2023","Belgrano","Tigre","Fernando Espinoza","0","2","A"
"78574","25-02-23 01:00","Argentina","Liga Profesional","2023","Rosario Central","Godoy Cruz","Pablo Echavarria","1","0","H"
"78575","21-02-23 01:30","Argentina","Liga Profesional","2023","Atl. Tucuman","Velez Sarsfield","Nazareno Arasa","1","1","D"
"78576","20-02-23 23:15","Argentina","Liga Profesional","2023","Sarmiento Junin","San Lorenzo","Dario Herrera","0","1","A"
"78577","20-02-23 01:30","Argentina","Liga Profesional","2023","Independiente","Defensa y Justicia","Fernando Rapallini","0","2","A"
"78578","20-02-23 01:30","Argentina","Liga Profesional","2023","Talleres Cordoba","Central Cordoba","Luis Lobo Medina","2","0","H"
"78579","19-02-23 23:15","Argentina","Liga Profesional","2023","Boca Juniors","Platense","Silvio Trucco","3","1","H"
"78580","19-02-23 21:00","Argentina","Liga Profesional","2023","Union de Santa Fe","Colon Santa Fe","Facundo Raul Tello Figueroa","1","1","D"
"78581","19-02-23 01:00","Argentina","Liga Profesional","2023","Newells Old Boys","Banfield","Leandro Rey Hilfer","2","0","H"
"78582","18-02-23 23:15","Argentina","Liga Profesional","2023","Argentinos Jrs","Belgrano","Ariel Penel","3","0","H"
"78583","18-02-23 23:15","Argentina","Liga Profesional","2023","Godoy Cruz","Estudiantes L.P.","Fernando Echenique","0","1","A"
"78584","18-02-23 22:00","Argentina","Liga Profesional","2023","Tigre","River Plate","Jorge Balino","0","1","A"
"78585","18-02-23 21:00","Argentina","Liga Profesional","2023","Lanus","Rosario Central","Nicolas Lamolina","3","0","H"
"78586","18-02-23 01:30","Argentina","Liga Profesional","2023","Arsenal Sarandi","Racing Club","German Delfino","0","3","A"
"78587","18-02-23 01:30","Argentina","Liga Profesional","2023","Huracan","Barracas Central","Andres Merlos","2","0","H"
"78588","17-02-23 22:00","Argentina","Liga Profesional","2023","Gimnasia L.P.","Instituto","Hernan Mastrangelo","2","0","H"
"78589","14-02-23 00:00","Argentina","Liga Profesional","2023","Estudiantes L.P.","Lanus","Nicolas Ramirez","0","2","A"
"78590","13-02-23 21:00","Argentina","Liga Profesional","2023","Barracas Central","Union de Santa Fe","Yael Falcon Perez","1","1","D"
"78591","13-02-23 01:30","Argentina","Liga Profesional","2023","Instituto","Huracan","Luis Lobo Medina","0","0","D"
"78592","13-02-23 01:30","Argentina","Liga Profesional","2023","Racing Club","Tigre","Andres Merlos","2","2","D"
"78593","12-02-23 23:15","Argentina","Liga Profesional","2023","River Plate","Argentinos Jrs","Fernando Rapallini","2","1","H"
"78594","12-02-23 21:00","Argentina","Liga Profesional","2023","Banfield","Gimnasia L.P.","Sebastian Nicolas Martinez","0","0","D"
"78595","12-02-23 21:00","Argentina","Liga Profesional","2023","Rosario Central","Arsenal Sarandi","Fernando Espinoza","2","1","H"
"78596","12-02-23 01:30","Argentina","Liga Profesional","2023","Talleres Cordoba","Boca Juniors","Dario Herrera","2","1","H"
"78597","12-02-23 01:30","Argentina","Liga Profesional","2023","Velez Sarsfield","Independiente","Sebastian Zunino","0","0","D"
"78598","11-02-23 23:15","Argentina","Liga Profesional","2023","Platense","Atl. Tucuman","Pablo Dovalo","1","1","D"
"78599","11-02-23 21:00","Argentina","Liga Profesional","2023","Defensa y Justicia","Newells Old Boys","Hernan Mastrangelo","1","0","H"
"78600","11-02-23 21:00","Argentina","Liga Profesional","2023","San Lorenzo","Godoy Cruz","Nazareno Arasa","1","0","H"
"78601","11-02-23 01:30","Argentina","Liga Profesional","2023","Central Cordoba","Belgrano","Silvio Trucco","0","1","A"
"78602","11-02-23 01:30","Argentina","Liga Profesional","2023","Colon Santa Fe","Sarmiento Junin","Pablo Echavarria","0","2","A"
"78603","07-02-23 01:30","Argentina","Liga Profesional","2023","Huracan","Banfield","Pablo Echavarria","3","2","H"
"78604","06-02-23 22:00","Argentina","Liga Profesional","2023","Gimnasia L.P.","Defensa y Justicia","German Delfino","0","2","A"
"78605","06-02-23 01:30","Argentina","Liga Profesional","2023","Atl. Tucuman","Talleres Cordoba","Nicolas Ramirez","0","2","A"
"78606","06-02-23 01:30","Argentina","Liga Profesional","2023","Godoy Cruz","Colon Santa Fe","Luis Lobo Medina","1","0","H"
"78607","06-02-23 01:30","Argentina","Liga Profesional","2023","Union de Santa Fe","Instituto","Jorge Balino","0","2","A"
"78608","05-02-23 23:15","Argentina","Liga Profesional","2023","Boca Juniors","Central Cordoba","Andres Merlos","0","0","D"
"78609","05-02-23 21:00","Argentina","Liga Profesional","2023","Independiente","Platense","Dario Herrera","1","2","A"
"78610","05-02-23 01:30","Argentina","Liga Profesional","2023","Argentinos Jrs","Racing Club","Fernando Echenique","1","0","H"
"78611","05-02-23 01:30","Argentina","Liga Profesional","2023","Lanus","San Lorenzo","Facundo Raul Tello Figueroa","2","1","H"
"78612","04-02-23 23:15","Argentina","Liga Profesional","2023","Belgrano","River Plate","Yael Falcon Perez","2","1","H"
"78613","04-02-23 21:00","Argentina","Liga Profesional","2023","Arsenal Sarandi","Estudiantes L.P.","Leandro Rey Hilfer","1","1","D"
"78614","04-02-23 21:00","Argentina","Liga Profesional","2023","Sarmiento Junin","Barracas Central","Pablo Dovalo","3","5","A"
"78615","04-02-23 00:00","Argentina","Liga Profesional","2023","Newells Old Boys","Velez Sarsfield","Fernando Espinoza","1","0","H"
"78616","04-02-23 00:00","Argentina","Liga Profesional","2023","Tigre","Rosario Central","Hernan Mastrangelo","2","2","D"
"78617","31-01-23 00:00","Argentina","Liga Profesional","2023","Banfield","Union de Santa Fe","Silvio Trucco","0","0","D"
"78618","31-01-23 00:00","Argentina","Liga Profesional","2023","Velez Sarsfield","Gimnasia L.P.","Leandro Rey Hilfer","3","1","H"
"78619","30-01-23 21:00","Argentina","Liga Profesional","2023","Barracas Central","Godoy Cruz","Pablo Echavarria","0","1","A"
"78620","30-01-23 01:30","Argentina","Liga Profesional","2023","Boca Juniors","Atl. Tucuman","Jorge Balino","1","0","H"
"78621","29-01-23 23:15","Argentina","Liga Profesional","2023","Colon Santa Fe","Lanus","Pablo Dovalo","1","2","A"
"78622","29-01-23 23:15","Argentina","Liga Profesional","2023","Instituto","Sarmiento Junin","Andres Merlos","0","0","D"
"78623","29-01-23 23:15","Argentina","Liga Profesional","2023","Racing Club","Belgrano","Dario Herrera","0","0","D"
"78624","29-01-23 21:00","Argentina","Liga Profesional","2023","Platense","Newells Old Boys","Nicolas Ramirez","2","2","D"
"78625","29-01-23 01:30","Argentina","Liga Profesional","2023","Central Cordoba","River Plate","Facundo Raul Tello Figueroa","0","2","A"
"78626","28-01-23 23:15","Argentina","Liga Profesional","2023","Estudiantes L.P.","Tigre","Fernando Espinoza","1","2","A"
"78627","28-01-23 23:15","Argentina","Liga Profesional","2023","Talleres Cordoba","Independiente","Hernan Mastrangelo","0","1","A"
"78628","28-01-23 21:00","Argentina","Liga Profesional","2023","San Lorenzo","Arsenal Sarandi","Fernando Echenique","1","0","H"
"78629","28-01-23 01:30","Argentina","Liga Profesional","2023","Defensa y Justicia","Huracan","Sebastian Zunino","2","4","A"
"78630","27-01-23 23:15","Argentina","Liga Profesional","2023","Rosario Central","Argentinos Jrs","Yael Falcon Perez","1","0","H"
"77875","26-10-22 01:00","Argentina","Liga Profesional","2022","Platense","Lanus","Nestor Pitana","1","1","D"
"77876","26-10-22 00:00","Argentina","Liga Profesional","2022","Velez Sarsfield","Central Cordoba","Fernando Espinoza","3","1","H"
"77877","25-10-22 01:30","Argentina","Liga Profesional","2022","Tigre","Arsenal Sarandi","Patricio Loustau","1","4","A"
"77878","24-10-22 21:30","Argentina","Liga Profesional","2022","Rosario Central","Colon Santa Fe","Franco Acita","1","1","D"
"77879","24-10-22 20:30","Argentina","Liga Profesional","2022","Barracas Central","Newells Old Boys","Luis Lobo Medina","1","1","D"
"77880","23-10-22 22:00","Argentina","Liga Profesional","2022","Boca Juniors","Independiente","Dario Herrera","2","2","D"
"77881","23-10-22 22:00","Argentina","Liga Profesional","2022","Patronato","Huracan","Fernando Rapallini","3","2","H"
"77882","23-10-22 22:00","Argentina","Liga Profesional","2022","Racing Club","River Plate","Pablo Echavarria","1","2","A"
"77883","23-10-22 19:30","Argentina","Liga Profesional","2022","Talleres Cordoba","Gimnasia L.P.","Nicolas Lamolina","2","1","H"
"77884","23-10-22 17:00","Argentina","Liga Profesional","2022","Banfield","Sarmiento Junin","Pablo Gimenez","0","0","D"
"77885","23-10-22 00:30","Argentina","Liga Profesional","2022","Argentinos Jrs","Velez Sarsfield","Facundo Raul Tello Figueroa","2","0","H"
"77886","22-10-22 21:30","Argentina","Liga Profesional","2022","Defensa y Justicia","Atl. Tucuman","Nazareno Arasa","3","1","H"
"77887","22-10-22 21:30","Argentina","Liga Profesional","2022","Estudiantes L.P.","Godoy Cruz","Jorge Balino","2","0","H"
"77888","22-10-22 21:30","Argentina","Liga Profesional","2022","San Lorenzo","Aldosivi","Ariel Penel","3","0","H"
"77889","22-10-22 19:00","Argentina","Liga Profesional","2022","Union de Santa Fe","Central Cordoba","Sebastian Nicolas Martinez","1","4","A"
"77890","20-10-22 20:00","Argentina","Liga Profesional","2022","Gimnasia L.P.","Boca Juniors","Hernan Mastrangelo","1","2","A"
"77891","20-10-22 02:30","Argentina","Liga Profesional","2022","Talleres Cordoba","Union de Santa Fe","Fernando Rapallini","2","2","D"
"77892","19-10-22 02:30","Argentina","Liga Profesional","2022","Central Cordoba","Tigre","Fernando Rapallini","1","2","A"
"77893","19-10-22 02:30","Argentina","Liga Profesional","2022","Huracan","Platense","Nazareno Arasa","2","0","H"
"77894","19-10-22 00:00","Argentina","Liga Profesional","2022","Lanus","Racing Club","Dario Herrera","0","1","A"
"77895","18-10-22 21:30","Argentina","Liga Profesional","2022","Colon Santa Fe","Defensa y Justicia","Andres Merlos","1","2","A"
"77896","18-10-22 02:30","Argentina","Liga Profesional","2022","Atl. Tucuman","Union de Santa Fe","Pablo Echavarria","1","1","D"
"77897","18-10-22 02:30","Argentina","Liga Profesional","2022","Sarmiento Junin","San Lorenzo","Fernando Espinoza","2","4","A"
"77898","17-10-22 21:30","Argentina","Liga Profesional","2022","Velez Sarsfield","Estudiantes L.P.","Hernan Mastrangelo","4","0","H"
"77899","17-10-22 20:00","Argentina","Liga Profesional","2022","Gimnasia L.P.","Argentinos Jrs","Yael Falcon Perez","0","0","D"
"77900","17-10-22 19:00","Argentina","Liga Profesional","2022","Arsenal Sarandi","Barracas Central","Ariel Penel","1","2","A"
"77901","17-10-22 01:30","Argentina","Liga Profesional","2022","River Plate","Rosario Central","Fernando Echenique","1","2","A"
"77902","16-10-22 23:00","Argentina","Liga Profesional","2022","Godoy Cruz","Patronato","Pablo Dovalo","0","1","A"
"77903","16-10-22 23:00","Argentina","Liga Profesional","2022","Independiente","Banfield","Jorge Balino","1","0","H"
"77904","16-10-22 20:30","Argentina","Liga Profesional","2022","Newells Old Boys","Boca Juniors","Patricio Loustau","2","0","H"
"77905","16-10-22 18:00","Argentina","Liga Profesional","2022","Aldosivi","Talleres Cordoba","Luis Lobo Medina","1","3","A"
"77906","15-10-22 02:30","Argentina","Liga Profesional","2022","Arsenal Sarandi","Central Cordoba","Nicolas Lamolina","2","0","H"
"77907","15-10-22 00:00","Argentina","Liga Profesional","2022","Defensa y Justicia","Union de Santa Fe","Nicolas Ramirez","1","0","H"
"77908","15-10-22 00:00","Argentina","Liga Profesional","2022","Huracan","Estudiantes L.P.","Yael Falcon Perez","3","1","H"
"77909","14-10-22 21:30","Argentina","Liga Profesional","2022","Colon Santa Fe","Racing Club","German Delfino","0","2","A"
"77910","14-10-22 02:30","Argentina","Liga Profesional","2022","Atl. Tucuman","Rosario Central","Silvio Trucco","1","1","D"
"77911","14-10-22 02:30","Argentina","Liga Profesional","2022","Newells Old Boys","Tigre","Andres Merlos","0","2","A"
"77912","14-10-22 00:00","Argentina","Liga Profesional","2022","Godoy Cruz","Argentinos Jrs","Hernan Mastrangelo","0","0","D"
"77913","14-10-22 00:00","Argentina","Liga Profesional","2022","Lanus","Patronato","Fernando Echenique","0","1","A"
"77914","13-10-22 21:30","Argentina","Liga Profesional","2022","Velez Sarsfield","Talleres Cordoba","Leandro Rey Hilfer","2","1","H"
"77915","13-10-22 02:30","Argentina","Liga Profesional","2022","River Plate","Platense","Fernando Rapallini","2","1","H"
"77916","13-10-22 00:00","Argentina","Liga Profesional","2022","Independiente","Barracas Central","Pablo Echavarria","2","2","D"
"77917","12-10-22 21:30","Argentina","Liga Profesional","2022","Gimnasia L.P.","San Lorenzo","Dario Herrera","0","1","A"
"77918","12-10-22 21:30","Argentina","Liga Profesional","2022","Sarmiento Junin","Boca Juniors","Facundo Raul Tello Figueroa","0","1","A"
"77919","12-10-22 19:00","Argentina","Liga Profesional","2022","Aldosivi","Banfield","Nazareno Arasa","0","1","A"
"77920","11-10-22 02:30","Argentina","Liga Profesional","2022","Central Cordoba","Newells Old Boys","Jorge Balino","0","3","A"
"77921","11-10-22 00:00","Argentina","Liga Profesional","2022","Estudiantes L.P.","Lanus","Fernando Espinoza","3","1","H"
"77922","11-10-22 00:00","Argentina","Liga Profesional","2022","Racing Club","Atl. Tucuman","Facundo Raul Tello Figueroa","2","0","H"
"77923","10-10-22 21:30","Argentina","Liga Profesional","2022","Argentinos Jrs","Huracan","Dario Herrera","1","1","D"
"77924","10-10-22 21:30","Argentina","Liga Profesional","2022","Rosario Central","Defensa y Justicia","Nicolas Lamolina","0","0","D"
"77925","10-10-22 01:30","Argentina","Liga Profesional","2022","Patronato","River Plate","Patricio Loustau","0","1","A"
"77926","09-10-22 23:00","Argentina","Liga Profesional","2022","Boca Juniors","Aldosivi","Silvio Trucco","2","1","H"
"77927","09-10-22 20:30","Argentina","Liga Profesional","2022","Banfield","Gimnasia L.P.","Pablo Echavarria","0","2","A"
"77928","09-10-22 20:30","Argentina","Liga Profesional","2022","Talleres Cordoba","Godoy Cruz","Nazareno Arasa","3","1","H"
"77929","09-10-22 18:00","Argentina","Liga Profesional","2022","Tigre","Independiente","Fernando Echenique","2","1","H"
"77930","09-10-22 01:30","Argentina","Liga Profesional","2022","Platense","Colon Santa Fe","Ariel Penel","1","2","A"
"77931","08-10-22 23:15","Argentina","Liga Profesional","2022","Union de Santa Fe","Arsenal Sarandi","Sebastian Zunino","1","0","H"
"77932","08-10-22 21:00","Argentina","Liga Profesional","2022","San Lorenzo","Velez Sarsfield","Andres Merlos","1","0","H"
"77933","08-10-22 18:00","Argentina","Liga Profesional","2022","Barracas Central","Sarmiento Junin","Pablo Dovalo","1","1","D"
"77934","07-10-22 00:00","Argentina","Liga Profesional","2022","Huracan","Talleres Cordoba","Patricio Loustau","1","0","H"
"77935","07-10-22 00:00","Argentina","Liga Profesional","2022","Lanus","Argentinos Jrs","Nazareno Arasa","0","4","A"
"77936","06-10-22 02:30","Argentina","Liga Profesional","2022","Independiente","Central Cordoba","Andres Merlos","1","2","A"
"77937","06-10-22 02:30","Argentina","Liga Profesional","2022","River Plate","Estudiantes L.P.","Ariel Penel","5","0","H"
"77938","06-10-22 00:00","Argentina","Liga Profesional","2022","Atl. Tucuman","Platense","Fernando Echenique","2","1","H"
"77939","06-10-22 00:00","Argentina","Liga Profesional","2022","Defensa y Justicia","Racing Club","Fernando Rapallini","3","3","D"
"77940","05-10-22 21:30","Argentina","Liga Profesional","2022","Colon Santa Fe","Patronato","Pablo Echavarria","1","0","H"
"77941","05-10-22 02:30","Argentina","Liga Profesional","2022","Velez Sarsfield","Banfield","Dario Herrera","1","0","H"
"77942","05-10-22 00:00","Argentina","Liga Profesional","2022","Sarmiento Junin","Tigre","Fernando Espinoza","2","2","D"
"77943","04-10-22 21:30","Argentina","Liga Profesional","2022","Godoy Cruz","San Lorenzo","Silvio Trucco","0","0","D"
"77944","04-10-22 21:30","Argentina","Liga Profesional","2022","Newells Old Boys","Arsenal Sarandi","Yael Falcon Perez","0","0","D"
"77945","04-10-22 19:00","Argentina","Liga Profesional","2022","Aldosivi","Barracas Central","Nicolas Lamolina","2","0","H"
"77946","04-10-22 01:00","Argentina","Liga Profesional","2022","Rosario Central","Union de Santa Fe","Jorge Balino","1","1","D"
"77947","03-10-22 01:30","Argentina","Liga Profesional","2022","Argentinos Jrs","River Plate","Yael Falcon Perez","0","3","A"
"77948","02-10-22 23:30","Argentina","Liga Profesional","2022","Talleres Cordoba","Lanus","Nicolas Ramirez","0","1","A"
"77949","02-10-22 23:00","Argentina","Liga Profesional","2022","Boca Juniors","Velez Sarsfield","Patricio Loustau","1","0","H"
"77950","02-10-22 20:30","Argentina","Liga Profesional","2022","Patronato","Atl. Tucuman","Hernan Mastrangelo","2","1","H"
"77951","02-10-22 01:30","Argentina","Liga Profesional","2022","Arsenal Sarandi","Independiente","Fernando Espinoza","0","1","A"
"77952","01-10-22 23:00","Argentina","Liga Profesional","2022","Banfield","Godoy Cruz","Ariel Penel","1","1","D"
"77953","01-10-22 20:30","Argentina","Liga Profesional","2022","San Lorenzo","Huracan","Fernando Rapallini","1","0","H"
"77954","01-10-22 18:00","Argentina","Liga Profesional","2022","Central Cordoba","Sarmiento Junin","Facundo Raul Tello Figueroa","0","0","D"
"77955","01-10-22 18:00","Argentina","Liga Profesional","2022","Platense","Defensa y Justicia","Nazareno Arasa","0","0","D"
"77956","01-10-22 02:30","Argentina","Liga Profesional","2022","Racing Club","Rosario Central","Pablo Echavarria","4","3","H"
"77957","01-10-22 02:30","Argentina","Liga Profesional","2022","Union de Santa Fe","Newells Old Boys","Dario Herrera","0","1","A"
"77958","01-10-22 00:00","Argentina","Liga Profesional","2022","Estudiantes L.P.","Colon Santa Fe","Leandro Rey Hilfer","2","4","A"
"77959","01-10-22 00:00","Argentina","Liga Profesional","2022","Tigre","Aldosivi","Jorge Balino","3","0","H"
"77960","29-09-22 20:30","Argentina","Liga Profesional","2022","Barracas Central","Gimnasia L.P.","Andres Merlos","1","1","D"
"77961","26-09-22 22:00","Argentina","Liga Profesional","2022","Aldosivi","Central Cordoba","Luis Lobo Medina","0","3","A"
"77962","26-09-22 22:00","Argentina","Liga Profesional","2022","Colon Santa Fe","Argentinos Jrs","Nicolas Ramirez","0","4","A"
"77963","26-09-22 01:30","Argentina","Liga Profesional","2022","Atl. Tucuman","Estudiantes L.P.","Dario Herrera","3","1","H"
"77964","26-09-22 01:30","Argentina","Liga Profesional","2022","Velez Sarsfield","Barracas Central","Yael Falcon Perez","1","0","H"
"77965","25-09-22 23:00","Argentina","Liga Profesional","2022","Racing Club","Union de Santa Fe","Patricio Loustau","2","1","H"
"77966","25-09-22 20:30","Argentina","Liga Profesional","2022","Gimnasia L.P.","Tigre","German Delfino","0","1","A"
"77967","25-09-22 20:30","Argentina","Liga Profesional","2022","Rosario Central","Platense","Silvio Trucco","1","1","D"
"77968","25-09-22 01:30","Argentina","Liga Profesional","2022","Independiente","Newells Old Boys","Fernando Rapallini","1","0","H"
"77969","24-09-22 23:00","Argentina","Liga Profesional","2022","River Plate","Talleres Cordoba","Facundo Raul Tello Figueroa","0","1","A"
"77970","24-09-22 20:30","Argentina","Liga Profesional","2022","Lanus","San Lorenzo","Jorge Balino","2","0","H"
"77971","24-09-22 18:00","Argentina","Liga Profesional","2022","Defensa y Justicia","Patronato","Sebastian Zunino","2","1","H"
"77972","24-09-22 18:00","Argentina","Liga Profesional","2022","Sarmiento Junin","Arsenal Sarandi","Andres Merlos","2","0","H"
"77973","24-09-22 00:00","Argentina","Liga Profesional","2022","Godoy Cruz","Boca Juniors","Pablo Echavarria","0","1","A"
"77974","24-09-22 00:00","Argentina","Liga Profesional","2022","Huracan","Banfield","Fernando Echenique","3","1","H"
"77975","21-09-22 01:30","Argentina","Liga Profesional","2022","Central Cordoba","Gimnasia L.P.","Pablo Echavarria","1","0","H"
"77976","20-09-22 23:00","Argentina","Liga Profesional","2022","Patronato","Rosario Central","Dario Herrera","0","0","D"
"77977","20-09-22 02:30","Argentina","Liga Profesional","2022","Argentinos Jrs","Atl. Tucuman","Fernando Rapallini","1","2","A"
"77978","20-09-22 02:30","Argentina","Liga Profesional","2022","Estudiantes L.P.","Defensa y Justicia","Fernando Echenique","1","2","A"
"77979","20-09-22 00:00","Argentina","Liga Profesional","2022","Boca Juniors","Huracan","Yael Falcon Perez","0","0","D"
"77980","20-09-22 00:00","Argentina","Liga Profesional","2022","Union de Santa Fe","Independiente","Jorge Balino","0","1","A"
"77981","19-09-22 21:30","Argentina","Liga Profesional","2022","Arsenal Sarandi","Aldosivi","Silvio Trucco","3","0","H"
"77982","19-09-22 01:30","Argentina","Liga Profesional","2022","Platense","Racing Club","Facundo Raul Tello Figueroa","0","1","A"
"77983","19-09-22 01:30","Argentina","Liga Profesional","2022","Talleres Cordoba","Colon Santa Fe","Nazareno Arasa","2","0","H"
"77984","18-09-22 23:00","Argentina","Liga Profesional","2022","Banfield","Lanus","Andres Merlos","1","2","A"
"77985","18-09-22 20:30","Argentina","Liga Profesional","2022","San Lorenzo","River Plate","Patricio Loustau","0","1","A"
"77986","18-09-22 18:00","Argentina","Liga Profesional","2022","Tigre","Velez Sarsfield","Hernan Mastrangelo","2","0","H"
"77987","18-09-22 01:30","Argentina","Liga Profesional","2022","Newells Old Boys","Sarmiento Junin","Pablo Dovalo","0","1","A"
"77988","17-09-22 20:30","Argentina","Liga Profesional","2022","Barracas Central","Godoy Cruz","Leandro Rey Hilfer","3","1","H"
"77989","16-09-22 02:30","Argentina","Liga Profesional","2022","Atl. Tucuman","Talleres Cordoba","Yael Falcon Perez","1","1","D"
"77990","16-09-22 02:30","Argentina","Liga Profesional","2022","Gimnasia L.P.","Arsenal Sarandi","Fernando Echenique","2","0","H"
"77991","16-09-22 00:00","Argentina","Liga Profesional","2022","Defensa y Justicia","Argentinos Jrs","Luis Lobo Medina","2","1","H"
"77992","16-09-22 00:00","Argentina","Liga Profesional","2022","Rosario Central","Estudiantes L.P.","Andres Merlos","1","1","D"
"77993","15-09-22 02:30","Argentina","Liga Profesional","2022","Lanus","Boca Juniors","Facundo Raul Tello Figueroa","0","1","A"
"77994","15-09-22 00:00","Argentina","Liga Profesional","2022","River Plate","Banfield","Nicolas Ramirez","1","2","A"
"77995","14-09-22 21:30","Argentina","Liga Profesional","2022","Colon Santa Fe","San Lorenzo","Sebastian Zunino","0","0","D"
"77996","14-09-22 19:00","Argentina","Liga Profesional","2022","Aldosivi","Newells Old Boys","Jorge Balino","1","2","A"
"77997","14-09-22 02:30","Argentina","Liga Profesional","2022","Platense","Union de Santa Fe","Hernan Mastrangelo","1","0","H"
"77998","14-09-22 02:30","Argentina","Liga Profesional","2022","Racing Club","Patronato","Leandro Rey Hilfer","1","0","H"
"77999","14-09-22 00:00","Argentina","Liga Profesional","2022","Godoy Cruz","Tigre","Nazareno Arasa","1","1","D"
"78000","14-09-22 00:00","Argentina","Liga Profesional","2022","Huracan","Barracas Central","Pablo Echavarria","1","1","D"
"78001","12-09-22 22:00","Argentina","Liga Profesional","2022","Sarmiento Junin","Independiente","Patricio Loustau","1","2","A"
"78002","12-09-22 01:00","Argentina","Liga Profesional","2022","Talleres Cordoba","Defensa y Justicia","Leandro Rey Hilfer","1","0","H"
"78003","11-09-22 22:00","Argentina","Liga Profesional","2022","Boca Juniors","River Plate","Dario Herrera","1","0","H"
"78004","11-09-22 18:00","Argentina","Liga Profesional","2022","Arsenal Sarandi","Velez Sarsfield","Sebastian Zunino","2","2","D"
"78005","11-09-22 18:00","Argentina","Liga Profesional","2022","Newells Old Boys","Gimnasia L.P.","Fernando Espinoza","2","0","H"
"78006","11-09-22 01:30","Argentina","Liga Profesional","2022","Banfield","Colon Santa Fe","Ariel Penel","2","1","H"
"78007","10-09-22 23:00","Argentina","Liga Profesional","2022","San Lorenzo","Atl. Tucuman","Fernando Echenique","1","1","D"
"78008","10-09-22 20:30","Argentina","Liga Profesional","2022","Central Cordoba","Godoy Cruz","Jorge Balino","3","0","H"
"78009","10-09-22 01:30","Argentina","Liga Profesional","2022","Estudiantes L.P.","Racing Club","Pablo Dovalo","1","0","H"
"78010","10-09-22 01:30","Argentina","Liga Profesional","2022","Tigre","Huracan","Facundo Raul Tello Figueroa","1","1","D"
"78011","09-09-22 23:00","Argentina","Liga Profesional","2022","Patronato","Platense","Patricio Loustau","1","0","H"
"78012","09-09-22 20:30","Argentina","Liga Profesional","2022","Barracas Central","Lanus","Silvio Trucco","2","0","H"
"78013","09-09-22 01:30","Argentina","Liga Profesional","2022","Argentinos Jrs","Rosario Central","Pablo Echavarria","2","1","H"
"78014","09-09-22 01:30","Argentina","Liga Profesional","2022","Union de Santa Fe","Sarmiento Junin","Carlos Andres Gariano","1","0","H"
"78015","08-09-22 23:00","Argentina","Liga Profesional","2022","Independiente","Aldosivi","Hernan Mastrangelo","3","0","H"
"78016","06-09-22 02:30","Argentina","Liga Profesional","2022","Atl. Tucuman","Banfield","Dario Herrera","0","0","D"
"78017","06-09-22 00:00","Argentina","Liga Profesional","2022","Defensa y Justicia","San Lorenzo","Andres Merlos","0","0","D"
"78018","06-09-22 00:00","Argentina","Liga Profesional","2022","Godoy Cruz","Arsenal Sarandi","Pablo Echavarria","1","0","H"
"78019","05-09-22 01:30","Argentina","Liga Profesional","2022","River Plate","Barracas Central","German Delfino","2","0","H"
"78020","04-09-22 23:00","Argentina","Liga Profesional","2022","Colon Santa Fe","Boca Juniors","Hernan Mastrangelo","1","2","A"
"78021","04-09-22 20:30","Argentina","Liga Profesional","2022","Patronato","Union de Santa Fe","Nazareno Arasa","0","0","D"
"78022","04-09-22 20:30","Argentina","Liga Profesional","2022","Platense","Estudiantes L.P.","Nicolas Ramirez","0","0","D"
"78023","04-09-22 01:30","Argentina","Liga Profesional","2022","Gimnasia L.P.","Independiente","Pablo Dovalo","3","1","H"
"78024","03-09-22 23:00","Argentina","Liga Profesional","2022","Racing Club","Argentinos Jrs","Yael Falcon Perez","1","0","H"
"78025","03-09-22 20:30","Argentina","Liga Profesional","2022","Aldosivi","Sarmiento Junin","Fernando Espinoza","1","2","A"
"78026","03-09-22 20:30","Argentina","Liga Profesional","2022","Velez Sarsfield","Newells Old Boys","Pablo Gimenez","0","1","A"
"78027","03-09-22 18:00","Argentina","Liga Profesional","2022","Rosario Central","Talleres Cordoba","Fernando Rapallini","1","0","H"
"78028","03-09-22 17:00","Argentina","Liga Profesional","2022","Lanus","Tigre","Jorge Balino","1","2","A"
"78029","02-09-22 01:00","Argentina","Liga Profesional","2022","Huracan","Central Cordoba","Silvio Trucco","2","0","H"
"78030","29-08-22 01:30","Argentina","Liga Profesional","2022","Estudiantes L.P.","Patronato","Carlos Andres Gariano","1","0","H"
"78031","29-08-22 01:30","Argentina","Liga Profesional","2022","Union de Santa Fe","Aldosivi","Luis Lobo Medina","0","0","D"
"78032","28-08-22 23:00","Argentina","Liga Profesional","2022","Boca Juniors","Atl. Tucuman","Fernando Espinoza","2","1","H"
"78033","28-08-22 20:30","Argentina","Liga Profesional","2022","Independiente","Velez Sarsfield","Andres Merlos","1","1","D"
"78034","28-08-22 18:00","Argentina","Liga Profesional","2022","Barracas Central","Colon Santa Fe","Yael Falcon Perez","1","0","H"
"78035","28-08-22 18:00","Argentina","Liga Profesional","2022","Sarmiento Junin","Gimnasia L.P.","Pablo Echavarria","0","0","D"
"78036","28-08-22 01:30","Argentina","Liga Profesional","2022","Tigre","River Plate","Patricio Loustau","1","1","D"
"78037","27-08-22 23:00","Argentina","Liga Profesional","2022","Argentinos Jrs","Platense","Leandro Rey Hilfer","0","2","A"
"78038","27-08-22 23:00","Argentina","Liga Profesional","2022","Talleres Cordoba","Racing Club","Fernando Echenique","1","1","D"
"78039","27-08-22 20:30","Argentina","Liga Profesional","2022","Banfield","Defensa y Justicia","Sebastian Zunino","1","2","A"
"78040","27-08-22 20:30","Argentina","Liga Profesional","2022","Newells Old Boys","Godoy Cruz","Dario Herrera","1","2","A"
"78041","27-08-22 18:00","Argentina","Liga Profesional","2022","San Lorenzo","Rosario Central","Nicolas Lamolina","1","1","D"
"78042","27-08-22 02:00","Argentina","Liga Profesional","2022","Arsenal Sarandi","Huracan","Nazareno Arasa","1","1","D"
"78043","26-08-22 23:00","Argentina","Liga Profesional","2022","Central Cordoba","Lanus","Fernando Rapallini","2","2","D"
"78044","24-08-22 02:30","Argentina","Liga Profesional","2022","Atl. Tucuman","Barracas Central","Hernan Mastrangelo","4","0","H"
"78045","24-08-22 02:30","Argentina","Liga Profesional","2022","Gimnasia L.P.","Aldosivi","Patricio Loustau","0","0","D"
"78046","24-08-22 00:00","Argentina","Liga Profesional","2022","Patronato","Argentinos Jrs","Pablo Echavarria","0","0","D"
"78047","23-08-22 02:30","Argentina","Liga Profesional","2022","Platense","Talleres Cordoba","Pablo Dovalo","0","0","D"
"78048","23-08-22 02:30","Argentina","Liga Profesional","2022","Velez Sarsfield","Sarmiento Junin","Nicolas Ramirez","1","1","D"
"78049","23-08-22 00:00","Argentina","Liga Profesional","2022","Racing Club","San Lorenzo","Fernando Espinoza","1","2","A"
"78050","22-08-22 21:30","Argentina","Liga Profesional","2022","Estudiantes L.P.","Union de Santa Fe","Yael Falcon Perez","1","0","H"
"78051","22-08-22 21:30","Argentina","Liga Profesional","2022","Rosario Central","Banfield","Pablo Gimenez","0","1","A"
"78052","22-08-22 01:30","Argentina","Liga Profesional","2022","Defensa y Justicia","Boca Juniors","Silvio Trucco","0","1","A"
"78053","21-08-22 23:00","Argentina","Liga Profesional","2022","River Plate","Central Cordoba","Facundo Raul Tello Figueroa","3","0","H"
"78054","21-08-22 20:30","Argentina","Liga Profesional","2022","Godoy Cruz","Independiente","Nazareno Arasa","1","1","D"
"78055","21-08-22 18:00","Argentina","Liga Profesional","2022","Lanus","Arsenal Sarandi","Fernando Echenique","1","0","H"
"78056","21-08-22 01:30","Argentina","Liga Profesional","2022","Huracan","Newells Old Boys","Jorge Balino","1","0","H"
"78057","20-08-22 23:00","Argentina","Liga Profesional","2022","Colon Santa Fe","Tigre","Andres Merlos","2","1","H"
"78058","19-08-22 02:30","Argentina","Liga Profesional","2022","Argentinos Jrs","Estudiantes L.P.","Andres Merlos","1","0","H"
"78059","19-08-22 02:30","Argentina","Liga Profesional","2022","Banfield","Racing Club","Hernan Mastrangelo","0","2","A"
"78060","19-08-22 00:00","Argentina","Liga Profesional","2022","Talleres Cordoba","Patronato","Nicolas Ramirez","3","3","D"
"78061","19-08-22 00:00","Argentina","Liga Profesional","2022","Union de Santa Fe","Gimnasia L.P.","Facundo Raul Tello Figueroa","0","2","A"
"78062","18-08-22 21:30","Argentina","Liga Profesional","2022","Aldosivi","Velez Sarsfield","Nazareno Arasa","3","2","H"
"78063","18-08-22 19:30","Argentina","Liga Profesional","2022","Barracas Central","Defensa y Justicia","Pablo Dovalo","3","1","H"
"78064","18-08-22 02:30","Argentina","Liga Profesional","2022","Boca Juniors","Rosario Central","Pablo Echavarria","0","0","D"
"78065","18-08-22 00:00","Argentina","Liga Profesional","2022","Arsenal Sarandi","River Plate","Sebastian Zunino","0","0","D"
"78066","17-08-22 21:30","Argentina","Liga Profesional","2022","Newells Old Boys","Lanus","Fernando Espinoza","2","0","H"
"78067","17-08-22 21:30","Argentina","Liga Profesional","2022","Tigre","Atl. Tucuman","Dario Herrera","0","0","D"
"78068","17-08-22 02:30","Argentina","Liga Profesional","2022","Independiente","Huracan","Yael Falcon Perez","1","1","D"
"78069","17-08-22 00:00","Argentina","Liga Profesional","2022","San Lorenzo","Platense","Fernando Echenique","2","0","H"
"78070","16-08-22 21:30","Argentina","Liga Profesional","2022","Central Cordoba","Colon Santa Fe","Leandro Rey Hilfer","3","0","H"
"78071","16-08-22 21:30","Argentina","Liga Profesional","2022","Sarmiento Junin","Godoy Cruz","Patricio Loustau","1","2","A"
"78072","15-08-22 01:30","Argentina","Liga Profesional","2022","Racing Club","Boca Juniors","Fernando Rapallini","0","0","D"
"78073","14-08-22 23:00","Argentina","Liga Profesional","2022","Argentinos Jrs","Union de Santa Fe","Patricio Loustau","2","0","H"
"78074","14-08-22 23:00","Argentina","Liga Profesional","2022","Estudiantes L.P.","Talleres Cordoba","Nicolas Lamolina","1","0","H"
"78075","14-08-22 20:30","Argentina","Liga Profesional","2022","Velez Sarsfield","Gimnasia L.P.","Hernan Mastrangelo","1","1","D"
"78076","14-08-22 01:30","Argentina","Liga Profesional","2022","River Plate","Newells Old Boys","Fernando Echenique","4","1","H"
"78077","13-08-22 23:00","Argentina","Liga Profesional","2022","Lanus","Independiente","Facundo Raul Tello Figueroa","1","1","D"
"78078","13-08-22 20:30","Argentina","Liga Profesional","2022","Defensa y Justicia","Tigre","Fernando Espinoza","0","0","D"
"78079","13-08-22 20:30","Argentina","Liga Profesional","2022","Rosario Central","Barracas Central","Andres Merlos","3","1","H"
"78080","13-08-22 02:30","Argentina","Liga Profesional","2022","Patronato","San Lorenzo","Nazareno Arasa","3","2","H"
"78081","13-08-22 00:00","Argentina","Liga Profesional","2022","Huracan","Sarmiento Junin","Dario Herrera","4","1","H"
"78082","13-08-22 00:00","Argentina","Liga Profesional","2022","Platense","Banfield","German Delfino","3","1","H"
"78083","12-08-22 02:30","Argentina","Liga Profesional","2022","Atl. Tucuman","Central Cordoba","Pablo Echavarria","1","0","H"
"78084","12-08-22 02:30","Argentina","Liga Profesional","2022","Colon Santa Fe","Arsenal Sarandi","Jorge Balino","1","1","D"
"78085","12-08-22 00:00","Argentina","Liga Profesional","2022","Godoy Cruz","Aldosivi","Yael Falcon Perez","2","0","H"
"78086","09-08-22 01:00","Argentina","Liga Profesional","2022","Tigre","Rosario Central","Patricio Loustau","3","1","H"
"78087","08-08-22 16:00","Argentina","Liga Profesional","2022","Central Cordoba","Defensa y Justicia","Jorge Balino","1","0","H"
"78088","08-08-22 01:00","Argentina","Liga Profesional","2022","Newells Old Boys","Colon Santa Fe","Pablo Echavarria","0","0","D"
"78089","07-08-22 22:30","Argentina","Liga Profesional","2022","Independiente","River Plate","Fernando Rapallini","0","1","A"
"78090","07-08-22 20:00","Argentina","Liga Profesional","2022","San Lorenzo","Estudiantes L.P.","Silvio Trucco","0","0","D"
"78091","07-08-22 18:00","Argentina","Liga Profesional","2022","Aldosivi","Huracan","Sebastian Zunino","0","1","A"
"78092","07-08-22 02:00","Argentina","Liga Profesional","2022","Boca Juniors","Platense","Yael Falcon Perez","2","1","H"
"78093","06-08-22 23:00","Argentina","Liga Profesional","2022","Talleres Cordoba","Argentinos Jrs","Nazareno Arasa","2","0","H"
"78094","06-08-22 23:00","Argentina","Liga Profesional","2022","Union de Santa Fe","Velez Sarsfield","Dario Herrera","2","1","H"
"78095","06-08-22 20:00","Argentina","Liga Profesional","2022","Barracas Central","Racing Club","Nicolas Lamolina","0","0","D"
"78096","06-08-22 18:00","Argentina","Liga Profesional","2022","Arsenal Sarandi","Atl. Tucuman","Fernando Espinoza","3","1","H"
"78097","06-08-22 02:30","Argentina","Liga Profesional","2022","Banfield","Patronato","Ariel Penel","0","0","D"
"78098","06-08-22 02:30","Argentina","Liga Profesional","2022","Sarmiento Junin","Lanus","Andres Merlos","2","1","H"
"78099","06-08-22 00:00","Argentina","Liga Profesional","2022","Gimnasia L.P.","Godoy Cruz","Leandro Rey Hilfer","2","0","H"
"78100","02-08-22 02:30","Argentina","Liga Profesional","2022","Colon Santa Fe","Independiente","Fernando Espinoza","0","3","A"
"78101","02-08-22 00:00","Argentina","Liga Profesional","2022","Defensa y Justicia","Arsenal Sarandi","Fernando Echenique","0","0","D"
"78102","02-08-22 00:00","Argentina","Liga Profesional","2022","Rosario Central","Central Cordoba","Dario Herrera","0","3","A"
"78103","01-08-22 01:30","Argentina","Liga Profesional","2022","River Plate","Sarmiento Junin","Hernan Mastrangelo","1","2","A"
"78104","31-07-22 23:00","Argentina","Liga Profesional","2022","Patronato","Boca Juniors","Facundo Raul Tello Figueroa","3","0","H"
"78105","31-07-22 20:30","Argentina","Liga Profesional","2022","Racing Club","Tigre","Yael Falcon Perez","3","3","D"
"78106","31-07-22 18:00","Argentina","Liga Profesional","2022","Lanus","Aldosivi","Pablo Dovalo","0","1","A"
"78107","31-07-22 18:00","Argentina","Liga Profesional","2022","Platense","Barracas Central","Silvio Trucco","0","0","D"
"78108","31-07-22 01:30","Argentina","Liga Profesional","2022","Atl. Tucuman","Newells Old Boys","Andres Merlos","2","0","H"
"78109","31-07-22 01:30","Argentina","Liga Profesional","2022","Huracan","Gimnasia L.P.","Patricio Loustau","0","1","A"
"78110","30-07-22 23:00","Argentina","Liga Profesional","2022","Estudiantes L.P.","Banfield","Nazareno Arasa","0","0","D"
"78111","30-07-22 20:30","Argentina","Liga Profesional","2022","Argentinos Jrs","San Lorenzo","German Delfino","0","1","A"
"78112","30-07-22 01:00","Argentina","Liga Profesional","2022","Godoy Cruz","Velez Sarsfield","Pablo Echavarria","1","1","D"
"78113","27-07-22 01:00","Argentina","Liga Profesional","2022","Arsenal Sarandi","Rosario Central","Sebastian Zunino","0","3","A"
"78114","27-07-22 01:00","Argentina","Liga Profesional","2022","Barracas Central","Patronato","Jorge Balino","2","1","H"
"78115","26-07-22 02:30","Argentina","Liga Profesional","2022","Union de Santa Fe","Godoy Cruz","Nazareno Arasa","2","1","H"
"78116","26-07-22 02:30","Argentina","Liga Profesional","2022","Velez Sarsfield","Huracan","Silvio Trucco","1","1","D"
"78117","26-07-22 00:00","Argentina","Liga Profesional","2022","Banfield","Argentinos Jrs","Nicolas Ramirez","1","1","D"
"78118","26-07-22 00:00","Argentina","Liga Profesional","2022","Newells Old Boys","Defensa y Justicia","Facundo Raul Tello Figueroa","1","2","A"
"78119","25-07-22 21:30","Argentina","Liga Profesional","2022","San Lorenzo","Talleres Cordoba","Patricio Loustau","1","1","D"
"78120","25-07-22 01:30","Argentina","Liga Profesional","2022","Boca Juniors","Estudiantes L.P.","Hernan Mastrangelo","3","1","H"
"78121","24-07-22 23:00","Argentina","Liga Profesional","2022","Gimnasia L.P.","Lanus","Nicolas Lamolina","1","0","H"
"78122","24-07-22 20:30","Argentina","Liga Profesional","2022","Aldosivi","River Plate","Pablo Echavarria","0","3","A"
"78123","24-07-22 18:00","Argentina","Liga Profesional","2022","Tigre","Platense","Mauro Vigliano","3","0","H"
"78124","24-07-22 16:00","Argentina","Liga Profesional","2022","Independiente","Atl. Tucuman","Fernando Echenique","0","1","A"
"78125","24-07-22 01:30","Argentina","Liga Profesional","2022","Central Cordoba","Racing Club","Andres Merlos","1","3","A"
"78126","23-07-22 20:30","Argentina","Liga Profesional","2022","Sarmiento Junin","Colon Santa Fe","Leandro Rey Hilfer","1","3","A"
"78127","22-07-22 02:30","Argentina","Liga Profesional","2022","River Plate","Gimnasia L.P.","Yael Falcon Perez","1","0","H"
"78128","22-07-22 00:00","Argentina","Liga Profesional","2022","Talleres Cordoba","Banfield","Hernan Mastrangelo","1","0","H"
"78129","21-07-22 21:30","Argentina","Liga Profesional","2022","Rosario Central","Newells Old Boys","Fernando Espinoza","1","0","H"
"78130","21-07-22 02:30","Argentina","Liga Profesional","2022","Huracan","Godoy Cruz","Dario Herrera","0","0","D"
"78131","21-07-22 02:30","Argentina","Liga Profesional","2022","Lanus","Velez Sarsfield","Luis Lobo Medina","2","2","D"
"78132","21-07-22 00:00","Argentina","Liga Profesional","2022","Defensa y Justicia","Independiente","Nazareno Arasa","2","1","H"
"78133","21-07-22 00:00","Argentina","Liga Profesional","2022","Estudiantes L.P.","Barracas Central","Pablo Echavarria","3","1","H"
"78134","20-07-22 21:30","Argentina","Liga Profesional","2022","Patronato","Tigre","Lucas Comesana","1","0","H"
"78135","20-07-22 19:00","Argentina","Liga Profesional","2022","San Lorenzo","Union de Santa Fe","Nicolas Lamolina","2","2","D"
"78136","20-07-22 02:30","Argentina","Liga Profesional","2022","Argentinos Jrs","Boca Juniors","Fernando Rapallini","2","0","H"
"78137","20-07-22 00:00","Argentina","Liga Profesional","2022","Atl. Tucuman","Sarmiento Junin","Jorge Balino","1","0","H"
"78138","20-07-22 00:00","Argentina","Liga Profesional","2022","Racing Club","Arsenal Sarandi","Leandro Rey Hilfer","1","1","D"
"78139","19-07-22 21:30","Argentina","Liga Profesional","2022","Colon Santa Fe","Aldosivi","Carlos Andres Gariano","1","1","D"
"78140","19-07-22 21:30","Argentina","Liga Profesional","2022","Platense","Central Cordoba","Patricio Loustau","2","0","H"
"78141","18-07-22 01:30","Argentina","Liga Profesional","2022","Velez Sarsfield","River Plate","Patricio Loustau","2","2","D"
"78142","17-07-22 23:00","Argentina","Liga Profesional","2022","Tigre","Estudiantes L.P.","Silvio Trucco","2","1","H"
"78143","17-07-22 20:30","Argentina","Liga Profesional","2022","Banfield","San Lorenzo","Andres Merlos","1","1","D"
"78144","17-07-22 18:00","Argentina","Liga Profesional","2022","Godoy Cruz","Lanus","Facundo Raul Tello Figueroa","2","1","H"
"78145","17-07-22 18:00","Argentina","Liga Profesional","2022","Union de Santa Fe","Huracan","Hernan Mastrangelo","0","0","D"
"78146","17-07-22 01:30","Argentina","Liga Profesional","2022","Boca Juniors","Talleres Cordoba","Pablo Dovalo","1","0","H"
"78147","16-07-22 23:00","Argentina","Liga Profesional","2022","Newells Old Boys","Racing Club","Dario Herrera","0","0","D"
"78148","16-07-22 20:30","Argentina","Liga Profesional","2022","Gimnasia L.P.","Colon Santa Fe","Fernando Echenique","0","0","D"
"78149","16-07-22 20:30","Argentina","Liga Profesional","2022","Independiente","Rosario Central","Yael Falcon Perez","0","0","D"
"78150","16-07-22 18:00","Argentina","Liga Profesional","2022","Barracas Central","Argentinos Jrs","German Delfino","1","3","A"
"78151","16-07-22 02:30","Argentina","Liga Profesional","2022","Aldosivi","Atl. Tucuman","Nicolas Ramirez","0","1","A"
"78152","16-07-22 02:30","Argentina","Liga Profesional","2022","Arsenal Sarandi","Platense","Pablo Gimenez","1","1","D"
"78153","16-07-22 00:00","Argentina","Liga Profesional","2022","Sarmiento Junin","Defensa y Justicia","Fernando Espinoza","2","0","H"
"78154","15-07-22 02:00","Argentina","Liga Profesional","2022","Central Cordoba","Patronato","Pablo Echavarria","1","3","A"
"78155","12-07-22 02:30","Argentina","Liga Profesional","2022","Argentinos Jrs","Tigre","Patricio Loustau","2","1","H"
"78156","12-07-22 00:00","Argentina","Liga Profesional","2022","Colon Santa Fe","Velez Sarsfield","Andres Merlos","2","1","H"
"78157","12-07-22 00:00","Argentina","Liga Profesional","2022","Defensa y Justicia","Aldosivi","Silvio Trucco","3","2","H"
"78158","11-07-22 01:30","Argentina","Liga Profesional","2022","River Plate","Godoy Cruz","Nicolas Lamolina","0","2","A"
"78159","10-07-22 23:00","Argentina","Liga Profesional","2022","Atl. Tucuman","Gimnasia L.P.","Dario Herrera","2","0","H"
"78160","10-07-22 23:00","Argentina","Liga Profesional","2022","Lanus","Huracan","Mauro Vigliano","2","3","A"
"78161","10-07-22 20:30","Argentina","Liga Profesional","2022","Racing Club","Independiente","Fernando Rapallini","1","0","H"
"78162","10-07-22 18:00","Argentina","Liga Profesional","2022","Estudiantes L.P.","Central Cordoba","Facundo Raul Tello Figueroa","2","2","D"
"78163","10-07-22 01:30","Argentina","Liga Profesional","2022","Platense","Newells Old Boys","Hernan Mastrangelo","1","1","D"
"78164","10-07-22 01:30","Argentina","Liga Profesional","2022","Talleres Cordoba","Barracas Central","Yael Falcon Perez","0","2","A"
"78165","09-07-22 23:00","Argentina","Liga Profesional","2022","Banfield","Union de Santa Fe","Nazareno Arasa","2","3","A"
"78166","09-07-22 20:30","Argentina","Liga Profesional","2022","San Lorenzo","Boca Juniors","Fernando Espinoza","2","1","H"
"78167","09-07-22 18:00","Argentina","Liga Profesional","2022","Patronato","Arsenal Sarandi","Jorge Balino","0","1","A"
"78168","09-07-22 01:00","Argentina","Liga Profesional","2022","Rosario Central","Sarmiento Junin","Fernando Echenique","1","0","H"
"78169","05-07-22 02:30","Argentina","Liga Profesional","2022","Independiente","Platense","Pablo Dovalo","1","3","A"
"78170","05-07-22 00:00","Argentina","Liga Profesional","2022","Aldosivi","Rosario Central","Facundo Raul Tello Figueroa","2","1","H"
"78171","05-07-22 00:00","Argentina","Liga Profesional","2022","Newells Old Boys","Patronato","Andres Merlos","2","2","D"
"78172","04-07-22 22:00","Argentina","Liga Profesional","2022","Arsenal Sarandi","Estudiantes L.P.","Nicolas Lamolina","2","1","H"
"78173","04-07-22 02:00","Argentina","Liga Profesional","2022","Huracan","River Plate","Fernando Rapallini","3","2","H"
"78174","03-07-22 23:00","Argentina","Liga Profesional","2022","Sarmiento Junin","Racing Club","Pablo Echavarria","1","1","D"
"78175","03-07-22 20:00","Argentina","Liga Profesional","2022","Barracas Central","San Lorenzo","Jorge Balino","2","1","H"
"78176","03-07-22 18:00","Argentina","Liga Profesional","2022","Union de Santa Fe","Lanus","Fernando Espinoza","3","0","H"
"78177","03-07-22 01:30","Argentina","Liga Profesional","2022","Gimnasia L.P.","Defensa y Justicia","German Delfino","1","0","H"
"78178","02-07-22 23:00","Argentina","Liga Profesional","2022","Godoy Cruz","Colon Santa Fe","Hernan Mastrangelo","1","0","H"
"78179","02-07-22 23:00","Argentina","Liga Profesional","2022","Velez Sarsfield","Atl. Tucuman","Yael Falcon Perez","0","1","A"
"78180","02-07-22 20:30","Argentina","Liga Profesional","2022","Tigre","Talleres Cordoba","Fernando Echenique","1","1","D"
"78181","02-07-22 02:30","Argentina","Liga Profesional","2022","Boca Juniors","Banfield","Dario Herrera","0","3","A"
"78182","02-07-22 00:00","Argentina","Liga Profesional","2022","Central Cordoba","Argentinos Jrs","Silvio Trucco","1","2","A"
"78183","28-06-22 01:00","Argentina","Liga Profesional","2022","Atl. Tucuman","Godoy Cruz","Nazareno Arasa","1","1","D"
"78184","27-06-22 20:30","Argentina","Liga Profesional","2022","Patronato","Independiente","Fernando Espinoza","3","1","H"
"78185","27-06-22 01:30","Argentina","Liga Profesional","2022","Argentinos Jrs","Arsenal Sarandi","Leandro Rey Hilfer","1","1","D"
"78186","26-06-22 23:00","Argentina","Liga Profesional","2022","Racing Club","Aldosivi","Fernando Echenique","5","0","H"
"78187","26-06-22 20:30","Argentina","Liga Profesional","2022","Platense","Sarmiento Junin","Silvio Trucco","0","0","D"
"78188","26-06-22 18:00","Argentina","Liga Profesional","2022","San Lorenzo","Tigre","Ariel Penel","1","1","D"
"78189","26-06-22 01:30","Argentina","Liga Profesional","2022","River Plate","Lanus","Dario Herrera","2","1","H"
"78190","25-06-22 23:00","Argentina","Liga Profesional","2022","Colon Santa Fe","Huracan","Pablo Echavarria","0","1","A"
"78191","25-06-22 23:00","Argentina","Liga Profesional","2022","Estudiantes L.P.","Newells Old Boys","Jorge Balino","0","2","A"
"78192","25-06-22 20:30","Argentina","Liga Profesional","2022","Defensa y Justicia","Velez Sarsfield","Nicolas Lamolina","1","1","D"
"78193","25-06-22 20:30","Argentina","Liga Profesional","2022","Talleres Cordoba","Central Cordoba","Andres Merlos","0","2","A"
"78194","25-06-22 02:30","Argentina","Liga Profesional","2022","Boca Juniors","Union de Santa Fe","Yael Falcon Perez","1","2","A"
"78195","25-06-22 00:00","Argentina","Liga Profesional","2022","Banfield","Barracas Central","Pablo Dovalo","1","1","D"
"78196","25-06-22 00:00","Argentina","Liga Profesional","2022","Rosario Central","Gimnasia L.P.","Patricio Loustau","0","1","A"
"78197","22-06-22 02:30","Argentina","Liga Profesional","2022","Central Cordoba","San Lorenzo","German Delfino","0","2","A"
"78198","22-06-22 00:00","Argentina","Liga Profesional","2022","Aldosivi","Platense","Nazareno Arasa","0","0","D"
"78199","21-06-22 02:30","Argentina","Liga Profesional","2022","Independiente","Estudiantes L.P.","Hernan Mastrangelo","2","1","H"
"78200","21-06-22 02:30","Argentina","Liga Profesional","2022","Newells Old Boys","Argentinos Jrs","Nicolas Lamolina","1","0","H"
"78201","21-06-22 00:00","Argentina","Liga Profesional","2022","Gimnasia L.P.","Racing Club","Yael Falcon Perez","3","1","H"
"78202","21-06-22 00:00","Argentina","Liga Profesional","2022","Velez Sarsfield","Rosario Central","Fernando Espinoza","2","0","H"
"78203","20-06-22 21:30","Argentina","Liga Profesional","2022","Godoy Cruz","Defensa y Justicia","Carlos Andres Gariano","2","1","H"
"78204","20-06-22 02:30","Argentina","Liga Profesional","2022","Barracas Central","Boca Juniors","Patricio Loustau","1","3","A"
"78205","19-06-22 23:00","Argentina","Liga Profesional","2022","Union de Santa Fe","River Plate","Pablo Echavarria","1","5","A"
"78206","19-06-22 20:30","Argentina","Liga Profesional","2022","Huracan","Atl. Tucuman","Ariel Penel","0","0","D"
"78207","19-06-22 20:30","Argentina","Liga Profesional","2022","Lanus","Colon Santa Fe","Leandro Rey Hilfer","1","0","H"
"78208","19-06-22 18:00","Argentina","Liga Profesional","2022","Tigre","Banfield","Andres Merlos","0","1","A"
"78209","19-06-22 01:30","Argentina","Liga Profesional","2022","Sarmiento Junin","Patronato","Dario Herrera","3","1","H"
"78210","18-06-22 23:00","Argentina","Liga Profesional","2022","Arsenal Sarandi","Talleres Cordoba","Luis Lobo Medina","1","1","D"
"78211","17-06-22 02:30","Argentina","Liga Profesional","2022","Platense","Gimnasia L.P.","Facundo Raul Tello Figueroa","1","1","D"
"78212","17-06-22 02:30","Argentina","Liga Profesional","2022","Racing Club","Velez Sarsfield","Hernan Mastrangelo","2","0","H"
"78213","17-06-22 00:00","Argentina","Liga Profesional","2022","Argentinos Jrs","Independiente","Yael Falcon Perez","2","1","H"
"78214","17-06-22 00:00","Argentina","Liga Profesional","2022","Rosario Central","Godoy Cruz","Ariel Penel","1","0","H"
"78215","16-06-22 02:30","Argentina","Liga Profesional","2022","Boca Juniors","Tigre","Jorge Balino","5","3","H"
"78216","16-06-22 00:00","Argentina","Liga Profesional","2022","Colon Santa Fe","River Plate","Patricio Loustau","1","0","H"
"78217","15-06-22 21:30","Argentina","Liga Profesional","2022","Atl. Tucuman","Lanus","Fernando Rapallini","2","1","H"
"78218","15-06-22 21:30","Argentina","Liga Profesional","2022","Banfield","Central Cordoba","Fernando Espinoza","2","1","H"
"78219","15-06-22 19:00","Argentina","Liga Profesional","2022","Barracas Central","Union de Santa Fe","Andres Merlos","1","2","A"
"78220","15-06-22 02:30","Argentina","Liga Profesional","2022","Defensa y Justicia","Huracan","Nazareno Arasa","1","1","D"
"78221","15-06-22 02:30","Argentina","Liga Profesional","2022","Estudiantes L.P.","Sarmiento Junin","Sebastian Zunino","2","1","H"
"78222","15-06-22 00:00","Argentina","Liga Profesional","2022","Patronato","Aldosivi","Pablo Echavarria","1","0","H"
"78223","15-06-22 00:00","Argentina","Liga Profesional","2022","Talleres Cordoba","Newells Old Boys","Mauro Vigliano","0","1","A"
"78224","14-06-22 20:00","Argentina","Liga Profesional","2022","San Lorenzo","Arsenal Sarandi","Dario Herrera","3","3","D"
"78225","13-06-22 01:30","Argentina","Liga Profesional","2022","Central Cordoba","Boca Juniors","Pablo Echavarria","1","0","H"
"78226","12-06-22 23:00","Argentina","Liga Profesional","2022","Velez Sarsfield","Platense","Patricio Loustau","0","1","A"
"78227","12-06-22 20:30","Argentina","Liga Profesional","2022","Godoy Cruz","Racing Club","Facundo Raul Tello Figueroa","2","0","H"
"78228","12-06-22 18:00","Argentina","Liga Profesional","2022","Colon Santa Fe","Union de Santa Fe","Dario Herrera","2","2","D"
"78229","12-06-22 01:30","Argentina","Liga Profesional","2022","River Plate","Atl. Tucuman","Fernando Espinoza","0","0","D"
"78230","11-06-22 23:00","Argentina","Liga Profesional","2022","Sarmiento Junin","Argentinos Jrs","Andres Merlos","1","0","H"
"78231","11-06-22 20:30","Argentina","Liga Profesional","2022","Arsenal Sarandi","Banfield","Nazareno Arasa","0","0","D"
"78232","11-06-22 20:30","Argentina","Liga Profesional","2022","Tigre","Barracas Central","Yael Falcon Perez","1","1","D"
"78233","11-06-22 02:30","Argentina","Liga Profesional","2022","Huracan","Rosario Central","German Delfino","2","0","H"
"78234","11-06-22 02:30","Argentina","Liga Profesional","2022","Independiente","Talleres Cordoba","Fernando Rapallini","1","0","H"
"78235","11-06-22 00:00","Argentina","Liga Profesional","2022","Aldosivi","Estudiantes L.P.","Fernando Echenique","0","1","A"
"78236","11-06-22 00:00","Argentina","Liga Profesional","2022","Lanus","Defensa y Justicia","Leandro Rey Hilfer","1","1","D"
"78237","10-06-22 21:30","Argentina","Liga Profesional","2022","Gimnasia L.P.","Patronato","Nicolas Lamolina","2","0","H"
"78238","10-06-22 01:00","Argentina","Liga Profesional","2022","Newells Old Boys","San Lorenzo","Silvio Trucco","0","0","D"
"78239","07-06-22 02:30","Argentina","Liga Profesional","2022","Argentinos Jrs","Aldosivi","Silvio Trucco","2","1","H"
"78240","07-06-22 00:00","Argentina","Liga Profesional","2022","Rosario Central","Lanus","Pablo Dovalo","0","0","D"
"78241","06-06-22 02:30","Argentina","Liga Profesional","2022","Defensa y Justicia","River Plate","Facundo Raul Tello Figueroa","0","0","D"
"78242","06-06-22 00:30","Argentina","Liga Profesional","2022","Boca Juniors","Arsenal Sarandi","Fernando Espinoza","2","1","H"
"78243","05-06-22 22:00","Argentina","Liga Profesional","2022","Estudiantes L.P.","Gimnasia L.P.","Patricio Loustau","1","1","D"
"78244","05-06-22 18:00","Argentina","Liga Profesional","2022","Talleres Cordoba","Sarmiento Junin","Yael Falcon Perez","2","0","H"
"78245","05-06-22 18:00","Argentina","Liga Profesional","2022","Union de Santa Fe","Tigre","Ariel Penel","1","2","A"
"78246","05-06-22 02:30","Argentina","Liga Profesional","2022","Racing Club","Huracan","Pablo Echavarria","2","0","H"
"78247","05-06-22 00:00","Argentina","Liga Profesional","2022","Patronato","Velez Sarsfield","Jorge Balino","1","1","D"
"78248","05-06-22 00:00","Argentina","Liga Profesional","2022","Platense","Godoy Cruz","Mauro Vigliano","2","1","H"
"78249","04-06-22 21:30","Argentina","Liga Profesional","2022","Banfield","Newells Old Boys","Fernando Echenique","1","2","A"
"78250","04-06-22 19:00","Argentina","Liga Profesional","2022","San Lorenzo","Independiente","Andres Merlos","1","1","D"
"78251","04-06-22 17:00","Argentina","Liga Profesional","2022","Atl. Tucuman","Colon Santa Fe","Nicolas Lamolina","1","1","D"
"78252","04-06-22 01:00","Argentina","Liga Profesional","2022","Barracas Central","Central Cordoba","Dario Herrera","1","1","D"
"77507","14-12-21 00:00","Argentina","Liga Profesional","2021","Banfield","Arsenal Sarandi","Nicolas Ramirez","0","0","D"
"77508","13-12-21 01:30","Argentina","Liga Profesional","2021","Talleres Cordoba","Independiente","Leandro Rey Hilfer","1","2","A"
"77509","12-12-21 23:15","Argentina","Liga Profesional","2021","Defensa y Justicia","Lanus","Adrian Franklin","2","1","H"
"77510","12-12-21 21:00","Argentina","Liga Profesional","2021","San Lorenzo","Newells Old Boys","Fernando Espinoza","3","2","H"
"77511","12-12-21 02:00","Argentina","Liga Profesional","2021","Boca Juniors","Central Cordoba","Mauro Vigliano","8","1","H"
"77512","11-12-21 23:15","Argentina","Liga Profesional","2021","Atl. Tucuman","River Plate","Hernan Mastrangelo","1","1","D"
"77513","11-12-21 21:00","Argentina","Liga Profesional","2021","Argentinos Jrs","Sarmiento Junin","Ariel Penel","2","0","H"
"77514","11-12-21 21:00","Argentina","Liga Profesional","2021","Patronato","Gimnasia L.P.","Jorge Balino","0","0","D"
"77515","11-12-21 21:00","Argentina","Liga Profesional","2021","Racing Club","Godoy Cruz","Diego Abal","2","1","H"
"77516","11-12-21 21:00","Argentina","Liga Profesional","2021","Rosario Central","Huracan","Dario Herrera","1","4","A"
"77517","11-12-21 21:00","Argentina","Liga Profesional","2021","Union de Santa Fe","Colon Santa Fe","Fernando Rapallini","3","0","H"
"77518","11-12-21 01:30","Argentina","Liga Profesional","2021","Estudiantes L.P.","Aldosivi","Nestor Pitana","2","3","A"
"77519","10-12-21 23:15","Argentina","Liga Profesional","2021","Platense","Velez Sarsfield","Yael Falcon Perez","3","2","H"
"77520","07-12-21 01:30","Argentina","Liga Profesional","2021","Newells Old Boys","Banfield","Mauro Vigliano","0","0","D"
"77521","06-12-21 23:15","Argentina","Liga Profesional","2021","Aldosivi","Argentinos Jrs","Andres Merlos","3","2","H"
"77522","06-12-21 01:30","Argentina","Liga Profesional","2021","River Plate","Defensa y Justicia","Patricio Loustau","2","3","A"
"77523","05-12-21 23:15","Argentina","Liga Profesional","2021","Independiente","San Lorenzo","Silvio Trucco","1","1","D"
"77524","05-12-21 21:00","Argentina","Liga Profesional","2021","Gimnasia L.P.","Estudiantes L.P.","Dario Herrera","4","4","D"
"77525","05-12-21 01:30","Argentina","Liga Profesional","2021","Huracan","Racing Club","Hernan Mastrangelo","1","0","H"
"77526","05-12-21 01:30","Argentina","Liga Profesional","2021","Lanus","Rosario Central","Fernando Echenique","2","2","D"
"77527","04-12-21 23:15","Argentina","Liga Profesional","2021","Godoy Cruz","Platense","Sebastian Zunino","2","2","D"
"77528","04-12-21 23:15","Argentina","Liga Profesional","2021","Sarmiento Junin","Talleres Cordoba","Nazareno Arasa","1","2","A"
"77529","04-12-21 21:00","Argentina","Liga Profesional","2021","Arsenal Sarandi","Boca Juniors","Nestor Pitana","1","1","D"
"77530","04-12-21 01:30","Argentina","Liga Profesional","2021","Velez Sarsfield","Patronato","Diego Abal","0","0","D"
"77531","03-12-21 23:15","Argentina","Liga Profesional","2021","Central Cordoba","Union de Santa Fe","German Delfino","2","0","H"
"77532","03-12-21 23:15","Argentina","Liga Profesional","2021","Colon Santa Fe","Atl. Tucuman","Yael Falcon Perez","3","0","H"
"77533","01-12-21 01:30","Argentina","Liga Profesional","2021","Banfield","Independiente","Hernan Mastrangelo","4","1","H"
"77534","30-11-21 23:15","Argentina","Liga Profesional","2021","Boca Juniors","Newells Old Boys","Patricio Loustau","0","0","D"
"77535","30-11-21 21:00","Argentina","Liga Profesional","2021","San Lorenzo","Sarmiento Junin","Andres Merlos","1","0","H"
"77536","30-11-21 01:30","Argentina","Liga Profesional","2021","Central Cordoba","Arsenal Sarandi","Silvio Trucco","5","0","H"
"77537","30-11-21 01:30","Argentina","Liga Profesional","2021","Platense","Huracan","Fernando Echenique","4","2","H"
"77538","29-11-21 23:15","Argentina","Liga Profesional","2021","Racing Club","Lanus","Dario Herrera","3","1","H"
"77539","29-11-21 21:00","Argentina","Liga Profesional","2021","Union de Santa Fe","Atl. Tucuman","Nazareno Arasa","3","0","H"
"77540","28-11-21 23:15","Argentina","Liga Profesional","2021","Argentinos Jrs","Gimnasia L.P.","Diego Abal","3","0","H"
"77541","28-11-21 23:15","Argentina","Liga Profesional","2021","Defensa y Justicia","Colon Santa Fe","Fernando Espinoza","1","1","D"
"77542","28-11-21 21:00","Argentina","Liga Profesional","2021","Rosario Central","River Plate","Pablo Echavarria","2","2","D"
"77543","28-11-21 01:30","Argentina","Liga Profesional","2021","Estudiantes L.P.","Velez Sarsfield","Nicolas Lamolina","1","0","H"
"77544","27-11-21 23:15","Argentina","Liga Profesional","2021","Patronato","Godoy Cruz","Pablo Dovalo","0","3","A"
"77545","27-11-21 21:00","Argentina","Liga Profesional","2021","Talleres Cordoba","Aldosivi","Mauro Vigliano","2","0","H"
"77546","26-11-21 01:30","Argentina","Liga Profesional","2021","River Plate","Racing Club","Silvio Trucco","4","0","H"
"77547","25-11-21 23:15","Argentina","Liga Profesional","2021","Colon Santa Fe","Rosario Central","Mauro Vigliano","1","4","A"
"77548","25-11-21 23:15","Argentina","Liga Profesional","2021","Lanus","Platense","Pablo Dovalo","3","3","D"
"77549","25-11-21 21:00","Argentina","Liga Profesional","2021","Arsenal Sarandi","Union de Santa Fe","Jorge Balino","0","1","A"
"77550","25-11-21 01:30","Argentina","Liga Profesional","2021","Independiente","Boca Juniors","Pablo Echavarria","1","0","H"
"77551","24-11-21 23:15","Argentina","Liga Profesional","2021","Atl. Tucuman","Defensa y Justicia","Carlos Andres Gariano","0","4","A"
"77552","24-11-21 21:00","Argentina","Liga Profesional","2021","Newells Old Boys","Central Cordoba","Fernando Espinoza","1","0","H"
"77553","24-11-21 21:00","Argentina","Liga Profesional","2021","Sarmiento Junin","Banfield","Ariel Penel","0","0","D"
"77554","24-11-21 01:30","Argentina","Liga Profesional","2021","Godoy Cruz","Estudiantes L.P.","Nazareno Arasa","1","3","A"
"77555","24-11-21 01:30","Argentina","Liga Profesional","2021","Velez Sarsfield","Argentinos Jrs","Hernan Mastrangelo","2","0","H"
"77556","23-11-21 23:15","Argentina","Liga Profesional","2021","Aldosivi","San Lorenzo","Fernando Rapallini","2","0","H"
"77557","23-11-21 21:00","Argentina","Liga Profesional","2021","Gimnasia L.P.","Talleres Cordoba","Leandro Rey Hilfer","5","2","H"
"77558","23-11-21 21:00","Argentina","Liga Profesional","2021","Huracan","Patronato","Dario Herrera","1","0","H"
"77559","22-11-21 01:30","Argentina","Liga Profesional","2021","Platense","River Plate","Fernando Rapallini","0","1","A"
"77560","21-11-21 23:15","Argentina","Liga Profesional","2021","Racing Club","Colon Santa Fe","Diego Abal","1","2","A"
"77561","21-11-21 21:00","Argentina","Liga Profesional","2021","Arsenal Sarandi","Newells Old Boys","Andres Merlos","3","1","H"
"77562","21-11-21 01:30","Argentina","Liga Profesional","2021","Central Cordoba","Independiente","Fernando Echenique","1","0","H"
"77563","20-11-21 23:15","Argentina","Liga Profesional","2021","Boca Juniors","Sarmiento Junin","Leandro Rey Hilfer","2","0","H"
"77564","20-11-21 21:00","Argentina","Liga Profesional","2021","Rosario Central","Atl. Tucuman","Nicolas Lamolina","3","1","H"
"77565","20-11-21 01:30","Argentina","Liga Profesional","2021","Argentinos Jrs","Godoy Cruz","Pablo Echavarria","0","0","D"
"77566","20-11-21 01:30","Argentina","Liga Profesional","2021","Talleres Cordoba","Velez Sarsfield","Facundo Raul Tello Figueroa","1","1","D"
"77567","19-11-21 23:15","Argentina","Liga Profesional","2021","San Lorenzo","Gimnasia L.P.","Nestor Pitana","0","1","A"
"77568","19-11-21 21:00","Argentina","Liga Profesional","2021","Estudiantes L.P.","Huracan","German Delfino","4","1","H"
"77569","19-11-21 01:30","Argentina","Liga Profesional","2021","Banfield","Aldosivi","Fernando Espinoza","0","2","A"
"77570","18-11-21 23:15","Argentina","Liga Profesional","2021","Patronato","Lanus","Jorge Balino","3","2","H"
"77571","18-11-21 21:00","Argentina","Liga Profesional","2021","Union de Santa Fe","Defensa y Justicia","Silvio Trucco","2","3","A"
"77572","09-11-21 01:15","Argentina","Liga Profesional","2021","Aldosivi","Boca Juniors","Andres Merlos","0","3","A"
"77573","08-11-21 23:00","Argentina","Liga Profesional","2021","Huracan","Argentinos Jrs","Nicolas Lamolina","1","1","D"
"77574","08-11-21 20:45","Argentina","Liga Profesional","2021","Newells Old Boys","Union de Santa Fe","Leandro Rey Hilfer","1","0","H"
"77575","08-11-21 00:15","Argentina","Liga Profesional","2021","River Plate","Patronato","Mauro Vigliano","5","0","H"
"77576","07-11-21 22:00","Argentina","Liga Profesional","2021","Velez Sarsfield","San Lorenzo","Fernando Espinoza","2","1","H"
"77577","07-11-21 19:45","Argentina","Liga Profesional","2021","Gimnasia L.P.","Banfield","Diego Abal","0","1","A"
"77578","07-11-21 19:45","Argentina","Liga Profesional","2021","Sarmiento Junin","Central Cordoba","Jorge Balino","1","3","A"
"77579","07-11-21 00:15","Argentina","Liga Profesional","2021","Atl. Tucuman","Racing Club","Pablo Echavarria","0","2","A"
"77580","06-11-21 22:00","Argentina","Liga Profesional","2021","Independiente","Arsenal Sarandi","Pablo Dovalo","3","0","H"
"77581","06-11-21 19:45","Argentina","Liga Profesional","2021","Colon Santa Fe","Platense","Nestor Pitana","3","0","H"
"77582","06-11-21 19:45","Argentina","Liga Profesional","2021","Godoy Cruz","Talleres Cordoba","Ariel Penel","0","2","A"
"77583","06-11-21 01:15","Argentina","Liga Profesional","2021","Lanus","Estudiantes L.P.","Patricio Loustau","1","1","D"
"77584","05-11-21 23:00","Argentina","Liga Profesional","2021","Defensa y Justicia","Rosario Central","Fernando Rapallini","3","0","H"
"77585","02-11-21 01:15","Argentina","Liga Profesional","2021","Central Cordoba","Aldosivi","Pablo Echavarria","0","0","D"
"77586","01-11-21 23:00","Argentina","Liga Profesional","2021","Patronato","Colon Santa Fe","Nazareno Arasa","2","0","H"
"77587","01-11-21 00:15","Argentina","Liga Profesional","2021","Estudiantes L.P.","River Plate","Nestor Pitana","1","1","D"
"77588","31-10-21 22:00","Argentina","Liga Profesional","2021","Newells Old Boys","Independiente","Fernando Espinoza","1","0","H"
"77589","31-10-21 19:45","Argentina","Liga Profesional","2021","San Lorenzo","Godoy Cruz","Fernando Rapallini","1","0","H"
"77590","31-10-21 19:45","Argentina","Liga Profesional","2021","Union de Santa Fe","Rosario Central","Hernan Mastrangelo","3","1","H"
"77591","31-10-21 01:15","Argentina","Liga Profesional","2021","Boca Juniors","Gimnasia L.P.","Ariel Penel","0","1","A"
"77592","30-10-21 23:00","Argentina","Liga Profesional","2021","Banfield","Velez Sarsfield","Mauro Vigliano","2","1","H"
"77593","30-10-21 23:00","Argentina","Liga Profesional","2021","Talleres Cordoba","Huracan","Patricio Loustau","1","0","H"
"77594","30-10-21 20:45","Argentina","Liga Profesional","2021","Arsenal Sarandi","Sarmiento Junin","Dario Herrera","1","0","H"
"77595","30-10-21 20:45","Argentina","Liga Profesional","2021","Platense","Atl. Tucuman","Yael Falcon Perez","4","1","H"
"77596","30-10-21 02:15","Argentina","Liga Profesional","2021","Argentinos Jrs","Lanus","Pablo Dovalo","0","1","A"
"77597","30-10-21 00:00","Argentina","Liga Profesional","2021","Racing Club","Defensa y Justicia","German Delfino","1","2","A"
"77598","26-10-21 02:15","Argentina","Liga Profesional","2021","Independiente","Union de Santa Fe","Fernando Rapallini","1","0","H"
"77599","26-10-21 00:00","Argentina","Liga Profesional","2021","River Plate","Argentinos Jrs","Patricio Loustau","3","0","H"
"77600","25-10-21 21:45","Argentina","Liga Profesional","2021","Atl. Tucuman","Patronato","Andres Merlos","2","2","D"
"77601","25-10-21 21:45","Argentina","Liga Profesional","2021","Lanus","Talleres Cordoba","Hernan Mastrangelo","3","3","D"
"77602","25-10-21 19:30","Argentina","Liga Profesional","2021","Aldosivi","Arsenal Sarandi","Mauro Vigliano","2","1","H"
"77603","25-10-21 19:30","Argentina","Liga Profesional","2021","Sarmiento Junin","Newells Old Boys","Nestor Pitana","2","1","H"
"77604","25-10-21 01:15","Argentina","Liga Profesional","2021","Velez Sarsfield","Boca Juniors","Diego Abal","2","0","H"
"77605","24-10-21 23:00","Argentina","Liga Profesional","2021","Huracan","San Lorenzo","Fernando Echenique","2","1","H"
"77606","24-10-21 20:45","Argentina","Liga Profesional","2021","Colon Santa Fe","Estudiantes L.P.","Leandro Rey Hilfer","2","1","H"
"77607","24-10-21 20:45","Argentina","Liga Profesional","2021","Godoy Cruz","Banfield","Nicolas Lamolina","2","1","H"
"77608","24-10-21 01:15","Argentina","Liga Profesional","2021","Rosario Central","Racing Club","Dario Herrera","2","1","H"
"77609","23-10-21 23:00","Argentina","Liga Profesional","2021","Defensa y Justicia","Platense","Fernando Espinoza","2","1","H"
"77610","23-10-21 20:45","Argentina","Liga Profesional","2021","Gimnasia L.P.","Central Cordoba","Silvio Trucco","2","2","D"
"77611","22-10-21 02:15","Argentina","Liga Profesional","2021","Talleres Cordoba","River Plate","Dario Herrera","0","2","A"
"77612","22-10-21 00:00","Argentina","Liga Profesional","2021","Independiente","Sarmiento Junin","Andres Merlos","1","1","D"
"77613","21-10-21 21:45","Argentina","Liga Profesional","2021","Newells Old Boys","Aldosivi","Pablo Dovalo","0","0","D"
"77614","21-10-21 19:30","Argentina","Liga Profesional","2021","Argentinos Jrs","Colon Santa Fe","Silvio Trucco","3","1","H"
"77615","21-10-21 02:15","Argentina","Liga Profesional","2021","Boca Juniors","Godoy Cruz","Patricio Loustau","2","1","H"
"77616","21-10-21 00:00","Argentina","Liga Profesional","2021","Banfield","Huracan","Fernando Rapallini","1","4","A"
"77617","21-10-21 00:00","Argentina","Liga Profesional","2021","Estudiantes L.P.","Atl. Tucuman","Hernan Mastrangelo","1","1","D"
"77618","20-10-21 21:45","Argentina","Liga Profesional","2021","San Lorenzo","Lanus","Ariel Penel","1","3","A"
"77619","20-10-21 19:30","Argentina","Liga Profesional","2021","Arsenal Sarandi","Gimnasia L.P.","Pablo Echavarria","0","1","A"
"77620","20-10-21 02:15","Argentina","Liga Profesional","2021","Central Cordoba","Velez Sarsfield","Fernando Espinoza","1","2","A"
"77621","20-10-21 00:00","Argentina","Liga Profesional","2021","Patronato","Defensa y Justicia","Yael Falcon Perez","3","3","D"
"77622","19-10-21 21:45","Argentina","Liga Profesional","2021","Union de Santa Fe","Racing Club","Jorge Balino","1","1","D"
"77623","19-10-21 19:30","Argentina","Liga Profesional","2021","Platense","Rosario Central","Facundo Raul Tello Figueroa","1","1","D"
"77624","18-10-21 01:15","Argentina","Liga Profesional","2021","River Plate","San Lorenzo","Facundo Raul Tello Figueroa","3","1","H"
"77625","17-10-21 23:00","Argentina","Liga Profesional","2021","Aldosivi","Independiente","Fernando Espinoza","1","0","H"
"77626","17-10-21 20:45","Argentina","Liga Profesional","2021","Atl. Tucuman","Argentinos Jrs","German Delfino","4","3","H"
"77627","17-10-21 20:45","Argentina","Liga Profesional","2021","Colon Santa Fe","Talleres Cordoba","Nestor Pitana","1","0","H"
"77628","17-10-21 01:15","Argentina","Liga Profesional","2021","Huracan","Boca Juniors","Nicolas Lamolina","0","3","A"
"77629","16-10-21 23:00","Argentina","Liga Profesional","2021","Lanus","Banfield","Dario Herrera","1","1","D"
"77630","16-10-21 20:45","Argentina","Liga Profesional","2021","Gimnasia L.P.","Newells Old Boys","Diego Abal","1","0","H"
"77631","16-10-21 18:30","Argentina","Liga Profesional","2021","Sarmiento Junin","Union de Santa Fe","Ariel Penel","3","4","A"
"77632","16-10-21 02:15","Argentina","Liga Profesional","2021","Defensa y Justicia","Estudiantes L.P.","Silvio Trucco","2","1","H"
"77633","16-10-21 02:15","Argentina","Liga Profesional","2021","Velez Sarsfield","Arsenal Sarandi","Andres Merlos","0","0","D"
"77634","16-10-21 00:00","Argentina","Liga Profesional","2021","Racing Club","Platense","Patricio Loustau","0","1","A"
"77635","15-10-21 21:45","Argentina","Liga Profesional","2021","Rosario Central","Patronato","Leandro Rey Hilfer","3","2","H"
"77636","15-10-21 19:30","Argentina","Liga Profesional","2021","Godoy Cruz","Central Cordoba","Pablo Echavarria","0","0","D"
"77637","12-10-21 02:15","Argentina","Liga Profesional","2021","Talleres Cordoba","Atl. Tucuman","Diego Abal","2","0","H"
"77638","12-10-21 00:00","Argentina","Liga Profesional","2021","Independiente","Gimnasia L.P.","German Delfino","1","1","D"
"77639","11-10-21 21:45","Argentina","Liga Profesional","2021","San Lorenzo","Colon Santa Fe","Andres Merlos","1","2","A"
"77640","11-10-21 19:30","Argentina","Liga Profesional","2021","Arsenal Sarandi","Godoy Cruz","Silvio Trucco","0","0","D"
"77641","10-10-21 01:15","Argentina","Liga Profesional","2021","Boca Juniors","Lanus","Pablo Echavarria","4","2","H"
"77642","09-10-21 23:00","Argentina","Liga Profesional","2021","Banfield","River Plate","Yael Falcon Perez","0","1","A"
"77643","09-10-21 20:45","Argentina","Liga Profesional","2021","Patronato","Racing Club","Nicolas Lamolina","1","2","A"
"77644","09-10-21 18:30","Argentina","Liga Profesional","2021","Argentinos Jrs","Defensa y Justicia","Ariel Penel","0","2","A"
"77645","09-10-21 18:30","Argentina","Liga Profesional","2021","Sarmiento Junin","Aldosivi","Leandro Rey Hilfer","3","0","H"
"77646","09-10-21 02:15","Argentina","Liga Profesional","2021","Newells Old Boys","Velez Sarsfield","Hernan Mastrangelo","1","2","A"
"77647","09-10-21 00:00","Argentina","Liga Profesional","2021","Estudiantes L.P.","Rosario Central","Jorge Balino","2","2","D"
"77648","08-10-21 21:45","Argentina","Liga Profesional","2021","Central Cordoba","Huracan","Nazareno Arasa","1","2","A"
"77649","08-10-21 19:30","Argentina","Liga Profesional","2021","Union de Santa Fe","Platense","Pablo Dovalo","1","2","A"
"77650","05-10-21 01:15","Argentina","Liga Profesional","2021","Colon Santa Fe","Banfield","Facundo Raul Tello Figueroa","0","0","D"
"77651","04-10-21 23:00","Argentina","Liga Profesional","2021","Defensa y Justicia","Talleres Cordoba","Andres Merlos","3","0","H"
"77652","04-10-21 01:15","Argentina","Liga Profesional","2021","Racing Club","Estudiantes L.P.","Fernando Echenique","1","1","D"
"77653","03-10-21 22:00","Argentina","Liga Profesional","2021","River Plate","Boca Juniors","Fernando Rapallini","2","1","H"
"77654","03-10-21 18:30","Argentina","Liga Profesional","2021","Gimnasia L.P.","Sarmiento Junin","Silvio Trucco","0","1","A"
"77655","03-10-21 18:30","Argentina","Liga Profesional","2021","Rosario Central","Argentinos Jrs","Pablo Dovalo","0","1","A"
"77656","03-10-21 01:15","Argentina","Liga Profesional","2021","Velez Sarsfield","Independiente","Pablo Echavarria","3","3","D"
"77657","02-10-21 23:00","Argentina","Liga Profesional","2021","Atl. Tucuman","San Lorenzo","Dario Herrera","0","0","D"
"77658","02-10-21 20:45","Argentina","Liga Profesional","2021","Huracan","Arsenal Sarandi","Patricio Loustau","1","0","H"
"77659","02-10-21 18:30","Argentina","Liga Profesional","2021","Godoy Cruz","Newells Old Boys","Nicolas Lamolina","2","2","D"
"77660","02-10-21 18:30","Argentina","Liga Profesional","2021","Platense","Patronato","Ariel Penel","0","0","D"
"77661","02-10-21 02:15","Argentina","Liga Profesional","2021","Lanus","Central Cordoba","Hernan Mastrangelo","2","1","H"
"77662","02-10-21 00:00","Argentina","Liga Profesional","2021","Aldosivi","Union de Santa Fe","Yael Falcon Perez","1","2","A"
"77663","28-09-21 01:15","Argentina","Liga Profesional","2021","Newells Old Boys","Huracan","Fernando Echenique","0","1","A"
"77664","27-09-21 23:00","Argentina","Liga Profesional","2021","Argentinos Jrs","Racing Club","Yael Falcon Perez","2","0","H"
"77665","27-09-21 01:15","Argentina","Liga Profesional","2021","Boca Juniors","Colon Santa Fe","Nicolas Lamolina","1","0","H"
"77666","26-09-21 23:00","Argentina","Liga Profesional","2021","Independiente","Godoy Cruz","Dario Herrera","1","4","A"
"77667","26-09-21 20:45","Argentina","Liga Profesional","2021","San Lorenzo","Defensa y Justicia","Fernando Espinoza","2","1","H"
"77668","26-09-21 18:30","Argentina","Liga Profesional","2021","Union de Santa Fe","Patronato","Andres Merlos","2","0","H"
"77669","26-09-21 01:15","Argentina","Liga Profesional","2021","Central Cordoba","River Plate","Ariel Penel","1","3","A"
"77670","25-09-21 23:00","Argentina","Liga Profesional","2021","Banfield","Atl. Tucuman","Silvio Trucco","2","0","H"
"77671","25-09-21 20:45","Argentina","Liga Profesional","2021","Arsenal Sarandi","Lanus","Leandro Rey Hilfer","1","0","H"
"77672","25-09-21 20:45","Argentina","Liga Profesional","2021","Talleres Cordoba","Rosario Central","Nestor Pitana","4","1","H"
"77673","25-09-21 18:30","Argentina","Liga Profesional","2021","Aldosivi","Gimnasia L.P.","Pablo Echavarria","1","3","A"
"77674","25-09-21 02:15","Argentina","Liga Profesional","2021","Estudiantes L.P.","Platense","Diego Abal","1","1","D"
"77675","25-09-21 00:00","Argentina","Liga Profesional","2021","Sarmiento Junin","Velez Sarsfield","Fernando Rapallini","0","1","A"
"77676","21-09-21 01:15","Argentina","Liga Profesional","2021","Defensa y Justicia","Banfield","Nicolas Lamolina","0","0","D"
"77677","20-09-21 23:00","Argentina","Liga Profesional","2021","Rosario Central","San Lorenzo","Fernando Echenique","1","0","H"
"77678","20-09-21 20:45","Argentina","Liga Profesional","2021","Lanus","Newells Old Boys","Fernando Espinoza","1","2","A"
"77679","20-09-21 18:30","Argentina","Liga Profesional","2021","Gimnasia L.P.","Union de Santa Fe","Diego Abal","1","0","H"
"77680","20-09-21 01:15","Argentina","Liga Profesional","2021","River Plate","Arsenal Sarandi","Jorge Balino","1","0","H"
"77681","19-09-21 23:00","Argentina","Liga Profesional","2021","Huracan","Independiente","Facundo Raul Tello Figueroa","0","1","A"
"77682","19-09-21 20:45","Argentina","Liga Profesional","2021","Colon Santa Fe","Central Cordoba","Dario Herrera","1","0","H"
"77683","19-09-21 20:45","Argentina","Liga Profesional","2021","Platense","Argentinos Jrs","Silvio Trucco","0","0","D"
"77684","19-09-21 18:30","Argentina","Liga Profesional","2021","Patronato","Estudiantes L.P.","Nestor Pitana","1","2","A"
"77685","19-09-21 01:15","Argentina","Liga Profesional","2021","Atl. Tucuman","Boca Juniors","Hernan Mastrangelo","1","2","A"
"77686","18-09-21 23:00","Argentina","Liga Profesional","2021","Racing Club","Talleres Cordoba","Patricio Loustau","1","2","A"
"77687","18-09-21 20:45","Argentina","Liga Profesional","2021","Velez Sarsfield","Aldosivi","Andres Merlos","3","2","H"
"77688","18-09-21 18:30","Argentina","Liga Profesional","2021","Godoy Cruz","Sarmiento Junin","Pablo Echavarria","1","1","D"
"77689","16-09-21 02:00","Argentina","Liga Profesional","2021","Newells Old Boys","River Plate","Pablo Echavarria","1","4","A"
"77690","15-09-21 23:45","Argentina","Liga Profesional","2021","Banfield","Rosario Central","Fernando Rapallini","1","2","A"
"77691","15-09-21 21:30","Argentina","Liga Profesional","2021","Argentinos Jrs","Patronato","Fernando Espinoza","1","1","D"
"77692","15-09-21 19:15","Argentina","Liga Profesional","2021","Union de Santa Fe","Estudiantes L.P.","Jorge Balino","0","2","A"
"77693","15-09-21 02:00","Argentina","Liga Profesional","2021","Boca Juniors","Defensa y Justicia","Ariel Penel","0","0","D"
"77694","14-09-21 23:45","Argentina","Liga Profesional","2021","Central Cordoba","Atl. Tucuman","Mauro Vigliano","2","0","H"
"77695","14-09-21 21:30","Argentina","Liga Profesional","2021","Arsenal Sarandi","Colon Santa Fe","Yael Falcon Perez","0","0","D"
"77696","14-09-21 19:15","Argentina","Liga Profesional","2021","Talleres Cordoba","Platense","Andres Merlos","2","1","H"
"77697","14-09-21 02:00","Argentina","Liga Profesional","2021","Gimnasia L.P.","Velez Sarsfield","Nazareno Arasa","0","0","D"
"77698","13-09-21 23:45","Argentina","Liga Profesional","2021","San Lorenzo","Racing Club","Nicolas Lamolina","1","1","D"
"77699","13-09-21 21:30","Argentina","Liga Profesional","2021","Independiente","Lanus","Silvio Trucco","0","1","A"
"77700","13-09-21 19:15","Argentina","Liga Profesional","2021","Aldosivi","Godoy Cruz","Nestor Pitana","1","4","A"
"77701","13-09-21 19:15","Argentina","Liga Profesional","2021","Sarmiento Junin","Huracan","Pablo Dovalo","0","0","D"
"77702","07-09-21 01:15","Argentina","Liga Profesional","2021","Velez Sarsfield","Union de Santa Fe","Fernando Rapallini","4","0","H"
"77703","06-09-21 23:00","Argentina","Liga Profesional","2021","Estudiantes L.P.","Argentinos Jrs","Leandro Rey Hilfer","1","1","D"
"77704","06-09-21 02:15","Argentina","Liga Profesional","2021","River Plate","Independiente","Andres Merlos","1","1","D"
"77705","06-09-21 00:00","Argentina","Liga Profesional","2021","Racing Club","Banfield","Hernan Mastrangelo","0","0","D"
"77706","05-09-21 18:30","Argentina","Liga Profesional","2021","Godoy Cruz","Gimnasia L.P.","Silvio Trucco","4","0","H"
"77707","05-09-21 18:30","Argentina","Liga Profesional","2021","Patronato","Talleres Cordoba","Diego Abal","0","0","D"
"77708","05-09-21 01:15","Argentina","Liga Profesional","2021","Rosario Central","Boca Juniors","Fernando Espinoza","1","2","A"
"77709","04-09-21 23:00","Argentina","Liga Profesional","2021","Platense","San Lorenzo","Mauro Vigliano","1","1","D"
"77710","04-09-21 20:45","Argentina","Liga Profesional","2021","Colon Santa Fe","Newells Old Boys","Jorge Balino","1","1","D"
"77711","04-09-21 20:45","Argentina","Liga Profesional","2021","Lanus","Sarmiento Junin","Fernando Echenique","1","1","D"
"77712","04-09-21 18:30","Argentina","Liga Profesional","2021","Atl. Tucuman","Arsenal Sarandi","Nazareno Arasa","0","0","D"
"77713","04-09-21 02:15","Argentina","Liga Profesional","2021","Huracan","Aldosivi","Ariel Penel","2","0","H"
"77714","04-09-21 00:00","Argentina","Liga Profesional","2021","Defensa y Justicia","Central Cordoba","Pablo Echavarria","1","1","D"
"77715","31-08-21 02:15","Argentina","Liga Profesional","2021","Talleres Cordoba","Estudiantes L.P.","Fernando Echenique","2","0","H"
"77716","31-08-21 00:00","Argentina","Liga Profesional","2021","Sarmiento Junin","River Plate","Facundo Raul Tello Figueroa","1","2","A"
"77717","30-08-21 21:45","Argentina","Liga Profesional","2021","San Lorenzo","Patronato","Patricio Loustau","3","0","H"
"77718","30-08-21 19:30","Argentina","Liga Profesional","2021","Newells Old Boys","Atl. Tucuman","German Delfino","1","2","A"
"77719","30-08-21 19:30","Argentina","Liga Profesional","2021","Union de Santa Fe","Argentinos Jrs","Nestor Pitana","1","0","H"
"77720","30-08-21 01:15","Argentina","Liga Profesional","2021","Boca Juniors","Racing Club","Fernando Rapallini","0","0","D"
"77721","29-08-21 23:00","Argentina","Liga Profesional","2021","Velez Sarsfield","Godoy Cruz","Mauro Vigliano","3","0","H"
"77722","29-08-21 20:45","Argentina","Liga Profesional","2021","Aldosivi","Lanus","Pablo Dovalo","2","3","A"
"77723","29-08-21 20:45","Argentina","Liga Profesional","2021","Central Cordoba","Rosario Central","Dario Herrera","2","4","A"
"77724","29-08-21 18:30","Argentina","Liga Profesional","2021","Arsenal Sarandi","Defensa y Justicia","Fernando Espinoza","0","0","D"
"77725","29-08-21 01:15","Argentina","Liga Profesional","2021","Independiente","Colon Santa Fe","Hernan Mastrangelo","3","0","H"
"77726","28-08-21 23:00","Argentina","Liga Profesional","2021","Banfield","Platense","Pablo Echavarria","2","4","A"
"77727","28-08-21 20:45","Argentina","Liga Profesional","2021","Gimnasia L.P.","Huracan","Andres Merlos","0","0","D"
"77728","27-08-21 02:00","Argentina","Liga Profesional","2021","River Plate","Aldosivi","Fernando Rapallini","2","0","H"
"77729","26-08-21 23:45","Argentina","Liga Profesional","2021","Estudiantes L.P.","San Lorenzo","Yael Falcon Perez","2","0","H"
"77730","26-08-21 21:30","Argentina","Liga Profesional","2021","Argentinos Jrs","Talleres Cordoba","Mauro Vigliano","1","2","A"
"77731","26-08-21 19:15","Argentina","Liga Profesional","2021","Godoy Cruz","Union de Santa Fe","Fernando Echenique","1","2","A"
"77732","26-08-21 02:00","Argentina","Liga Profesional","2021","Platense","Boca Juniors","Leandro Rey Hilfer","1","3","A"
"77733","25-08-21 23:45","Argentina","Liga Profesional","2021","Huracan","Velez Sarsfield","Silvio Trucco","1","1","D"
"77734","25-08-21 21:30","Argentina","Liga Profesional","2021","Defensa y Justicia","Newells Old Boys","Dario Herrera","2","0","H"
"77735","25-08-21 21:30","Argentina","Liga Profesional","2021","Lanus","Gimnasia L.P.","Nazareno Arasa","2","0","H"
"77736","25-08-21 19:15","Argentina","Liga Profesional","2021","Rosario Central","Arsenal Sarandi","Nicolas Lamolina","4","0","H"
"77737","25-08-21 02:00","Argentina","Liga Profesional","2021","Racing Club","Central Cordoba","Andres Merlos","0","0","D"
"77738","24-08-21 23:45","Argentina","Liga Profesional","2021","Atl. Tucuman","Independiente","Pablo Echavarria","2","0","H"
"77739","24-08-21 21:30","Argentina","Liga Profesional","2021","Colon Santa Fe","Sarmiento Junin","Ariel Penel","1","1","D"
"77740","24-08-21 19:15","Argentina","Liga Profesional","2021","Patronato","Banfield","Nestor Pitana","1","1","D"
"77741","23-08-21 01:15","Argentina","Liga Profesional","2021","Gimnasia L.P.","River Plate","Pablo Dovalo","1","1","D"
"77742","22-08-21 23:00","Argentina","Liga Profesional","2021","San Lorenzo","Argentinos Jrs","Pablo Echavarria","0","1","A"
"77743","22-08-21 20:45","Argentina","Liga Profesional","2021","Newells Old Boys","Rosario Central","Andres Merlos","1","1","D"
"77744","22-08-21 18:30","Argentina","Liga Profesional","2021","Union de Santa Fe","Talleres Cordoba","Nazareno Arasa","1","2","A"
"77745","22-08-21 01:15","Argentina","Liga Profesional","2021","Boca Juniors","Patronato","Silvio Trucco","1","0","H"
"77746","21-08-21 23:00","Argentina","Liga Profesional","2021","Arsenal Sarandi","Racing Club","Hernan Mastrangelo","0","3","A"
"77747","21-08-21 20:45","Argentina","Liga Profesional","2021","Velez Sarsfield","Lanus","Dario Herrera","5","1","H"
"77748","21-08-21 18:30","Argentina","Liga Profesional","2021","Godoy Cruz","Huracan","Nestor Pitana","1","1","D"
"77749","21-08-21 18:00","Argentina","Liga Profesional","2021","Central Cordoba","Platense","German Delfino","2","2","D"
"77750","21-08-21 02:15","Argentina","Liga Profesional","2021","Independiente","Defensa y Justicia","Fernando Rapallini","0","0","D"
"77751","21-08-21 00:00","Argentina","Liga Profesional","2021","Banfield","Estudiantes L.P.","Nicolas Lamolina","1","1","D"
"77752","21-08-21 00:00","Argentina","Liga Profesional","2021","Sarmiento Junin","Atl. Tucuman","Jorge Balino","3","0","H"
"77753","20-08-21 21:45","Argentina","Liga Profesional","2021","Aldosivi","Colon Santa Fe","Diego Abal","3","0","H"
"77754","17-08-21 02:45","Argentina","Liga Profesional","2021","Lanus","Godoy Cruz","Jorge Balino","3","1","H"
"77755","17-08-21 01:15","Argentina","Liga Profesional","2021","Defensa y Justicia","Sarmiento Junin","Hernan Mastrangelo","4","2","H"
"77756","16-08-21 23:00","Argentina","Liga Profesional","2021","Talleres Cordoba","San Lorenzo","Pablo Dovalo","2","0","H"
"77757","16-08-21 01:15","Argentina","Liga Profesional","2021","Racing Club","Newells Old Boys","Fernando Echenique","2","0","H"
"77758","15-08-21 23:00","Argentina","Liga Profesional","2021","Estudiantes L.P.","Boca Juniors","Facundo Raul Tello Figueroa","1","0","H"
"77759","15-08-21 20:45","Argentina","Liga Profesional","2021","Platense","Arsenal Sarandi","Ariel Penel","2","1","H"
"77760","15-08-21 18:30","Argentina","Liga Profesional","2021","Patronato","Central Cordoba","Leandro Rey Hilfer","1","0","H"
"77761","15-08-21 01:15","Argentina","Liga Profesional","2021","Rosario Central","Independiente","Patricio Loustau","1","2","A"
"77762","14-08-21 23:00","Argentina","Liga Profesional","2021","River Plate","Velez Sarsfield","Pablo Echavarria","2","0","H"
"77763","14-08-21 20:45","Argentina","Liga Profesional","2021","Argentinos Jrs","Banfield","Andres Merlos","2","0","H"
"77764","14-08-21 18:30","Argentina","Liga Profesional","2021","Atl. Tucuman","Aldosivi","Silvio Trucco","2","2","D"
"77765","14-08-21 02:15","Argentina","Liga Profesional","2021","Huracan","Union de Santa Fe","Nicolas Lamolina","0","0","D"
"77766","14-08-21 00:00","Argentina","Liga Profesional","2021","Colon Santa Fe","Gimnasia L.P.","Fernando Espinoza","1","0","H"
"77767","10-08-21 01:15","Argentina","Liga Profesional","2021","Central Cordoba","Estudiantes L.P.","Silvio Trucco","1","2","A"
"77768","09-08-21 23:00","Argentina","Liga Profesional","2021","Aldosivi","Defensa y Justicia","German Delfino","1","0","H"
"77769","09-08-21 23:00","Argentina","Liga Profesional","2021","Arsenal Sarandi","Patronato","Fernando Espinoza","2","2","D"
"77770","09-08-21 01:15","Argentina","Liga Profesional","2021","Independiente","Racing Club","Facundo Raul Tello Figueroa","1","0","H"
"77771","08-08-21 23:00","Argentina","Liga Profesional","2021","Boca Juniors","Argentinos Jrs","Nicolas Lamolina","1","1","D"
"77772","08-08-21 20:45","Argentina","Liga Profesional","2021","Velez Sarsfield","Colon Santa Fe","Fernando Rapallini","0","1","A"
"77773","08-08-21 18:30","Argentina","Liga Profesional","2021","Gimnasia L.P.","Atl. Tucuman","Hernan Mastrangelo","1","0","H"
"77774","08-08-21 01:15","Argentina","Liga Profesional","2021","Godoy Cruz","River Plate","Ariel Penel","2","1","H"
"77775","07-08-21 23:00","Argentina","Liga Profesional","2021","Huracan","Lanus","Andres Merlos","0","1","A"
"77776","07-08-21 20:45","Argentina","Liga Profesional","2021","Union de Santa Fe","San Lorenzo","Dario Herrera","4","0","H"
"77777","07-08-21 18:30","Argentina","Liga Profesional","2021","Banfield","Talleres Cordoba","Yael Falcon Perez","0","1","A"
"77778","07-08-21 02:15","Argentina","Liga Profesional","2021","Newells Old Boys","Platense","Leandro Rey Hilfer","1","0","H"
"77779","07-08-21 00:00","Argentina","Liga Profesional","2021","Sarmiento Junin","Rosario Central","Pablo Echavarria","1","0","H"
"77780","03-08-21 02:15","Argentina","Liga Profesional","2021","Atl. Tucuman","Velez Sarsfield","Andres Merlos","0","0","D"
"77781","03-08-21 00:00","Argentina","Liga Profesional","2021","Estudiantes L.P.","Arsenal Sarandi","Nestor Pitana","4","0","H"
"77782","03-08-21 00:00","Argentina","Liga Profesional","2021","Rosario Central","Aldosivi","Fernando Echenique","1","2","A"
"77783","02-08-21 21:45","Argentina","Liga Profesional","2021","Argentinos Jrs","Central Cordoba","Nazareno Arasa","1","1","D"
"77784","02-08-21 21:45","Argentina","Liga Profesional","2021","Patronato","Newells Old Boys","Ariel Penel","0","0","D"
"77785","02-08-21 01:15","Argentina","Liga Profesional","2021","San Lorenzo","Banfield","Patricio Loustau","1","1","D"
"77786","01-08-21 23:00","Argentina","Liga Profesional","2021","River Plate","Huracan","Facundo Raul Tello Figueroa","1","1","D"
"77787","01-08-21 20:45","Argentina","Liga Profesional","2021","Talleres Cordoba","Boca Juniors","Fernando Rapallini","0","0","D"
"77788","01-08-21 18:30","Argentina","Liga Profesional","2021","Defensa y Justicia","Gimnasia L.P.","Jorge Balino","3","2","H"
"77789","01-08-21 01:15","Argentina","Liga Profesional","2021","Platense","Independiente","Diego Abal","1","1","D"
"77790","31-07-21 23:00","Argentina","Liga Profesional","2021","Racing Club","Sarmiento Junin","Fernando Espinoza","1","0","H"
"77791","31-07-21 20:45","Argentina","Liga Profesional","2021","Lanus","Union de Santa Fe","Pablo Echavarria","1","1","D"
"77792","31-07-21 18:30","Argentina","Liga Profesional","2021","Colon Santa Fe","Godoy Cruz","Yael Falcon Perez","1","0","H"
"77793","30-07-21 02:00","Argentina","Liga Profesional","2021","Newells Old Boys","Estudiantes L.P.","Andres Merlos","4","2","H"
"77794","29-07-21 23:45","Argentina","Liga Profesional","2021","Gimnasia L.P.","Rosario Central","Ariel Penel","1","0","H"
"77795","29-07-21 21:30","Argentina","Liga Profesional","2021","Arsenal Sarandi","Argentinos Jrs","Pablo Dovalo","1","0","H"
"77796","29-07-21 19:15","Argentina","Liga Profesional","2021","Central Cordoba","Talleres Cordoba","Facundo Raul Tello Figueroa","2","1","H"
"77797","29-07-21 02:00","Argentina","Liga Profesional","2021","Lanus","River Plate","Fernando Rapallini","0","3","A"
"77798","28-07-21 23:45","Argentina","Liga Profesional","2021","Independiente","Patronato","Yael Falcon Perez","2","0","H"
"77799","28-07-21 21:30","Argentina","Liga Profesional","2021","Sarmiento Junin","Platense","Silvio Trucco","1","0","H"
"77800","28-07-21 21:30","Argentina","Liga Profesional","2021","Velez Sarsfield","Defensa y Justicia","Leandro Rey Hilfer","0","0","D"
"77801","28-07-21 19:15","Argentina","Liga Profesional","2021","Godoy Cruz","Atl. Tucuman","Nestor Pitana","1","2","A"
"77802","28-07-21 19:15","Argentina","Liga Profesional","2021","Union de Santa Fe","Banfield","Fernando Espinoza","0","1","A"
"77803","28-07-21 02:00","Argentina","Liga Profesional","2021","Boca Juniors","San Lorenzo","Fernando Echenique","0","2","A"
"77804","27-07-21 23:45","Argentina","Liga Profesional","2021","Aldosivi","Racing Club","Pablo Echavarria","0","2","A"
"77805","27-07-21 21:30","Argentina","Liga Profesional","2021","Huracan","Colon Santa Fe","Hernan Mastrangelo","1","1","D"
"77806","27-07-21 01:15","Argentina","Liga Profesional","2021","Argentinos Jrs","Newells Old Boys","Jorge Balino","1","0","H"
"77807","26-07-21 23:00","Argentina","Liga Profesional","2021","Talleres Cordoba","Arsenal Sarandi","Ariel Penel","2","0","H"
"77808","26-07-21 01:15","Argentina","Liga Profesional","2021","Estudiantes L.P.","Independiente","Pablo Dovalo","0","1","A"
"77809","25-07-21 23:00","Argentina","Liga Profesional","2021","River Plate","Union de Santa Fe","Hernan Mastrangelo","4","0","H"
"77810","25-07-21 20:45","Argentina","Liga Profesional","2021","Rosario Central","Velez Sarsfield","Fernando Rapallini","1","0","H"
"77811","25-07-21 18:30","Argentina","Liga Profesional","2021","Defensa y Justicia","Godoy Cruz","Silvio Trucco","1","2","A"
"77812","25-07-21 18:30","Argentina","Liga Profesional","2021","Patronato","Sarmiento Junin","Andres Merlos","2","0","H"
"77813","25-07-21 01:15","Argentina","Liga Profesional","2021","Banfield","Boca Juniors","Pablo Echavarria","0","0","D"
"77814","24-07-21 23:00","Argentina","Liga Profesional","2021","Racing Club","Gimnasia L.P.","Leandro Rey Hilfer","0","0","D"
"77815","24-07-21 20:45","Argentina","Liga Profesional","2021","San Lorenzo","Central Cordoba","Fernando Espinoza","1","0","H"
"77816","24-07-21 18:30","Argentina","Liga Profesional","2021","Colon Santa Fe","Lanus","Fernando Echenique","1","4","A"
"77817","24-07-21 02:15","Argentina","Liga Profesional","2021","Platense","Aldosivi","Nazareno Arasa","0","1","A"
"77818","24-07-21 00:00","Argentina","Liga Profesional","2021","Atl. Tucuman","Huracan","Diego Abal","1","0","H"
"77819","20-07-21 01:15","Argentina","Liga Profesional","2021","Godoy Cruz","Rosario Central","Yael Falcon Perez","2","1","H"
"77820","19-07-21 23:00","Argentina","Liga Profesional","2021","Central Cordoba","Banfield","Fernando Echenique","1","1","D"
"77821","19-07-21 01:15","Argentina","Liga Profesional","2021","Independiente","Argentinos Jrs","Andres Merlos","0","0","D"
"77822","18-07-21 23:00","Argentina","Liga Profesional","2021","River Plate","Colon Santa Fe","Dario Herrera","1","2","A"
"77823","18-07-21 20:45","Argentina","Liga Profesional","2021","Arsenal Sarandi","San Lorenzo","Leandro Rey Hilfer","1","1","D"
"77824","18-07-21 18:30","Argentina","Liga Profesional","2021","Huracan","Defensa y Justicia","Ariel Penel","2","1","H"
"77825","18-07-21 01:15","Argentina","Liga Profesional","2021","Velez Sarsfield","Racing Club","German Delfino","0","0","D"
"77826","17-07-21 23:00","Argentina","Liga Profesional","2021","Gimnasia L.P.","Platense","Fernando Espinoza","2","2","D"
"77827","17-07-21 20:45","Argentina","Liga Profesional","2021","Lanus","Atl. Tucuman","Pablo Echavarria","4","2","H"
"77828","17-07-21 20:45","Argentina","Liga Profesional","2021","Newells Old Boys","Talleres Cordoba","Hernan Mastrangelo","3","2","H"
"77829","17-07-21 18:30","Argentina","Liga Profesional","2021","Aldosivi","Patronato","Silvio Trucco","0","2","A"
"77830","17-07-21 02:15","Argentina","Liga Profesional","2021","Sarmiento Junin","Estudiantes L.P.","Jorge Balino","0","3","A"
"77831","17-07-21 00:00","Argentina","Liga Profesional","2021","Union de Santa Fe","Boca Juniors","Nicolas Lamolina","1","1","D"
"77231","10-03-20 01:10","Argentina","Liga Profesional","2019/2020","Estudiantes L.P.","Racing Club","Nestor Pitana","1","2","A"
"77232","09-03-20 23:00","Argentina","Liga Profesional","2019/2020","Union de Santa Fe","Velez Sarsfield","Silvio Trucco","0","3","A"
"77233","09-03-20 01:50","Argentina","Liga Profesional","2019/2020","Talleres Cordoba","Colon Santa Fe","Dario Herrera","2","0","H"
"77234","09-03-20 01:45","Argentina","Liga Profesional","2019/2020","Newells Old Boys","Godoy Cruz","Andres Merlos","0","2","A"
"77235","08-03-20 23:40","Argentina","Liga Profesional","2019/2020","Independiente","Central Cordoba","Hernan Mastrangelo","3","0","H"
"77236","08-03-20 21:35","Argentina","Liga Profesional","2019/2020","San Lorenzo","Lanus","Fernando Rapallini","4","3","H"
"77237","08-03-20 01:00","Argentina","Liga Profesional","2019/2020","Atl. Tucuman","River Plate","Patricio Loustau","1","1","D"
"77238","08-03-20 01:00","Argentina","Liga Profesional","2019/2020","Boca Juniors","Gimnasia L.P.","Facundo Raul Tello Figueroa","1","0","H"
"77239","07-03-20 22:00","Argentina","Liga Profesional","2019/2020","Banfield","Huracan","German Delfino","0","3","A"
"77240","07-03-20 22:00","Argentina","Liga Profesional","2019/2020","Defensa y Justicia","Patronato","Nicolas Lamolina","2","0","H"
"77241","07-03-20 01:10","Argentina","Liga Profesional","2019/2020","Argentinos Jrs","Rosario Central","Ariel Penel","2","1","H"
"77242","06-03-20 23:00","Argentina","Liga Profesional","2019/2020","Arsenal Sarandi","Aldosivi","Pablo Echavarria","4","0","H"
"77243","04-03-20 23:00","Argentina","Liga Profesional","2019/2020","Velez Sarsfield","Godoy Cruz","Ariel Penel","0","1","A"
"77244","03-03-20 01:10","Argentina","Liga Profesional","2019/2020","Huracan","Independiente","Nicolas Lamolina","1","0","H"
"77245","02-03-20 23:00","Argentina","Liga Profesional","2019/2020","Patronato","Talleres Cordoba","Mauro Vigliano","3","2","H"
"77246","02-03-20 01:50","Argentina","Liga Profesional","2019/2020","Velez Sarsfield","Argentinos Jrs","Nestor Pitana","2","0","H"
"77247","01-03-20 23:45","Argentina","Liga Profesional","2019/2020","Rosario Central","Arsenal Sarandi","Fernando Espinoza","3","1","H"
"77248","01-03-20 23:40","Argentina","Liga Profesional","2019/2020","Lanus","Estudiantes L.P.","Patricio Loustau","1","1","D"
"77249","01-03-20 21:35","Argentina","Liga Profesional","2019/2020","Aldosivi","San Lorenzo","Andres Merlos","1","3","A"
"77250","01-03-20 01:50","Argentina","Liga Profesional","2019/2020","Central Cordoba","Banfield","Silvio Trucco","1","1","D"
"77251","01-03-20 01:50","Argentina","Liga Profesional","2019/2020","Godoy Cruz","Union de Santa Fe","German Delfino","1","3","A"
"77252","29-02-20 23:40","Argentina","Liga Profesional","2019/2020","River Plate","Defensa y Justicia","Fernando Echenique","1","1","D"
"77253","29-02-20 21:30","Argentina","Liga Profesional","2019/2020","Gimnasia L.P.","Atl. Tucuman","Dario Herrera","1","0","H"
"77254","29-02-20 01:10","Argentina","Liga Profesional","2019/2020","Colon Santa Fe","Boca Juniors","Diego Abal","0","4","A"
"77255","28-02-20 23:00","Argentina","Liga Profesional","2019/2020","Racing Club","Newells Old Boys","Facundo Raul Tello Figueroa","1","1","D"
"77256","25-02-20 01:50","Argentina","Liga Profesional","2019/2020","Talleres Cordoba","Huracan","Facundo Raul Tello Figueroa","4","2","H"
"77257","25-02-20 01:45","Argentina","Liga Profesional","2019/2020","Union de Santa Fe","Central Cordoba","Pablo Echavarria","0","0","D"
"77258","24-02-20 23:40","Argentina","Liga Profesional","2019/2020","Defensa y Justicia","Rosario Central","Hernan Mastrangelo","3","0","H"
"77259","24-02-20 01:45","Argentina","Liga Profesional","2019/2020","Estudiantes L.P.","River Plate","Dario Herrera","0","2","A"
"77260","23-02-20 23:40","Argentina","Liga Profesional","2019/2020","Boca Juniors","Godoy Cruz","Nicolas Lamolina","3","0","H"
"77261","23-02-20 21:35","Argentina","Liga Profesional","2019/2020","Arsenal Sarandi","Velez Sarsfield","Mauro Vigliano","0","4","A"
"77262","23-02-20 01:50","Argentina","Liga Profesional","2019/2020","Atl. Tucuman","Lanus","Fernando Espinoza","2","2","D"
"77263","23-02-20 01:45","Argentina","Liga Profesional","2019/2020","Newells Old Boys","Colon Santa Fe","Pablo Dovalo","4","0","H"
"77264","22-02-20 23:40","Argentina","Liga Profesional","2019/2020","Independiente","Gimnasia L.P.","Fernando Echenique","0","1","A"
"77265","22-02-20 21:35","Argentina","Liga Profesional","2019/2020","San Lorenzo","Racing Club","Silvio Trucco","0","1","A"
"77266","22-02-20 01:10","Argentina","Liga Profesional","2019/2020","Argentinos Jrs","Patronato","Patricio Loustau","1","1","D"
"77267","21-02-20 23:00","Argentina","Liga Profesional","2019/2020","Banfield","Aldosivi","Leandro Rey Hilfer","0","1","A"
"77268","18-02-20 01:10","Argentina","Liga Profesional","2019/2020","Independiente","Arsenal Sarandi","Nazareno Arasa","1","1","D"
"77269","17-02-20 23:00","Argentina","Liga Profesional","2019/2020","Estudiantes L.P.","Defensa y Justicia","Leandro Rey Hilfer","1","2","A"
"77270","17-02-20 01:50","Argentina","Liga Profesional","2019/2020","Central Cordoba","Boca Juniors","Facundo Raul Tello Figueroa","0","4","A"
"77271","16-02-20 23:40","Argentina","Liga Profesional","2019/2020","Lanus","Newells Old Boys","Dario Herrera","1","1","D"
"77272","16-02-20 23:40","Argentina","Liga Profesional","2019/2020","River Plate","Banfield","Fernando Rapallini","1","0","H"
"77273","16-02-20 01:50","Argentina","Liga Profesional","2019/2020","Talleres Cordoba","San Lorenzo","Ariel Penel","1","0","H"
"77274","15-02-20 23:45","Argentina","Liga Profesional","2019/2020","Rosario Central","Gimnasia L.P.","Diego Abal","1","0","H"
"77275","15-02-20 23:40","Argentina","Liga Profesional","2019/2020","Atl. Tucuman","Argentinos Jrs","German Delfino","0","2","A"
"77276","15-02-20 21:35","Argentina","Liga Profesional","2019/2020","Huracan","Aldosivi","Mauro Vigliano","0","2","A"
"77277","15-02-20 01:10","Argentina","Liga Profesional","2019/2020","Colon Santa Fe","Racing Club","Hernan Mastrangelo","1","1","D"
"77278","14-02-20 23:00","Argentina","Liga Profesional","2019/2020","Patronato","Union de Santa Fe","Silvio Trucco","1","0","H"
"77279","11-02-20 01:10","Argentina","Liga Profesional","2019/2020","Godoy Cruz","Huracan","Nazareno Arasa","2","1","H"
"77280","10-02-20 23:00","Argentina","Liga Profesional","2019/2020","Arsenal Sarandi","Talleres Cordoba","Dario Herrera","1","1","D"
"77281","10-02-20 01:45","Argentina","Liga Profesional","2019/2020","Union de Santa Fe","River Plate","Facundo Raul Tello Figueroa","1","2","A"
"77282","09-02-20 23:40","Argentina","Liga Profesional","2019/2020","Racing Club","Independiente","Patricio Loustau","1","0","H"
"77283","09-02-20 21:35","Argentina","Liga Profesional","2019/2020","San Lorenzo","Velez Sarsfield","Nicolas Lamolina","1","0","H"
"77284","09-02-20 01:45","Argentina","Liga Profesional","2019/2020","Boca Juniors","Atl. Tucuman","Mauro Vigliano","2","0","H"
"77285","08-02-20 23:40","Argentina","Liga Profesional","2019/2020","Banfield","Rosario Central","Andres Merlos","1","1","D"
"77286","08-02-20 23:40","Argentina","Liga Profesional","2019/2020","Newells Old Boys","Estudiantes L.P.","Diego Abal","0","0","D"
"77287","08-02-20 21:35","Argentina","Liga Profesional","2019/2020","Defensa y Justicia","Colon Santa Fe","Pablo Echavarria","0","0","D"
"77288","08-02-20 21:35","Argentina","Liga Profesional","2019/2020","Gimnasia L.P.","Patronato","Nestor Pitana","1","1","D"
"77289","08-02-20 01:10","Argentina","Liga Profesional","2019/2020","Argentinos Jrs","Lanus","Fernando Rapallini","0","0","D"
"77290","07-02-20 23:00","Argentina","Liga Profesional","2019/2020","Aldosivi","Central Cordoba","Fernando Echenique","0","2","A"
"77291","04-02-20 01:10","Argentina","Liga Profesional","2019/2020","Newells Old Boys","San Lorenzo","Pablo Echavarria","1","0","H"
"77292","03-02-20 23:00","Argentina","Liga Profesional","2019/2020","Patronato","Arsenal Sarandi","Fernando Espinoza","2","2","D"
"77293","03-02-20 01:45","Argentina","Liga Profesional","2019/2020","Talleres Cordoba","Boca Juniors","Fernando Rapallini","1","2","A"
"77294","02-02-20 23:40","Argentina","Liga Profesional","2019/2020","Colon Santa Fe","Banfield","Ariel Penel","0","1","A"
"77295","02-02-20 23:40","Argentina","Liga Profesional","2019/2020","Lanus","Godoy Cruz","Diego Abal","2","0","H"
"77296","02-02-20 21:35","Argentina","Liga Profesional","2019/2020","River Plate","Central Cordoba","Nestor Pitana","2","0","H"
"77297","02-02-20 01:45","Argentina","Liga Profesional","2019/2020","Argentinos Jrs","Racing Club","Fernando Echenique","1","1","D"
"77298","01-02-20 23:40","Argentina","Liga Profesional","2019/2020","Atl. Tucuman","Defensa y Justicia","Jorge Balino","1","1","D"
"77299","01-02-20 23:40","Argentina","Liga Profesional","2019/2020","Estudiantes L.P.","Union de Santa Fe","German Delfino","3","1","H"
"77300","01-02-20 21:35","Argentina","Liga Profesional","2019/2020","Independiente","Rosario Central","Mauro Vigliano","5","0","H"
"77301","01-02-20 01:10","Argentina","Liga Profesional","2019/2020","Huracan","Gimnasia L.P.","Silvio Trucco","1","1","D"
"77302","31-01-20 01:10","Argentina","Liga Profesional","2019/2020","Velez Sarsfield","Aldosivi","Hernan Mastrangelo","1","1","D"
"77303","27-01-20 01:45","Argentina","Liga Profesional","2019/2020","Boca Juniors","Independiente","Fernando Echenique","0","0","D"
"77304","26-01-20 23:40","Argentina","Liga Profesional","2019/2020","Racing Club","Atl. Tucuman","Nestor Pitana","1","1","D"
"77305","26-01-20 21:35","Argentina","Liga Profesional","2019/2020","Banfield","Patronato","Fernando Rapallini","3","3","D"
"77306","26-01-20 21:35","Argentina","Liga Profesional","2019/2020","Defensa y Justicia","Talleres Cordoba","Nazareno Arasa","4","1","H"
"77307","26-01-20 01:45","Argentina","Liga Profesional","2019/2020","Godoy Cruz","River Plate","Mauro Vigliano","0","1","A"
"77308","25-01-20 23:40","Argentina","Liga Profesional","2019/2020","Central Cordoba","Colon Santa Fe","Silvio Trucco","1","0","H"
"77309","25-01-20 23:40","Argentina","Liga Profesional","2019/2020","San Lorenzo","Estudiantes L.P.","Pablo Dovalo","1","1","D"
"77310","25-01-20 21:35","Argentina","Liga Profesional","2019/2020","Arsenal Sarandi","Newells Old Boys","Ariel Penel","1","1","D"
"77311","25-01-20 01:45","Argentina","Liga Profesional","2019/2020","Rosario Central","Huracan","Nicolas Lamolina","2","1","H"
"77312","25-01-20 01:45","Argentina","Liga Profesional","2019/2020","Union de Santa Fe","Argentinos Jrs","Andres Merlos","1","0","H"
"77313","24-01-20 23:40","Argentina","Liga Profesional","2019/2020","Gimnasia L.P.","Velez Sarsfield","Patricio Loustau","0","0","D"
"77314","24-01-20 21:35","Argentina","Liga Profesional","2019/2020","Aldosivi","Lanus","Pablo Echavarria","2","0","H"
"77315","19-01-20 23:10","Argentina","Liga Profesional","2019/2020","Independiente","River Plate","Fernando Rapallini","1","2","A"
"77316","13-12-19 21:10","Argentina","Liga Profesional","2019/2020","Independiente","Newells Old Boys","Mauro Vigliano","2","3","A"
"77317","13-12-19 01:00","Argentina","Liga Profesional","2019/2020","Arsenal Sarandi","Colon Santa Fe","Andres Merlos","2","1","H"
"77318","10-12-19 01:10","Argentina","Liga Profesional","2019/2020","Argentinos Jrs","Estudiantes L.P.","Facundo Raul Tello Figueroa","1","1","D"
"77319","09-12-19 23:00","Argentina","Liga Profesional","2019/2020","Patronato","Velez Sarsfield","German Delfino","0","1","A"
"77320","09-12-19 01:45","Argentina","Liga Profesional","2019/2020","River Plate","San Lorenzo","Patricio Loustau","0","1","A"
"77321","08-12-19 23:40","Argentina","Liga Profesional","2019/2020","Rosario Central","Boca Juniors","Diego Abal","1","0","H"
"77322","08-12-19 21:35","Argentina","Liga Profesional","2019/2020","Defensa y Justicia","Godoy Cruz","Lucas Comesana","2","0","H"
"77323","08-12-19 21:35","Argentina","Liga Profesional","2019/2020","Gimnasia L.P.","Central Cordoba","Ariel Penel","2","1","H"
"77324","08-12-19 01:45","Argentina","Liga Profesional","2019/2020","Lanus","Racing Club","Dario Herrera","1","0","H"
"77325","07-12-19 23:40","Argentina","Liga Profesional","2019/2020","Atl. Tucuman","Newells Old Boys","Pablo Echavarria","2","2","D"
"77326","07-12-19 23:40","Argentina","Liga Profesional","2019/2020","Talleres Cordoba","Union de Santa Fe","Nazareno Arasa","0","0","D"
"77327","07-12-19 21:35","Argentina","Liga Profesional","2019/2020","Huracan","Arsenal Sarandi","Nestor Pitana","0","2","A"
"77328","07-12-19 01:10","Argentina","Liga Profesional","2019/2020","Independiente","Banfield","Pablo Dovalo","0","1","A"
"77329","06-12-19 23:00","Argentina","Liga Profesional","2019/2020","Colon Santa Fe","Aldosivi","Mauro Vigliano","0","2","A"
"77330","03-12-19 01:10","Argentina","Liga Profesional","2019/2020","Union de Santa Fe","Huracan","Mauro Vigliano","1","0","H"
"77331","02-12-19 23:00","Argentina","Liga Profesional","2019/2020","Arsenal Sarandi","Lanus","Jorge Balino","1","1","D"
"77332","02-12-19 01:45","Argentina","Liga Profesional","2019/2020","Aldosivi","Independiente","Fernando Echenique","0","0","D"
"77333","02-12-19 01:45","Argentina","Liga Profesional","2019/2020","Central Cordoba","Rosario Central","Fernando Rapallini","1","1","D"
"77334","01-12-19 23:40","Argentina","Liga Profesional","2019/2020","Godoy Cruz","Talleres Cordoba","Dario Herrera","0","5","A"
"77335","01-12-19 23:40","Argentina","Liga Profesional","2019/2020","Velez Sarsfield","Colon Santa Fe","Ariel Penel","3","1","H"
"77336","01-12-19 21:10","Argentina","Liga Profesional","2019/2020","San Lorenzo","Patronato","Pablo Echavarria","2","0","H"
"77337","01-12-19 01:45","Argentina","Liga Profesional","2019/2020","Newells Old Boys","River Plate","Nestor Pitana","2","3","A"
"77338","30-11-19 23:40","Argentina","Liga Profesional","2019/2020","Boca Juniors","Argentinos Jrs","Andres Merlos","1","1","D"
"77339","30-11-19 21:35","Argentina","Liga Profesional","2019/2020","Estudiantes L.P.","Atl. Tucuman","Diego Abal","1","1","D"
"77340","30-11-19 01:10","Argentina","Liga Profesional","2019/2020","Racing Club","Defensa y Justicia","Patricio Loustau","1","1","D"
"77341","29-11-19 23:00","Argentina","Liga Profesional","2019/2020","Banfield","Gimnasia L.P.","Fernando Espinoza","1","1","D"
"77342","26-11-19 01:10","Argentina","Liga Profesional","2019/2020","Argentinos Jrs","Newells Old Boys","Silvio Trucco","1","0","H"
"77343","26-11-19 01:10","Argentina","Liga Profesional","2019/2020","Rosario Central","Aldosivi","Patricio Loustau","5","1","H"
"77344","25-11-19 23:00","Argentina","Liga Profesional","2019/2020","Colon Santa Fe","Estudiantes L.P.","German Delfino","3","2","H"
"77345","25-11-19 23:00","Argentina","Liga Profesional","2019/2020","Patronato","Godoy Cruz","Fernando Rapallini","0","2","A"
"77346","25-11-19 01:45","Argentina","Liga Profesional","2019/2020","Talleres Cordoba","Racing Club","Nestor Pitana","3","3","D"
"77347","24-11-19 23:40","Argentina","Liga Profesional","2019/2020","Banfield","Velez Sarsfield","Hernan Mastrangelo","1","0","H"
"77348","24-11-19 23:40","Argentina","Liga Profesional","2019/2020","Gimnasia L.P.","Arsenal Sarandi","Fernando Echenique","0","1","A"
"77349","24-11-19 21:10","Argentina","Liga Profesional","2019/2020","Boca Juniors","Union de Santa Fe","Facundo Raul Tello Figueroa","2","0","H"
"77350","24-11-19 01:45","Argentina","Liga Profesional","2019/2020","Atl. Tucuman","San Lorenzo","Yael Falcon Perez","2","2","D"
"77351","23-11-19 23:40","Argentina","Liga Profesional","2019/2020","Defensa y Justicia","Lanus","Fernando Espinoza","2","0","H"
"77352","23-11-19 23:40","Argentina","Liga Profesional","2019/2020","Huracan","Central Cordoba","Dario Herrera","1","1","D"
"77353","11-11-19 00:00","Argentina","Liga Profesional","2019/2020","Velez Sarsfield","Boca Juniors","Patricio Loustau","0","0","D"
"77354","10-11-19 21:45","Argentina","Liga Profesional","2019/2020","Racing Club","Huracan","Fernando Rapallini","1","0","H"
"77355","10-11-19 19:30","Argentina","Liga Profesional","2019/2020","Newells Old Boys","Defensa y Justicia","Diego Abal","2","0","H"
"77356","10-11-19 17:15","Argentina","Liga Profesional","2019/2020","Aldosivi","Gimnasia L.P.","Dario Herrera","0","3","A"
"77357","10-11-19 15:00","Argentina","Liga Profesional","2019/2020","River Plate","Rosario Central","Fernando Echenique","0","1","A"
"77358","10-11-19 01:10","Argentina","Liga Profesional","2019/2020","Central Cordoba","Patronato","Andres Merlos","3","2","H"
"77359","10-11-19 00:00","Argentina","Liga Profesional","2019/2020","Godoy Cruz","Independiente","Ariel Penel","1","2","A"
"77360","09-11-19 21:45","Argentina","Liga Profesional","2019/2020","San Lorenzo","Argentinos Jrs","Nicolas Lamolina","3","0","H"
"77361","09-11-19 19:30","Argentina","Liga Profesional","2019/2020","Lanus","Banfield","Facundo Raul Tello Figueroa","0","1","A"
"77362","09-11-19 01:10","Argentina","Liga Profesional","2019/2020","Union de Santa Fe","Atl. Tucuman","Nestor Pitana","0","1","A"
"77363","08-11-19 23:00","Argentina","Liga Profesional","2019/2020","Estudiantes L.P.","Talleres Cordoba","Fernando Espinoza","1","0","H"
"77364","05-11-19 01:10","Argentina","Liga Profesional","2019/2020","Central Cordoba","Velez Sarsfield","Silvio Trucco","0","0","D"
"77365","05-11-19 01:10","Argentina","Liga Profesional","2019/2020","Huracan","Lanus","Nicolas Lamolina","0","1","A"
"77366","04-11-19 23:00","Argentina","Liga Profesional","2019/2020","Defensa y Justicia","Argentinos Jrs","Mauro Vigliano","0","0","D"
"77367","04-11-19 00:00","Argentina","Liga Profesional","2019/2020","Independiente","San Lorenzo","Patricio Loustau","2","1","H"
"77368","03-11-19 21:45","Argentina","Liga Profesional","2019/2020","Patronato","Racing Club","Facundo Raul Tello Figueroa","1","1","D"
"77369","03-11-19 19:30","Argentina","Liga Profesional","2019/2020","Talleres Cordoba","Newells Old Boys","Ariel Penel","1","0","H"
"77370","03-11-19 17:15","Argentina","Liga Profesional","2019/2020","Banfield","Union de Santa Fe","Dario Herrera","3","3","D"
"77371","03-11-19 15:00","Argentina","Liga Profesional","2019/2020","Boca Juniors","Arsenal Sarandi","Pablo Echavarria","5","1","H"
"77372","03-11-19 00:00","Argentina","Liga Profesional","2019/2020","Aldosivi","River Plate","Fernando Rapallini","1","2","A"
"77373","02-11-19 21:45","Argentina","Liga Profesional","2019/2020","Rosario Central","Godoy Cruz","Hernan Mastrangelo","5","2","H"
"77374","02-11-19 19:30","Argentina","Liga Profesional","2019/2020","Gimnasia L.P.","Estudiantes L.P.","Nestor Pitana","0","1","A"
"77375","02-11-19 17:15","Argentina","Liga Profesional","2019/2020","Colon Santa Fe","Atl. Tucuman","Jorge Balino","0","2","A"
"77376","01-11-19 01:20","Argentina","Liga Profesional","2019/2020","Lanus","Boca Juniors","Fernando Rapallini","2","1","H"
"77377","31-10-19 23:10","Argentina","Liga Profesional","2019/2020","Velez Sarsfield","Huracan","Nestor Pitana","0","0","D"
"77378","31-10-19 21:00","Argentina","Liga Profesional","2019/2020","Arsenal Sarandi","Central Cordoba","Mauro Vigliano","2","2","D"
"77379","31-10-19 01:20","Argentina","Liga Profesional","2019/2020","Racing Club","Banfield","Diego Abal","0","0","D"
"77380","30-10-19 23:10","Argentina","Liga Profesional","2019/2020","Union de Santa Fe","Independiente","Pablo Echavarria","2","2","D"
"77381","30-10-19 21:00","Argentina","Liga Profesional","2019/2020","San Lorenzo","Defensa y Justicia","Dario Herrera","1","3","A"
"77382","30-10-19 19:00","Argentina","Liga Profesional","2019/2020","Argentinos Jrs","Talleres Cordoba","Andres Merlos","1","0","H"
"77383","30-10-19 01:20","Argentina","Liga Profesional","2019/2020","River Plate","Colon Santa Fe","Nicolas Lamolina","2","1","H"
"77384","29-10-19 23:10","Argentina","Liga Profesional","2019/2020","Atl. Tucuman","Patronato","Fernando Espinoza","2","0","H"
"77385","29-10-19 23:10","Argentina","Liga Profesional","2019/2020","Newells Old Boys","Gimnasia L.P.","Fernando Echenique","0","4","A"
"77386","29-10-19 21:00","Argentina","Liga Profesional","2019/2020","Estudiantes L.P.","Rosario Central","Patricio Loustau","3","0","H"
"77387","29-10-19 19:00","Argentina","Liga Profesional","2019/2020","Godoy Cruz","Aldosivi","Facundo Raul Tello Figueroa","3","2","H"
"77388","22-10-19 02:20","Argentina","Liga Profesional","2019/2020","Colon Santa Fe","Godoy Cruz","Lucas Comesana","2","1","H"
"77389","22-10-19 00:00","Argentina","Liga Profesional","2019/2020","Central Cordoba","Estudiantes L.P.","Dario Herrera","0","1","A"
"77390","20-10-19 22:45","Argentina","Liga Profesional","2019/2020","Rosario Central","Velez Sarsfield","Ariel Penel","0","1","A"
"77391","20-10-19 20:30","Argentina","Liga Profesional","2019/2020","Huracan","San Lorenzo","Fernando Espinoza","2","0","H"
"77392","20-10-19 18:15","Argentina","Liga Profesional","2019/2020","Gimnasia L.P.","Union de Santa Fe","Andres Merlos","0","1","A"
"77393","20-10-19 16:00","Argentina","Liga Profesional","2019/2020","Aldosivi","Defensa y Justicia","Hernan Mastrangelo","1","0","H"
"77394","20-10-19 01:00","Argentina","Liga Profesional","2019/2020","Talleres Cordoba","Lanus","Mauro Vigliano","2","4","A"
"77395","19-10-19 22:45","Argentina","Liga Profesional","2019/2020","Patronato","Newells Old Boys","Fernando Rapallini","1","3","A"
"77396","19-10-19 20:30","Argentina","Liga Profesional","2019/2020","Independiente","Argentinos Jrs","Nicolas Lamolina","0","1","A"
"77397","19-10-19 18:15","Argentina","Liga Profesional","2019/2020","Banfield","Atl. Tucuman","Pablo Echavarria","1","2","A"
"77398","19-10-19 02:10","Argentina","Liga Profesional","2019/2020","Boca Juniors","Racing Club","Fernando Echenique","0","1","A"
"77399","19-10-19 00:00","Argentina","Liga Profesional","2019/2020","Arsenal Sarandi","River Plate","Facundo Raul Tello Figueroa","3","3","D"
"77400","07-10-19 01:00","Argentina","Liga Profesional","2019/2020","Defensa y Justicia","Boca Juniors","Pablo Echavarria","0","1","A"
"77401","06-10-19 22:45","Argentina","Liga Profesional","2019/2020","River Plate","Patronato","Fernando Echenique","2","0","H"
"77402","06-10-19 20:30","Argentina","Liga Profesional","2019/2020","Union de Santa Fe","Colon Santa Fe","Patricio Loustau","1","0","H"
"77403","06-10-19 18:15","Argentina","Liga Profesional","2019/2020","Lanus","Rosario Central","Diego Abal","1","1","D"
"77404","06-10-19 16:00","Argentina","Liga Profesional","2019/2020","Velez Sarsfield","Independiente","German Delfino","2","0","H"
"77405","06-10-19 01:00","Argentina","Liga Profesional","2019/2020","Racing Club","Aldosivi","Mauro Vigliano","2","0","H"
"77406","05-10-19 22:45","Argentina","Liga Profesional","2019/2020","Estudiantes L.P.","Huracan","Facundo Raul Tello Figueroa","0","0","D"
"77407","05-10-19 20:30","Argentina","Liga Profesional","2019/2020","San Lorenzo","Central Cordoba","Nestor Pitana","1","4","A"
"77408","05-10-19 18:15","Argentina","Liga Profesional","2019/2020","Argentinos Jrs","Arsenal Sarandi","Fernando Espinoza","2","1","H"
"77409","05-10-19 18:15","Argentina","Liga Profesional","2019/2020","Godoy Cruz","Gimnasia L.P.","Dario Herrera","2","4","A"
"77410","05-10-19 02:10","Argentina","Liga Profesional","2019/2020","Atl. Tucuman","Talleres Cordoba","Nazareno Arasa","2","1","H"
"77411","05-10-19 00:00","Argentina","Liga Profesional","2019/2020","Newells Old Boys","Banfield","Nicolas Lamolina","0","0","D"
"77412","01-10-19 02:10","Argentina","Liga Profesional","2019/2020","Colon Santa Fe","Argentinos Jrs","Yael Falcon Perez","1","0","H"
"77413","01-10-19 00:00","Argentina","Liga Profesional","2019/2020","Central Cordoba","Godoy Cruz","Pablo Echavarria","1","0","H"
"77414","30-09-19 01:00","Argentina","Liga Profesional","2019/2020","Independiente","Talleres Cordoba","Diego Abal","3","2","H"
"77415","29-09-19 22:45","Argentina","Liga Profesional","2019/2020","Rosario Central","Racing Club","Jorge Balino","1","1","D"
"77416","29-09-19 20:30","Argentina","Liga Profesional","2019/2020","Velez Sarsfield","Defensa y Justicia","Nicolas Lamolina","0","1","A"
"77417","29-09-19 18:15","Argentina","Liga Profesional","2019/2020","Huracan","Atl. Tucuman","Ariel Penel","0","0","D"
"77418","29-09-19 16:00","Argentina","Liga Profesional","2019/2020","Banfield","San Lorenzo","Facundo Raul Tello Figueroa","0","1","A"
"77419","29-09-19 01:00","Argentina","Liga Profesional","2019/2020","Boca Juniors","Newells Old Boys","Dario Herrera","1","1","D"
"77420","28-09-19 22:45","Argentina","Liga Profesional","2019/2020","Gimnasia L.P.","River Plate","Patricio Loustau","0","2","A"
"77421","28-09-19 20:30","Argentina","Liga Profesional","2019/2020","Arsenal Sarandi","Estudiantes L.P.","Leandro Rey Hilfer","3","0","H"
"77422","28-09-19 02:10","Argentina","Liga Profesional","2019/2020","Patronato","Lanus","Fernando Espinoza","1","1","D"
"77423","28-09-19 00:00","Argentina","Liga Profesional","2019/2020","Aldosivi","Union de Santa Fe","Nestor Pitana","1","2","A"
"77424","24-09-19 02:00","Argentina","Liga Profesional","2019/2020","Talleres Cordoba","Gimnasia L.P.","Hernan Mastrangelo","2","1","H"
"77425","23-09-19 01:00","Argentina","Liga Profesional","2019/2020","River Plate","Velez Sarsfield","Andres Merlos","1","2","A"
"77426","22-09-19 22:45","Argentina","Liga Profesional","2019/2020","Racing Club","Arsenal Sarandi","Patricio Loustau","2","1","H"
"77427","22-09-19 20:30","Argentina","Liga Profesional","2019/2020","Lanus","Colon Santa Fe","Dario Herrera","3","2","H"
"77428","22-09-19 18:15","Argentina","Liga Profesional","2019/2020","Godoy Cruz","Banfield","Pablo Dovalo","0","2","A"
"77429","22-09-19 16:00","Argentina","Liga Profesional","2019/2020","Newells Old Boys","Aldosivi","Facundo Raul Tello Figueroa","2","0","H"
"77430","22-09-19 01:00","Argentina","Liga Profesional","2019/2020","Atl. Tucuman","Independiente","Nestor Pitana","0","1","A"
"77431","21-09-19 22:45","Argentina","Liga Profesional","2019/2020","San Lorenzo","Boca Juniors","Mauro Vigliano","0","2","A"
"77432","21-09-19 20:30","Argentina","Liga Profesional","2019/2020","Defensa y Justicia","Huracan","Silvio Trucco","0","1","A"
"77433","21-09-19 18:15","Argentina","Liga Profesional","2019/2020","Estudiantes L.P.","Patronato","German Delfino","1","0","H"
"77434","21-09-19 02:10","Argentina","Liga Profesional","2019/2020","Argentinos Jrs","Central Cordoba","Fernando Echenique","3","1","H"
"77435","21-09-19 00:00","Argentina","Liga Profesional","2019/2020","Union de Santa Fe","Rosario Central","Pablo Echavarria","0","0","D"
"77436","17-09-19 02:10","Argentina","Liga Profesional","2019/2020","Velez Sarsfield","Atl. Tucuman","Dario Herrera","1","0","H"
"77437","17-09-19 00:00","Argentina","Liga Profesional","2019/2020","Aldosivi","Patronato","Patricio Loustau","1","1","D"
"77438","16-09-19 01:00","Argentina","Liga Profesional","2019/2020","Boca Juniors","Estudiantes L.P.","Facundo Raul Tello Figueroa","1","0","H"
"77439","15-09-19 22:45","Argentina","Liga Profesional","2019/2020","Independiente","Lanus","Mauro Vigliano","2","2","D"
"77440","15-09-19 20:30","Argentina","Liga Profesional","2019/2020","Rosario Central","Newells Old Boys","Andres Merlos","1","1","D"
"77441","15-09-19 18:15","Argentina","Liga Profesional","2019/2020","Banfield","Talleres Cordoba","Ariel Penel","0","1","A"
"77442","15-09-19 16:00","Argentina","Liga Profesional","2019/2020","Gimnasia L.P.","Racing Club","Diego Abal","1","2","A"
"77443","15-09-19 01:00","Argentina","Liga Profesional","2019/2020","Huracan","River Plate","Nicolas Lamolina","0","4","A"
"77444","14-09-19 22:45","Argentina","Liga Profesional","2019/2020","Colon Santa Fe","San Lorenzo","Fernando Echenique","2","1","H"
"77445","14-09-19 20:30","Argentina","Liga Profesional","2019/2020","Central Cordoba","Defensa y Justicia","Fernando Espinoza","1","2","A"
"77446","14-09-19 20:30","Argentina","Liga Profesional","2019/2020","Godoy Cruz","Argentinos Jrs","Nestor Pitana","0","1","A"
"77447","14-09-19 18:15","Argentina","Liga Profesional","2019/2020","Arsenal Sarandi","Union de Santa Fe","Jorge Balino","4","1","H"
"77448","01-09-19 22:00","Argentina","Liga Profesional","2019/2020","River Plate","Boca Juniors","Fernando Rapallini","0","0","D"
"77449","01-09-19 18:15","Argentina","Liga Profesional","2019/2020","Newells Old Boys","Huracan","Nestor Pitana","4","1","H"
"77450","01-09-19 18:15","Argentina","Liga Profesional","2019/2020","Talleres Cordoba","Aldosivi","Andres Merlos","2","1","H"
"77451","01-09-19 16:00","Argentina","Liga Profesional","2019/2020","Atl. Tucuman","Arsenal Sarandi","Ariel Penel","1","0","H"
"77452","01-09-19 16:00","Argentina","Liga Profesional","2019/2020","Colon Santa Fe","Rosario Central","Fernando Espinoza","1","1","D"
"77453","01-09-19 01:00","Argentina","Liga Profesional","2019/2020","Racing Club","Godoy Cruz","German Delfino","3","1","H"
"77454","31-08-19 22:45","Argentina","Liga Profesional","2019/2020","Patronato","Independiente","Silvio Trucco","1","0","H"
"77455","31-08-19 20:30","Argentina","Liga Profesional","2019/2020","San Lorenzo","Union de Santa Fe","Nicolas Lamolina","2","1","H"
"77456","31-08-19 18:15","Argentina","Liga Profesional","2019/2020","Argentinos Jrs","Gimnasia L.P.","Facundo Raul Tello Figueroa","1","0","H"
"77457","31-08-19 02:10","Argentina","Liga Profesional","2019/2020","Defensa y Justicia","Banfield","Dario Herrera","0","0","D"
"77458","31-08-19 02:10","Argentina","Liga Profesional","2019/2020","Estudiantes L.P.","Velez Sarsfield","Patricio Loustau","0","1","A"
"77459","31-08-19 00:00","Argentina","Liga Profesional","2019/2020","Lanus","Central Cordoba","Hernan Mastrangelo","1","0","H"
"77460","27-08-19 02:10","Argentina","Liga Profesional","2019/2020","Huracan","Argentinos Jrs","Patricio Loustau","0","0","D"
"77461","27-08-19 00:00","Argentina","Liga Profesional","2019/2020","Aldosivi","Atl. Tucuman","Silvio Trucco","3","0","H"
"77462","26-08-19 01:00","Argentina","Liga Profesional","2019/2020","Banfield","Boca Juniors","Fernando Echenique","0","1","A"
"77463","25-08-19 22:45","Argentina","Liga Profesional","2019/2020","River Plate","Talleres Cordoba","Nestor Pitana","0","1","A"
"77464","25-08-19 20:30","Argentina","Liga Profesional","2019/2020","Central Cordoba","Racing Club","Mauro Vigliano","0","0","D"
"77465","25-08-19 18:15","Argentina","Liga Profesional","2019/2020","Union de Santa Fe","Lanus","Fernando Espinoza","1","2","A"
"77466","25-08-19 16:00","Argentina","Liga Profesional","2019/2020","Godoy Cruz","Estudiantes L.P.","Pablo Echavarria","2","1","H"
"77467","25-08-19 01:00","Argentina","Liga Profesional","2019/2020","Independiente","Colon Santa Fe","Diego Abal","2","0","H"
"77468","24-08-19 22:45","Argentina","Liga Profesional","2019/2020","Rosario Central","Patronato","Hernan Mastrangelo","1","1","D"
"77469","24-08-19 20:30","Argentina","Liga Profesional","2019/2020","Velez Sarsfield","Newells Old Boys","German Delfino","3","1","H"
"77470","24-08-19 18:15","Argentina","Liga Profesional","2019/2020","Gimnasia L.P.","Defensa y Justicia","Andres Merlos","0","1","A"
"77471","24-08-19 02:00","Argentina","Liga Profesional","2019/2020","Arsenal Sarandi","San Lorenzo","Facundo Raul Tello Figueroa","0","2","A"
"77472","20-08-19 01:00","Argentina","Liga Profesional","2019/2020","Estudiantes L.P.","Independiente","Nestor Pitana","3","0","H"
"77473","19-08-19 22:45","Argentina","Liga Profesional","2019/2020","Colon Santa Fe","Gimnasia L.P.","Jorge Balino","2","1","H"
"77474","19-08-19 20:30","Argentina","Liga Profesional","2019/2020","Atl. Tucuman","Godoy Cruz","Dario Herrera","1","0","H"
"77475","19-08-19 01:00","Argentina","Liga Profesional","2019/2020","Boca Juniors","Aldosivi","Mauro Vigliano","2","0","H"
"77476","18-08-19 22:45","Argentina","Liga Profesional","2019/2020","Lanus","Velez Sarsfield","Facundo Raul Tello Figueroa","3","1","H"
"77477","18-08-19 20:30","Argentina","Liga Profesional","2019/2020","Defensa y Justicia","Arsenal Sarandi","Fernando Espinoza","0","3","A"
"77478","18-08-19 16:00","Argentina","Liga Profesional","2019/2020","Patronato","Huracan","German Delfino","2","1","H"
"77479","18-08-19 01:00","Argentina","Liga Profesional","2019/2020","Racing Club","River Plate","Patricio Loustau","1","6","A"
"77480","17-08-19 22:45","Argentina","Liga Profesional","2019/2020","San Lorenzo","Rosario Central","Fernando Rapallini","2","2","D"
"77481","17-08-19 20:30","Argentina","Liga Profesional","2019/2020","Newells Old Boys","Union de Santa Fe","Ariel Penel","2","0","H"
"77482","17-08-19 02:10","Argentina","Liga Profesional","2019/2020","Talleres Cordoba","Central Cordoba","Nicolas Lamolina","1","1","D"
"77483","17-08-19 00:00","Argentina","Liga Profesional","2019/2020","Argentinos Jrs","Banfield","Andres Merlos","3","2","H"
"77484","06-08-19 02:10","Argentina","Liga Profesional","2019/2020","Godoy Cruz","Arsenal Sarandi","Patricio Loustau","0","2","A"
"77485","05-08-19 01:00","Argentina","Liga Profesional","2019/2020","Patronato","Boca Juniors","Fernando Rapallini","0","2","A"
"77486","04-08-19 22:45","Argentina","Liga Profesional","2019/2020","River Plate","Lanus","German Delfino","3","0","H"
"77487","04-08-19 20:30","Argentina","Liga Profesional","2019/2020","Banfield","Estudiantes L.P.","Nazareno Arasa","1","0","H"
"77488","04-08-19 18:15","Argentina","Liga Profesional","2019/2020","Gimnasia L.P.","San Lorenzo","Fernando Espinoza","0","1","A"
"77489","04-08-19 16:00","Argentina","Liga Profesional","2019/2020","Union de Santa Fe","Defensa y Justicia","Dario Herrera","2","1","H"
"77490","04-08-19 01:00","Argentina","Liga Profesional","2019/2020","Velez Sarsfield","Racing Club","Nestor Pitana","2","2","D"
"77491","03-08-19 22:45","Argentina","Liga Profesional","2019/2020","Central Cordoba","Atl. Tucuman","Pablo Echavarria","1","0","H"
"77492","03-08-19 20:30","Argentina","Liga Profesional","2019/2020","Rosario Central","Talleres Cordoba","Facundo Raul Tello Figueroa","1","0","H"
"77493","03-08-19 18:15","Argentina","Liga Profesional","2019/2020","Aldosivi","Argentinos Jrs","Diego Abal","0","0","D"
"77494","03-08-19 02:00","Argentina","Liga Profesional","2019/2020","Huracan","Colon Santa Fe","Hernan Mastrangelo","2","0","H"
"77495","30-07-19 02:10","Argentina","Liga Profesional","2019/2020","Atl. Tucuman","Rosario Central","Nestor Pitana","1","2","A"
"77496","30-07-19 00:00","Argentina","Liga Profesional","2019/2020","Arsenal Sarandi","Banfield","Hernan Mastrangelo","1","0","H"
"77497","29-07-19 01:00","Argentina","Liga Profesional","2019/2020","Boca Juniors","Huracan","Diego Abal","0","0","D"
"77498","28-07-19 22:45","Argentina","Liga Profesional","2019/2020","Defensa y Justicia","Independiente","Patricio Loustau","0","1","A"
"77499","28-07-19 20:30","Argentina","Liga Profesional","2019/2020","Talleres Cordoba","Velez Sarsfield","Ariel Penel","1","0","H"
"77500","28-07-19 18:15","Argentina","Liga Profesional","2019/2020","Newells Old Boys","Central Cordoba","Facundo Raul Tello Figueroa","2","0","H"
"77501","28-07-19 16:00","Argentina","Liga Profesional","2019/2020","Estudiantes L.P.","Aldosivi","Fernando Espinoza","1","0","H"
"77502","28-07-19 01:00","Argentina","Liga Profesional","2019/2020","Argentinos Jrs","River Plate","Fernando Rapallini","1","1","D"
"77503","27-07-19 22:45","Argentina","Liga Profesional","2019/2020","Lanus","Gimnasia L.P.","Dario Herrera","1","1","D"
"77504","27-07-19 20:30","Argentina","Liga Profesional","2019/2020","San Lorenzo","Godoy Cruz","Andres Merlos","3","2","H"
"77505","27-07-19 18:15","Argentina","Liga Profesional","2019/2020","Colon Santa Fe","Patronato","Silvio Trucco","0","1","A"
"77506","27-07-19 02:00","Argentina","Liga Profesional","2019/2020","Racing Club","Union de Santa Fe","Nicolas Lamolina","0","0","D"
"76906","07-04-19 23:30","Argentina","Liga Profesional","2018/2019","Racing Club","Defensa y Justicia","Nicolas Lamolina","1","1","D"
"76907","07-04-19 20:15","Argentina","Liga Profesional","2018/2019","Belgrano","Godoy Cruz","Patricio Loustau","1","0","H"
"76908","07-04-19 20:15","Argentina","Liga Profesional","2018/2019","Patronato","Argentinos Jrs","Fernando Rapallini","2","1","H"
"76909","07-04-19 20:15","Argentina","Liga Profesional","2018/2019","River Plate","Tigre","Andres Merlos","2","3","A"
"76910","07-04-19 20:15","Argentina","Liga Profesional","2018/2019","San Martin S.J.","Talleres Cordoba","Facundo Raul Tello Figueroa","2","1","H"
"76911","07-04-19 18:00","Argentina","Liga Profesional","2018/2019","Rosario Central","Independiente","Fernando Echenique","1","2","A"
"76912","07-04-19 16:00","Argentina","Liga Profesional","2018/2019","Huracan","Atl. Tucuman","Dario Herrera","2","0","H"
"76913","07-04-19 01:00","Argentina","Liga Profesional","2018/2019","Aldosivi","Boca Juniors","Diego Abal","1","1","D"
"76914","06-04-19 22:45","Argentina","Liga Profesional","2018/2019","Velez Sarsfield","Lanus","German Delfino","4","0","H"
"76915","06-04-19 20:30","Argentina","Liga Profesional","2018/2019","Banfield","Newells Old Boys","Jorge Balino","1","1","D"
"76916","06-04-19 20:30","Argentina","Liga Profesional","2018/2019","Union de Santa Fe","Estudiantes L.P.","Nestor Pitana","0","0","D"
"76917","06-04-19 18:15","Argentina","Liga Profesional","2018/2019","Gimnasia L.P.","Colon Santa Fe","Nazareno Arasa","3","2","H"
"76918","06-04-19 02:10","Argentina","Liga Profesional","2018/2019","San Martin T.","San Lorenzo","Pablo Dovalo","0","0","D"
"76919","02-04-19 02:10","Argentina","Liga Profesional","2018/2019","Colon Santa Fe","San Martin S.J.","Ariel Penel","0","0","D"
"76920","02-04-19 00:00","Argentina","Liga Profesional","2018/2019","Estudiantes L.P.","San Martin T.","Hernan Mastrangelo","1","1","D"
"76921","31-03-19 23:10","Argentina","Liga Profesional","2018/2019","Defensa y Justicia","Union de Santa Fe","Diego Abal","1","1","D"
"76922","31-03-19 23:10","Argentina","Liga Profesional","2018/2019","Tigre","Racing Club","Nestor Pitana","1","1","D"
"76923","31-03-19 18:15","Argentina","Liga Profesional","2018/2019","Argentinos Jrs","Rosario Central","Leandro Rey Hilfer","0","2","A"
"76924","31-03-19 18:15","Argentina","Liga Profesional","2018/2019","Lanus","Belgrano","Facundo Raul Tello Figueroa","3","1","H"
"76925","31-03-19 16:00","Argentina","Liga Profesional","2018/2019","Atl. Tucuman","Aldosivi","German Delfino","1","0","H"
"76926","31-03-19 00:00","Argentina","Liga Profesional","2018/2019","Talleres Cordoba","River Plate","Silvio Trucco","0","2","A"
"76927","30-03-19 21:45","Argentina","Liga Profesional","2018/2019","Independiente","Velez Sarsfield","Fernando Rapallini","2","1","H"
"76928","30-03-19 19:30","Argentina","Liga Profesional","2018/2019","Godoy Cruz","Patronato","Andres Merlos","2","1","H"
"76929","30-03-19 17:15","Argentina","Liga Profesional","2018/2019","San Lorenzo","Gimnasia L.P.","Dario Herrera","1","1","D"
"76930","30-03-19 01:10","Argentina","Liga Profesional","2018/2019","Boca Juniors","Banfield","Pablo Echavarria","2","0","H"
"76931","29-03-19 23:00","Argentina","Liga Profesional","2018/2019","Newells Old Boys","Huracan","Patricio Loustau","3","1","H"
"76932","24-03-19 00:00","Argentina","Liga Profesional","2018/2019","Colon Santa Fe","San Lorenzo","Fernando Echenique","1","1","D"
"76933","19-03-19 01:10","Argentina","Liga Profesional","2018/2019","Huracan","Estudiantes L.P.","Nicolas Lamolina","0","1","A"
"76934","18-03-19 23:00","Argentina","Liga Profesional","2018/2019","Banfield","Godoy Cruz","Diego Abal","2","2","D"
"76935","18-03-19 00:00","Argentina","Liga Profesional","2018/2019","San Martin T.","Boca Juniors","Mauro Vigliano","1","4","A"
"76936","17-03-19 21:45","Argentina","Liga Profesional","2018/2019","River Plate","Independiente","Patricio Loustau","3","0","H"
"76937","17-03-19 19:30","Argentina","Liga Profesional","2018/2019","Rosario Central","San Lorenzo","Pablo Echavarria","0","1","A"
"76938","17-03-19 17:15","Argentina","Liga Profesional","2018/2019","Talleres Cordoba","Tigre","Fernando Espinoza","1","3","A"
"76939","17-03-19 15:00","Argentina","Liga Profesional","2018/2019","Patronato","Defensa y Justicia","Ariel Penel","2","0","H"
"76940","17-03-19 00:00","Argentina","Liga Profesional","2018/2019","Racing Club","Belgrano","Fernando Rapallini","1","0","H"
"76941","16-03-19 21:45","Argentina","Liga Profesional","2018/2019","San Martin S.J.","Argentinos Jrs","Jorge Balino","2","3","A"
"76942","16-03-19 19:30","Argentina","Liga Profesional","2018/2019","Union de Santa Fe","Lanus","Dario Herrera","3","0","H"
"76943","16-03-19 17:15","Argentina","Liga Profesional","2018/2019","Velez Sarsfield","Atl. Tucuman","Nestor Pitana","2","0","H"
"76944","16-03-19 01:10","Argentina","Liga Profesional","2018/2019","Aldosivi","Colon Santa Fe","Andres Merlos","3","0","H"
"76945","15-03-19 23:00","Argentina","Liga Profesional","2018/2019","Gimnasia L.P.","Newells Old Boys","Fernando Echenique","1","0","H"
"76946","12-03-19 01:10","Argentina","Liga Profesional","2018/2019","Argentinos Jrs","Velez Sarsfield","Patricio Loustau","0","0","D"
"76947","12-03-19 01:10","Argentina","Liga Profesional","2018/2019","Defensa y Justicia","Banfield","Fernando Rapallini","3","2","H"
"76948","11-03-19 23:00","Argentina","Liga Profesional","2018/2019","Tigre","Union de Santa Fe","Pablo Echavarria","2","2","D"
"76949","11-03-19 01:30","Argentina","Liga Profesional","2018/2019","Atl. Tucuman","River Plate","Diego Abal","0","1","A"
"76950","10-03-19 23:20","Argentina","Liga Profesional","2018/2019","Huracan","San Martin T.","Andres Merlos","1","3","A"
"76951","10-03-19 23:20","Argentina","Liga Profesional","2018/2019","Independiente","Aldosivi","Mauro Vigliano","2","0","H"
"76952","10-03-19 21:10","Argentina","Liga Profesional","2018/2019","Estudiantes L.P.","Gimnasia L.P.","German Delfino","1","0","H"
"76953","10-03-19 01:30","Argentina","Liga Profesional","2018/2019","Boca Juniors","San Lorenzo","Facundo Raul Tello Figueroa","3","0","H"
"76954","09-03-19 23:20","Argentina","Liga Profesional","2018/2019","Colon Santa Fe","Racing Club","Jorge Balino","1","1","D"
"76955","09-03-19 21:10","Argentina","Liga Profesional","2018/2019","Godoy Cruz","Rosario Central","Hernan Mastrangelo","0","0","D"
"76956","09-03-19 21:10","Argentina","Liga Profesional","2018/2019","Newells Old Boys","Talleres Cordoba","Nicolas Lamolina","1","2","A"
"76957","09-03-19 01:10","Argentina","Liga Profesional","2018/2019","Belgrano","Patronato","Nestor Pitana","3","0","H"
"76958","08-03-19 23:00","Argentina","Liga Profesional","2018/2019","Lanus","San Martin S.J.","Silvio Trucco","1","1","D"
"76959","05-03-19 01:30","Argentina","Liga Profesional","2018/2019","Aldosivi","Defensa y Justicia","Silvio Trucco","0","1","A"
"76960","04-03-19 23:20","Argentina","Liga Profesional","2018/2019","Velez Sarsfield","Tigre","Fernando Rapallini","1","2","A"
"76961","04-03-19 21:10","Argentina","Liga Profesional","2018/2019","Banfield","Atl. Tucuman","Hernan Mastrangelo","1","2","A"
"76962","04-03-19 01:30","Argentina","Liga Profesional","2018/2019","Gimnasia L.P.","Independiente","Diego Abal","1","0","H"
"76963","03-03-19 23:20","Argentina","Liga Profesional","2018/2019","Racing Club","Estudiantes L.P.","Facundo Raul Tello Figueroa","1","0","H"
"76964","03-03-19 21:10","Argentina","Liga Profesional","2018/2019","Patronato","Huracan","Pablo Dovalo","1","0","H"
"76965","03-03-19 21:10","Argentina","Liga Profesional","2018/2019","Talleres Cordoba","Colon Santa Fe","Mauro Vigliano","2","0","H"
"76966","03-03-19 01:30","Argentina","Liga Profesional","2018/2019","River Plate","Newells Old Boys","Dario Herrera","4","2","H"
"76967","02-03-19 23:20","Argentina","Liga Profesional","2018/2019","San Martin S.J.","Godoy Cruz","Patricio Loustau","0","0","D"
"76968","02-03-19 23:20","Argentina","Liga Profesional","2018/2019","San Martin T.","Lanus","Ariel Penel","1","2","A"
"76969","02-03-19 21:10","Argentina","Liga Profesional","2018/2019","Rosario Central","Belgrano","Jorge Balino","0","0","D"
"76970","02-03-19 01:10","Argentina","Liga Profesional","2018/2019","Union de Santa Fe","Boca Juniors","Andres Merlos","1","3","A"
"76971","01-03-19 23:15","Argentina","Liga Profesional","2018/2019","San Lorenzo","Argentinos Jrs","Nestor Pitana","2","3","A"
"76972","26-02-19 01:10","Argentina","Liga Profesional","2018/2019","Newells Old Boys","San Martin S.J.","Pablo Echavarria","3","0","H"
"76973","25-02-19 23:00","Argentina","Liga Profesional","2018/2019","Aldosivi","Gimnasia L.P.","Facundo Raul Tello Figueroa","0","0","D"
"76974","25-02-19 01:30","Argentina","Liga Profesional","2018/2019","Defensa y Justicia","Boca Juniors","Fernando Echenique","0","1","A"
"76975","24-02-19 23:20","Argentina","Liga Profesional","2018/2019","Atl. Tucuman","Argentinos Jrs","Nicolas Lamolina","0","0","D"
"76976","24-02-19 23:20","Argentina","Liga Profesional","2018/2019","Estudiantes L.P.","Talleres Cordoba","Patricio Loustau","0","1","A"
"76977","24-02-19 21:10","Argentina","Liga Profesional","2018/2019","River Plate","San Martin T.","German Delfino","2","1","H"
"76978","24-02-19 01:30","Argentina","Liga Profesional","2018/2019","Independiente","Racing Club","Nestor Pitana","1","3","A"
"76979","23-02-19 23:20","Argentina","Liga Profesional","2018/2019","Belgrano","San Lorenzo","Dario Herrera","0","0","D"
"76980","23-02-19 21:10","Argentina","Liga Profesional","2018/2019","Godoy Cruz","Velez Sarsfield","Diego Abal","0","2","A"
"76981","23-02-19 21:10","Argentina","Liga Profesional","2018/2019","Huracan","Union de Santa Fe","Jorge Balino","1","3","A"
"76982","23-02-19 01:10","Argentina","Liga Profesional","2018/2019","Colon Santa Fe","Banfield","Yamil Possi","0","1","A"
"76983","23-02-19 01:10","Argentina","Liga Profesional","2018/2019","Lanus","Rosario Central","Fernando Espinoza","2","0","H"
"76984","22-02-19 23:00","Argentina","Liga Profesional","2018/2019","Tigre","Patronato","Andres Merlos","2","1","H"
"76985","21-02-19 01:00","Argentina","Liga Profesional","2018/2019","Boca Juniors","Atl. Tucuman","German Delfino","1","2","A"
"76986","19-02-19 01:10","Argentina","Liga Profesional","2018/2019","Racing Club","Godoy Cruz","Nicolas Lamolina","3","0","H"
"76987","18-02-19 23:00","Argentina","Liga Profesional","2018/2019","Argentinos Jrs","Estudiantes L.P.","Ariel Penel","2","1","H"
"76988","18-02-19 01:30","Argentina","Liga Profesional","2018/2019","Banfield","River Plate","Silvio Trucco","1","1","D"
"76989","17-02-19 23:20","Argentina","Liga Profesional","2018/2019","Boca Juniors","Lanus","Patricio Loustau","2","1","H"
"76990","17-02-19 21:10","Argentina","Liga Profesional","2018/2019","Rosario Central","Tigre","Hernan Mastrangelo","0","2","A"
"76991","17-02-19 21:10","Argentina","Liga Profesional","2018/2019","Talleres Cordoba","Huracan","Diego Abal","0","0","D"
"76992","17-02-19 01:30","Argentina","Liga Profesional","2018/2019","San Martin S.J.","Independiente","Fernando Echenique","1","1","D"
"76993","16-02-19 23:20","Argentina","Liga Profesional","2018/2019","Gimnasia L.P.","Defensa y Justicia","Dario Herrera","0","1","A"
"76994","16-02-19 23:20","Argentina","Liga Profesional","2018/2019","Patronato","Aldosivi","Diego Ceballos","0","0","D"
"76995","16-02-19 21:10","Argentina","Liga Profesional","2018/2019","San Lorenzo","Newells Old Boys","Fernando Espinoza","1","1","D"
"76996","16-02-19 01:10","Argentina","Liga Profesional","2018/2019","San Martin T.","Belgrano","Facundo Raul Tello Figueroa","0","0","D"
"76997","15-02-19 23:00","Argentina","Liga Profesional","2018/2019","Union de Santa Fe","Atl. Tucuman","Nestor Pitana","3","0","H"
"76998","15-02-19 23:00","Argentina","Liga Profesional","2018/2019","Velez Sarsfield","Colon Santa Fe","Nazareno Arasa","1","1","D"
"76999","15-02-19 01:00","Argentina","Liga Profesional","2018/2019","Rosario Central","River Plate","Andres Merlos","1","1","D"
"77000","12-02-19 01:10","Argentina","Liga Profesional","2018/2019","Aldosivi","San Martin S.J.","Nestor Pitana","1","0","H"
"77001","11-02-19 23:00","Argentina","Liga Profesional","2018/2019","Defensa y Justicia","Argentinos Jrs","Jorge Balino","2","1","H"
"77002","11-02-19 01:30","Argentina","Liga Profesional","2018/2019","Belgrano","Boca Juniors","Ariel Penel","1","1","D"
"77003","10-02-19 23:20","Argentina","Liga Profesional","2018/2019","River Plate","Racing Club","Patricio Loustau","2","0","H"
"77004","10-02-19 21:10","Argentina","Liga Profesional","2018/2019","Godoy Cruz","San Martin T.","Julio Barraza","3","2","H"
"77005","10-02-19 21:10","Argentina","Liga Profesional","2018/2019","Newells Old Boys","Rosario Central","Diego Abal","0","0","D"
"77006","09-02-19 23:20","Argentina","Liga Profesional","2018/2019","Atl. Tucuman","Talleres Cordoba","Silvio Trucco","0","0","D"
"77007","09-02-19 23:20","Argentina","Liga Profesional","2018/2019","Independiente","Union de Santa Fe","German Delfino","2","1","H"
"77008","09-02-19 21:10","Argentina","Liga Profesional","2018/2019","Estudiantes L.P.","Patronato","Leandro Rey Hilfer","1","0","H"
"77009","09-02-19 01:10","Argentina","Liga Profesional","2018/2019","Huracan","Velez Sarsfield","Hernan Mastrangelo","1","1","D"
"77010","09-02-19 01:10","Argentina","Liga Profesional","2018/2019","Lanus","Gimnasia L.P.","Pablo Echavarria","2","0","H"
"77011","08-02-19 23:00","Argentina","Liga Profesional","2018/2019","Tigre","Banfield","Dario Herrera","4","4","D"
"77012","05-02-19 01:10","Argentina","Liga Profesional","2018/2019","San Martin S.J.","Estudiantes L.P.","Nicolas Lamolina","3","0","H"
"77013","04-02-19 23:00","Argentina","Liga Profesional","2018/2019","Patronato","Atl. Tucuman","Fernando Espinoza","3","0","H"
"77014","04-02-19 01:30","Argentina","Liga Profesional","2018/2019","Velez Sarsfield","River Plate","Dario Herrera","1","2","A"
"77015","03-02-19 23:20","Argentina","Liga Profesional","2018/2019","Racing Club","Huracan","Nestor Pitana","3","1","H"
"77016","03-02-19 21:10","Argentina","Liga Profesional","2018/2019","Boca Juniors","Godoy Cruz","Silvio Trucco","2","0","H"
"77017","03-02-19 21:10","Argentina","Liga Profesional","2018/2019","Union de Santa Fe","Newells Old Boys","Yael Falcon Perez","0","0","D"
"77018","03-02-19 01:30","Argentina","Liga Profesional","2018/2019","Rosario Central","Aldosivi","Ariel Penel","0","0","D"
"77019","02-02-19 23:20","Argentina","Liga Profesional","2018/2019","Argentinos Jrs","Belgrano","Andres Merlos","0","0","D"
"77020","02-02-19 23:20","Argentina","Liga Profesional","2018/2019","Lanus","Colon Santa Fe","Pablo Dovalo","1","0","H"
"77021","02-02-19 21:10","Argentina","Liga Profesional","2018/2019","San Lorenzo","Independiente","Diego Abal","0","0","D"
"77022","02-02-19 01:10","Argentina","Liga Profesional","2018/2019","San Martin T.","Defensa y Justicia","Pablo Echavarria","1","2","A"
"77023","02-02-19 01:10","Argentina","Liga Profesional","2018/2019","Talleres Cordoba","Banfield","German Delfino","3","1","H"
"77024","01-02-19 23:00","Argentina","Liga Profesional","2018/2019","Gimnasia L.P.","Tigre","Jorge Balino","3","1","H"
"77025","01-02-19 01:00","Argentina","Liga Profesional","2018/2019","San Martin S.J.","Boca Juniors","Diego Abal","0","4","A"
"77026","31-01-19 01:00","Argentina","Liga Profesional","2018/2019","Godoy Cruz","River Plate","Ariel Penel","0","4","A"
"77027","29-01-19 01:10","Argentina","Liga Profesional","2018/2019","Estudiantes L.P.","Velez Sarsfield","Silvio Trucco","1","2","A"
"77028","28-01-19 23:00","Argentina","Liga Profesional","2018/2019","Colon Santa Fe","Argentinos Jrs","Fernando Espinoza","2","0","H"
"77029","28-01-19 01:30","Argentina","Liga Profesional","2018/2019","Newells Old Boys","Boca Juniors","Andres Merlos","1","1","D"
"77030","27-01-19 23:20","Argentina","Liga Profesional","2018/2019","River Plate","Patronato","Mauro Vigliano","1","3","A"
"77031","27-01-19 21:10","Argentina","Liga Profesional","2018/2019","Belgrano","Union de Santa Fe","Nazareno Arasa","0","0","D"
"77032","27-01-19 21:10","Argentina","Liga Profesional","2018/2019","Independiente","Talleres Cordoba","Nestor Pitana","1","1","D"
"77033","27-01-19 01:30","Argentina","Liga Profesional","2018/2019","Aldosivi","Racing Club","German Delfino","1","3","A"
"77034","26-01-19 23:20","Argentina","Liga Profesional","2018/2019","Atl. Tucuman","Gimnasia L.P.","Hernan Mastrangelo","4","1","H"
"77035","26-01-19 21:10","Argentina","Liga Profesional","2018/2019","Huracan","Rosario Central","Jorge Balino","2","1","H"
"77036","26-01-19 21:10","Argentina","Liga Profesional","2018/2019","Tigre","San Martin T.","Patricio Loustau","2","2","D"
"77037","26-01-19 01:10","Argentina","Liga Profesional","2018/2019","Defensa y Justicia","San Lorenzo","Nicolas Lamolina","1","0","H"
"77038","25-01-19 23:00","Argentina","Liga Profesional","2018/2019","Banfield","San Martin S.J.","Pablo Echavarria","1","1","D"
"77039","25-01-19 23:00","Argentina","Liga Profesional","2018/2019","Godoy Cruz","Lanus","Diego Ceballos","0","2","A"
"77040","24-01-19 01:00","Argentina","Liga Profesional","2018/2019","River Plate","Union de Santa Fe","Nicolas Lamolina","1","2","A"
"77041","20-01-19 22:00","Argentina","Liga Profesional","2018/2019","San Lorenzo","Huracan","Andres Merlos","0","0","D"
"77042","20-01-19 00:00","Argentina","Liga Profesional","2018/2019","River Plate","Defensa y Justicia","Diego Abal","0","1","A"
"77043","14-12-18 01:00","Argentina","Liga Profesional","2018/2019","Huracan","Argentinos Jrs","Silvio Trucco","0","0","D"
"77044","11-12-18 01:15","Argentina","Liga Profesional","2018/2019","Belgrano","Tigre","Andres Merlos","1","2","A"
"77045","10-12-18 23:00","Argentina","Liga Profesional","2018/2019","Patronato","Velez Sarsfield","Jorge Balino","3","3","D"
"77046","10-12-18 01:30","Argentina","Liga Profesional","2018/2019","Racing Club","San Martin S.J.","Diego Abal","1","0","H"
"77047","09-12-18 23:20","Argentina","Liga Profesional","2018/2019","Argentinos Jrs","Aldosivi","Patricio Loustau","1","2","A"
"77048","09-12-18 23:20","Argentina","Liga Profesional","2018/2019","Gimnasia L.P.","Huracan","Pablo Echavarria","2","2","D"
"77049","09-12-18 01:30","Argentina","Liga Profesional","2018/2019","Godoy Cruz","Independiente","German Delfino","1","1","D"
"77050","08-12-18 23:20","Argentina","Liga Profesional","2018/2019","Defensa y Justicia","Colon Santa Fe","Yamil Possi","3","0","H"
"77051","08-12-18 23:20","Argentina","Liga Profesional","2018/2019","Lanus","Talleres Cordoba","Fernando Espinoza","2","1","H"
"77052","08-12-18 21:10","Argentina","Liga Profesional","2018/2019","San Lorenzo","Estudiantes L.P.","Hernan Mastrangelo","1","1","D"
"77053","08-12-18 21:10","Argentina","Liga Profesional","2018/2019","Union de Santa Fe","Banfield","Ariel Penel","0","1","A"
"77054","08-12-18 01:00","Argentina","Liga Profesional","2018/2019","San Martin T.","Newells Old Boys","Silvio Trucco","0","3","A"
"77055","04-12-18 01:30","Argentina","Liga Profesional","2018/2019","Huracan","Defensa y Justicia","Fernando Echenique","1","1","D"
"77056","04-12-18 01:30","Argentina","Liga Profesional","2018/2019","Talleres Cordoba","Racing Club","Patricio Loustau","1","3","A"
"77057","03-12-18 23:20","Argentina","Liga Profesional","2018/2019","San Martin S.J.","Union de Santa Fe","Pablo Echavarria","2","0","H"
"77058","03-12-18 23:20","Argentina","Liga Profesional","2018/2019","Velez Sarsfield","Rosario Central","Hernan Mastrangelo","2","0","H"
"77059","03-12-18 21:10","Argentina","Liga Profesional","2018/2019","Tigre","Godoy Cruz","Pablo Dovalo","1","3","A"
"77060","03-12-18 01:30","Argentina","Liga Profesional","2018/2019","River Plate","Gimnasia L.P.","Silvio Trucco","3","1","H"
"77061","02-12-18 23:20","Argentina","Liga Profesional","2018/2019","Independiente","Boca Juniors","Dario Herrera","0","1","A"
"77062","02-12-18 21:10","Argentina","Liga Profesional","2018/2019","Aldosivi","San Lorenzo","Fernando Espinoza","2","2","D"
"77063","02-12-18 01:30","Argentina","Liga Profesional","2018/2019","Banfield","Argentinos Jrs","Nicolas Lamolina","0","1","A"
"77064","01-12-18 23:20","Argentina","Liga Profesional","2018/2019","Atl. Tucuman","San Martin T.","Fernando Rapallini","2","3","A"
"77065","01-12-18 21:10","Argentina","Liga Profesional","2018/2019","Estudiantes L.P.","Lanus","Facundo Raul Tello Figueroa","1","1","D"
"77066","01-12-18 01:15","Argentina","Liga Profesional","2018/2019","Newells Old Boys","Patronato","Andres Merlos","1","0","H"
"77067","30-11-18 23:00","Argentina","Liga Profesional","2018/2019","Colon Santa Fe","Belgrano","Diego Abal","1","1","D"
"77068","28-11-18 01:00","Argentina","Liga Profesional","2018/2019","Rosario Central","San Martin S.J.","Nicolas Lamolina","1","0","H"
"77069","27-11-18 01:15","Argentina","Liga Profesional","2018/2019","Lanus","Independiente","Fernando Rapallini","1","0","H"
"77070","26-11-18 23:00","Argentina","Liga Profesional","2018/2019","Defensa y Justicia","Tigre","Fernando Espinoza","2","1","H"
"77071","26-11-18 01:30","Argentina","Liga Profesional","2018/2019","Racing Club","Banfield","German Delfino","0","0","D"
"77072","25-11-18 23:20","Argentina","Liga Profesional","2018/2019","Aldosivi","Newells Old Boys","Jorge Balino","1","0","H"
"77073","25-11-18 23:20","Argentina","Liga Profesional","2018/2019","San Martin T.","Colon Santa Fe","Diego Ceballos","0","0","D"
"77074","25-11-18 21:10","Argentina","Liga Profesional","2018/2019","Union de Santa Fe","Velez Sarsfield","Silvio Trucco","0","2","A"
"77075","24-11-18 01:15","Argentina","Liga Profesional","2018/2019","Argentinos Jrs","Talleres Cordoba","Facundo Raul Tello Figueroa","0","2","A"
"77076","24-11-18 01:15","Argentina","Liga Profesional","2018/2019","Rosario Central","Estudiantes L.P.","Pablo Echavarria","2","1","H"
"77077","23-11-18 23:00","Argentina","Liga Profesional","2018/2019","Belgrano","Atl. Tucuman","Mauro Vigliano","1","3","A"
"77078","21-11-18 21:10","Argentina","Liga Profesional","2018/2019","Gimnasia L.P.","San Martin S.J.","Ariel Penel","0","2","A"
"77079","18-11-18 23:20","Argentina","Liga Profesional","2018/2019","Defensa y Justicia","Estudiantes L.P.","Pablo Dovalo","1","1","D"
"77080","18-11-18 21:10","Argentina","Liga Profesional","2018/2019","San Lorenzo","Atl. Tucuman","Ariel Penel","0","2","A"
"77081","17-11-18 21:10","Argentina","Liga Profesional","2018/2019","Boca Juniors","Patronato","Diego Abal","1","0","H"
"77082","13-11-18 01:30","Argentina","Liga Profesional","2018/2019","Patronato","San Martin T.","Fabricio Llobet","3","3","D"
"77083","13-11-18 01:30","Argentina","Liga Profesional","2018/2019","Velez Sarsfield","San Lorenzo","Patricio Loustau","0","0","D"
"77084","12-11-18 23:15","Argentina","Liga Profesional","2018/2019","Huracan","Godoy Cruz","Silvio Trucco","2","1","H"
"77085","12-11-18 23:15","Argentina","Liga Profesional","2018/2019","Newells Old Boys","Defensa y Justicia","Mauro Vigliano","0","0","D"
"77086","12-11-18 21:00","Argentina","Liga Profesional","2018/2019","Tigre","Argentinos Jrs","Andres Merlos","2","1","H"
"77087","11-11-18 21:45","Argentina","Liga Profesional","2018/2019","Banfield","Lanus","Dario Herrera","0","0","D"
"77088","11-11-18 19:30","Argentina","Liga Profesional","2018/2019","Gimnasia L.P.","Racing Club","Pablo Echavarria","0","3","A"
"77089","11-11-18 17:15","Argentina","Liga Profesional","2018/2019","Independiente","Belgrano","German Delfino","2","1","H"
"77090","11-11-18 00:30","Argentina","Liga Profesional","2018/2019","Colon Santa Fe","Estudiantes L.P.","Fernando Espinoza","1","1","D"
"77091","10-11-18 01:00","Argentina","Liga Profesional","2018/2019","Atl. Tucuman","Rosario Central","Fernando Echenique","2","1","H"
"77092","09-11-18 23:00","Argentina","Liga Profesional","2018/2019","Talleres Cordoba","Aldosivi","Fernando Rapallini","0","0","D"
"77093","08-11-18 00:15","Argentina","Liga Profesional","2018/2019","Independiente","San Martin T.","Facundo Raul Tello Figueroa","4","0","H"
"77094","06-11-18 01:00","Argentina","Liga Profesional","2018/2019","Lanus","Huracan","Nicolas Lamolina","0","1","A"
"77095","05-11-18 23:00","Argentina","Liga Profesional","2018/2019","Defensa y Justicia","Velez Sarsfield","Ariel Penel","3","2","H"
"77096","05-11-18 00:00","Argentina","Liga Profesional","2018/2019","San Martin T.","San Martin S.J.","Julio Barraza","2","0","H"
"77097","04-11-18 21:45","Argentina","Liga Profesional","2018/2019","Racing Club","Newells Old Boys","Silvio Trucco","1","0","H"
"77098","04-11-18 19:30","Argentina","Liga Profesional","2018/2019","San Lorenzo","Talleres Cordoba","Jorge Balino","0","1","A"
"77099","04-11-18 17:15","Argentina","Liga Profesional","2018/2019","Rosario Central","Colon Santa Fe","Fernando Rapallini","1","1","D"
"77100","04-11-18 15:00","Argentina","Liga Profesional","2018/2019","Argentinos Jrs","Independiente","Hernan Mastrangelo","0","2","A"
"77101","04-11-18 00:00","Argentina","Liga Profesional","2018/2019","Boca Juniors","Tigre","German Delfino","4","1","H"
"77102","03-11-18 21:45","Argentina","Liga Profesional","2018/2019","Estudiantes L.P.","River Plate","Fernando Echenique","1","0","H"
"77103","03-11-18 19:30","Argentina","Liga Profesional","2018/2019","Godoy Cruz","Atl. Tucuman","Pablo Echavarria","1","0","H"
"77104","03-11-18 17:15","Argentina","Liga Profesional","2018/2019","Aldosivi","Banfield","Diego Abal","1","4","A"
"77105","03-11-18 01:00","Argentina","Liga Profesional","2018/2019","Union de Santa Fe","Patronato","Dario Herrera","2","2","D"
"77106","02-11-18 23:00","Argentina","Liga Profesional","2018/2019","Belgrano","Gimnasia L.P.","Facundo Raul Tello Figueroa","2","0","H"
"77107","30-10-18 01:00","Argentina","Liga Profesional","2018/2019","San Martin S.J.","Defensa y Justicia","Pablo Echavarria","0","1","A"
"77108","29-10-18 23:00","Argentina","Liga Profesional","2018/2019","Newells Old Boys","Argentinos Jrs","Fabricio Llobet","2","0","H"
"77109","29-10-18 00:00","Argentina","Liga Profesional","2018/2019","Atl. Tucuman","Independiente","Patricio Loustau","4","2","H"
"77110","28-10-18 21:45","Argentina","Liga Profesional","2018/2019","Banfield","Estudiantes L.P.","Silvio Trucco","0","2","A"
"77111","28-10-18 19:30","Argentina","Liga Profesional","2018/2019","Velez Sarsfield","Belgrano","Pablo Dovalo","1","0","H"
"77112","28-10-18 17:15","Argentina","Liga Profesional","2018/2019","Patronato","Rosario Central","Nicolas Lamolina","2","1","H"
"77113","28-10-18 15:00","Argentina","Liga Profesional","2018/2019","Racing Club","San Lorenzo","Fernando Rapallini","2","1","H"
"77114","28-10-18 01:30","Argentina","Liga Profesional","2018/2019","Talleres Cordoba","San Martin T.","Diego Abal","0","0","D"
"77115","28-10-18 01:30","Argentina","Liga Profesional","2018/2019","Union de Santa Fe","Godoy Cruz","Nazareno Arasa","0","3","A"
"77116","27-10-18 22:15","Argentina","Liga Profesional","2018/2019","Gimnasia L.P.","Boca Juniors","Jorge Balino","2","1","H"
"77117","27-10-18 20:00","Argentina","Liga Profesional","2018/2019","River Plate","Aldosivi","Andres Merlos","1","0","H"
"77118","27-10-18 02:00","Argentina","Liga Profesional","2018/2019","Huracan","Colon Santa Fe","Dario Herrera","3","2","H"
"77119","27-10-18 00:00","Argentina","Liga Profesional","2018/2019","Tigre","Lanus","Facundo Raul Tello Figueroa","1","1","D"
"77120","25-10-18 00:30","Argentina","Liga Profesional","2018/2019","Estudiantes L.P.","Newells Old Boys","Pablo Echavarria","1","0","H"
"77121","23-10-18 02:00","Argentina","Liga Profesional","2018/2019","San Lorenzo","San Martin S.J.","Hernan Mastrangelo","2","1","H"
"77122","23-10-18 00:00","Argentina","Liga Profesional","2018/2019","Belgrano","Banfield","Fernando Espinoza","1","1","D"
"77123","22-10-18 01:00","Argentina","Liga Profesional","2018/2019","San Martin T.","Racing Club","Nicolas Lamolina","2","1","H"
"77124","21-10-18 22:45","Argentina","Liga Profesional","2018/2019","Independiente","Huracan","Fernando Echenique","3","1","H"
"77125","21-10-18 20:30","Argentina","Liga Profesional","2018/2019","Argentinos Jrs","Union de Santa Fe","Silvio Trucco","0","1","A"
"77126","21-10-18 18:15","Argentina","Liga Profesional","2018/2019","Estudiantes L.P.","Atl. Tucuman","German Delfino","1","1","D"
"77127","21-10-18 01:00","Argentina","Liga Profesional","2018/2019","Newells Old Boys","Tigre","Andres Merlos","2","0","H"
"77128","20-10-18 22:45","Argentina","Liga Profesional","2018/2019","Boca Juniors","Rosario Central","Facundo Raul Tello Figueroa","0","0","D"
"77129","20-10-18 20:30","Argentina","Liga Profesional","2018/2019","Lanus","Patronato","Julio Barraza","3","1","H"
"77130","20-10-18 18:15","Argentina","Liga Profesional","2018/2019","Godoy Cruz","Aldosivi","Ariel Penel","2","0","H"
"77131","20-10-18 02:15","Argentina","Liga Profesional","2018/2019","Colon Santa Fe","River Plate","Pablo Echavarria","1","0","H"
"77132","20-10-18 00:00","Argentina","Liga Profesional","2018/2019","Defensa y Justicia","Talleres Cordoba","Mauro Vigliano","2","0","H"
"77133","20-10-18 00:00","Argentina","Liga Profesional","2018/2019","Velez Sarsfield","Gimnasia L.P.","Diego Abal","1","0","H"
"77134","09-10-18 02:00","Argentina","Liga Profesional","2018/2019","Colon Santa Fe","Newells Old Boys","Patricio Loustau","1","0","H"
"77135","09-10-18 00:00","Argentina","Liga Profesional","2018/2019","Tigre","Estudiantes L.P.","Ariel Penel","1","0","H"
"77136","08-10-18 00:00","Argentina","Liga Profesional","2018/2019","Racing Club","Boca Juniors","Dario Herrera","2","2","D"
"77137","07-10-18 22:00","Argentina","Liga Profesional","2018/2019","Talleres Cordoba","Belgrano","Fernando Rapallini","3","0","H"
"77138","07-10-18 20:00","Argentina","Liga Profesional","2018/2019","Rosario Central","Union de Santa Fe","Fernando Echenique","0","4","A"
"77139","07-10-18 18:15","Argentina","Liga Profesional","2018/2019","Atl. Tucuman","Lanus","Diego Ceballos","0","0","D"
"77140","07-10-18 16:00","Argentina","Liga Profesional","2018/2019","Banfield","San Lorenzo","Nicolas Lamolina","2","0","H"
"77141","07-10-18 01:00","Argentina","Liga Profesional","2018/2019","Patronato","Independiente","Andres Merlos","1","2","A"
"77142","06-10-18 22:45","Argentina","Liga Profesional","2018/2019","San Martin S.J.","Velez Sarsfield","Jorge Balino","3","1","H"
"77143","06-10-18 20:30","Argentina","Liga Profesional","2018/2019","Gimnasia L.P.","Godoy Cruz","German Delfino","1","0","H"
"77144","06-10-18 18:15","Argentina","Liga Profesional","2018/2019","Aldosivi","San Martin T.","Facundo Raul Tello Figueroa","2","0","H"
"77145","02-10-18 02:15","Argentina","Liga Profesional","2018/2019","San Martin T.","Banfield","Andres Merlos","1","1","D"
"77146","02-10-18 02:15","Argentina","Liga Profesional","2018/2019","Velez Sarsfield","Aldosivi","Silvio Trucco","2","0","H"
"77147","02-10-18 00:00","Argentina","Liga Profesional","2018/2019","Godoy Cruz","Defensa y Justicia","Patricio Loustau","0","1","A"
"77148","01-10-18 01:00","Argentina","Liga Profesional","2018/2019","Boca Juniors","Colon Santa Fe","German Delfino","3","1","H"
"77149","30-09-18 22:45","Argentina","Liga Profesional","2018/2019","Belgrano","Huracan","Hernan Mastrangelo","0","1","A"
"77150","30-09-18 20:30","Argentina","Liga Profesional","2018/2019","Union de Santa Fe","Gimnasia L.P.","Dario Herrera","1","0","H"
"77151","30-09-18 18:15","Argentina","Liga Profesional","2018/2019","Patronato","Talleres Cordoba","Facundo Raul Tello Figueroa","2","1","H"
"77152","30-09-18 01:00","Argentina","Liga Profesional","2018/2019","Argentinos Jrs","Racing Club","Jorge Balino","0","2","A"
"77153","29-09-18 02:15","Argentina","Liga Profesional","2018/2019","Lanus","River Plate","Diego Abal","1","5","A"
"77154","28-09-18 23:45","Argentina","Liga Profesional","2018/2019","Independiente","Tigre","Fernando Rapallini","0","0","D"
"77155","25-09-18 01:00","Argentina","Liga Profesional","2018/2019","Racing Club","Union de Santa Fe","Facundo Raul Tello Figueroa","1","0","H"
"77156","24-09-18 23:00","Argentina","Liga Profesional","2018/2019","Aldosivi","Belgrano","Nazareno Arasa","2","0","H"
"77157","23-09-18 22:45","Argentina","Liga Profesional","2018/2019","Boca Juniors","River Plate","Mauro Vigliano","0","2","A"
"77158","23-09-18 18:15","Argentina","Liga Profesional","2018/2019","Gimnasia L.P.","Rosario Central","Fernando Espinoza","1","1","D"
"77159","23-09-18 18:15","Argentina","Liga Profesional","2018/2019","San Martin S.J.","Atl. Tucuman","Dario Herrera","1","3","A"
"77160","23-09-18 16:00","Argentina","Liga Profesional","2018/2019","San Martin T.","Argentinos Jrs","Fernando Echenique","0","0","D"
"77161","23-09-18 16:00","Argentina","Liga Profesional","2018/2019","Tigre","Huracan","Jorge Balino","0","2","A"
"77162","23-09-18 01:00","Argentina","Liga Profesional","2018/2019","Banfield","Independiente","Silvio Trucco","1","1","D"
"77163","22-09-18 20:30","Argentina","Liga Profesional","2018/2019","Talleres Cordoba","Velez Sarsfield","Patricio Loustau","1","1","D"
"77164","22-09-18 18:15","Argentina","Liga Profesional","2018/2019","Newells Old Boys","Lanus","Fernando Rapallini","2","0","H"
"77165","22-09-18 02:00","Argentina","Liga Profesional","2018/2019","Colon Santa Fe","Godoy Cruz","Diego Abal","3","1","H"
"77166","22-09-18 00:00","Argentina","Liga Profesional","2018/2019","San Lorenzo","Patronato","Pablo Echavarria","3","2","H"
"77167","18-09-18 02:00","Argentina","Liga Profesional","2018/2019","Rosario Central","Defensa y Justicia","Silvio Trucco","0","1","A"
"77168","18-09-18 00:00","Argentina","Liga Profesional","2018/2019","Huracan","Banfield","Pablo Echavarria","3","0","H"
"77169","17-09-18 01:00","Argentina","Liga Profesional","2018/2019","Godoy Cruz","San Lorenzo","Facundo Raul Tello Figueroa","1","0","H"
"77170","16-09-18 22:45","Argentina","Liga Profesional","2018/2019","Lanus","Racing Club","Nicolas Lamolina","0","1","A"
"77171","16-09-18 20:30","Argentina","Liga Profesional","2018/2019","Union de Santa Fe","Talleres Cordoba","Julio Barraza","2","1","H"
"77172","16-09-18 18:15","Argentina","Liga Profesional","2018/2019","Velez Sarsfield","San Martin T.","Fernando Espinoza","1","0","H"
"77173","16-09-18 16:00","Argentina","Liga Profesional","2018/2019","Patronato","Gimnasia L.P.","Hector Paletta","0","2","A"
"77174","16-09-18 01:00","Argentina","Liga Profesional","2018/2019","Argentinos Jrs","Boca Juniors","Andres Merlos","0","1","A"
"77175","15-09-18 22:45","Argentina","Liga Profesional","2018/2019","Belgrano","Newells Old Boys","Diego Abal","0","0","D"
"77176","15-09-18 20:30","Argentina","Liga Profesional","2018/2019","River Plate","San Martin S.J.","German Delfino","4","1","H"
"77177","15-09-18 18:15","Argentina","Liga Profesional","2018/2019","Independiente","Colon Santa Fe","Dario Herrera","3","0","H"
"77178","15-09-18 02:00","Argentina","Liga Profesional","2018/2019","Atl. Tucuman","Tigre","Fernando Echenique","3","0","H"
"77179","15-09-18 00:00","Argentina","Liga Profesional","2018/2019","Estudiantes L.P.","Aldosivi","Hernan Mastrangelo","0","2","A"
"77180","04-09-18 02:00","Argentina","Liga Profesional","2018/2019","San Martin T.","Gimnasia L.P.","Nazareno Arasa","1","1","D"
"77181","04-09-18 00:00","Argentina","Liga Profesional","2018/2019","Newells Old Boys","Atl. Tucuman","Pablo Dovalo","1","2","A"
"77182","03-09-18 01:00","Argentina","Liga Profesional","2018/2019","Boca Juniors","Velez Sarsfield","Fernando Echenique","3","0","H"
"77183","02-09-18 22:45","Argentina","Liga Profesional","2018/2019","Colon Santa Fe","Union de Santa Fe","Fernando Rapallini","0","0","D"
"77184","02-09-18 20:30","Argentina","Liga Profesional","2018/2019","Aldosivi","Tigre","Pablo Echavarria","0","2","A"
"77185","02-09-18 18:15","Argentina","Liga Profesional","2018/2019","Estudiantes L.P.","Independiente","Ariel Penel","2","2","D"
"77186","02-09-18 16:00","Argentina","Liga Profesional","2018/2019","Racing Club","Rosario Central","Patricio Loustau","2","0","H"
"77187","02-09-18 01:00","Argentina","Liga Profesional","2018/2019","San Lorenzo","River Plate","Jorge Balino","1","1","D"
"77188","01-09-18 22:45","Argentina","Liga Profesional","2018/2019","Talleres Cordoba","Godoy Cruz","Dario Herrera","1","0","H"
"77189","01-09-18 20:30","Argentina","Liga Profesional","2018/2019","Banfield","Patronato","Andres Merlos","1","0","H"
"77190","01-09-18 18:15","Argentina","Liga Profesional","2018/2019","Defensa y Justicia","Belgrano","Mauro Vigliano","1","1","D"
"77191","01-09-18 02:00","Argentina","Liga Profesional","2018/2019","San Martin S.J.","Huracan","Silvio Trucco","1","2","A"
"77192","01-09-18 00:00","Argentina","Liga Profesional","2018/2019","Argentinos Jrs","Lanus","Hernan Mastrangelo","2","0","H"
"77193","28-08-18 02:00","Argentina","Liga Profesional","2018/2019","Union de Santa Fe","San Lorenzo","Mauro Vigliano","1","1","D"
"77194","28-08-18 00:00","Argentina","Liga Profesional","2018/2019","Godoy Cruz","Newells Old Boys","Andres Merlos","2","1","H"
"77195","27-08-18 01:00","Argentina","Liga Profesional","2018/2019","Huracan","Boca Juniors","German Delfino","0","0","D"
"77196","26-08-18 22:45","Argentina","Liga Profesional","2018/2019","Rosario Central","San Martin T.","Ariel Penel","2","0","H"
"77197","26-08-18 20:30","Argentina","Liga Profesional","2018/2019","Lanus","Aldosivi","Diego Ceballos","0","1","A"
"77198","26-08-18 16:00","Argentina","Liga Profesional","2018/2019","Velez Sarsfield","Banfield","Dario Herrera","1","1","D"
"77199","26-08-18 01:00","Argentina","Liga Profesional","2018/2019","River Plate","Argentinos Jrs","Fernando Rapallini","0","0","D"
"77200","25-08-18 22:45","Argentina","Liga Profesional","2018/2019","Tigre","San Martin S.J.","Diego Abal","2","2","D"
"77201","25-08-18 20:30","Argentina","Liga Profesional","2018/2019","Gimnasia L.P.","Talleres Cordoba","Silvio Trucco","0","2","A"
"77202","25-08-18 02:15","Argentina","Liga Profesional","2018/2019","Atl. Tucuman","Colon Santa Fe","Pablo Echavarria","2","1","H"
"77203","25-08-18 02:15","Argentina","Liga Profesional","2018/2019","Independiente","Defensa y Justicia","Jorge Balino","0","1","A"
"77204","25-08-18 00:00","Argentina","Liga Profesional","2018/2019","Belgrano","Estudiantes L.P.","Nicolas Lamolina","2","1","H"
"77205","25-08-18 00:00","Argentina","Liga Profesional","2018/2019","Patronato","Racing Club","Fernando Espinoza","0","3","A"
"77206","20-08-18 22:45","Argentina","Liga Profesional","2018/2019","San Martin T.","Union de Santa Fe","Patricio Loustau","1","1","D"
"77207","20-08-18 20:30","Argentina","Liga Profesional","2018/2019","Estudiantes L.P.","Boca Juniors","Diego Abal","2","0","H"
"77208","20-08-18 01:00","Argentina","Liga Profesional","2018/2019","Racing Club","Velez Sarsfield","Nicolas Lamolina","2","0","H"
"77209","19-08-18 22:45","Argentina","Liga Profesional","2018/2019","San Lorenzo","Lanus","Fernando Echenique","2","2","D"
"77210","19-08-18 20:30","Argentina","Liga Profesional","2018/2019","Aldosivi","Huracan","Nestor Pitana","2","1","H"
"77211","19-08-18 18:15","Argentina","Liga Profesional","2018/2019","Colon Santa Fe","Tigre","German Delfino","2","2","D"
"77212","19-08-18 16:00","Argentina","Liga Profesional","2018/2019","San Martin S.J.","Patronato","Fernando Rapallini","1","0","H"
"77213","19-08-18 01:00","Argentina","Liga Profesional","2018/2019","River Plate","Belgrano","Silvio Trucco","0","0","D"
"77214","18-08-18 22:45","Argentina","Liga Profesional","2018/2019","Argentinos Jrs","Godoy Cruz","Pablo Echavarria","0","0","D"
"77215","18-08-18 20:30","Argentina","Liga Profesional","2018/2019","Banfield","Gimnasia L.P.","Ariel Penel","1","0","H"
"77216","18-08-18 18:15","Argentina","Liga Profesional","2018/2019","Defensa y Justicia","Atl. Tucuman","Fernando Espinoza","1","1","D"
"77217","18-08-18 02:00","Argentina","Liga Profesional","2018/2019","Newells Old Boys","Independiente","Mauro Vigliano","2","2","D"
"77218","18-08-18 00:00","Argentina","Liga Profesional","2018/2019","Talleres Cordoba","Rosario Central","Andres Merlos","0","1","A"
"77219","14-08-18 02:00","Argentina","Liga Profesional","2018/2019","Atl. Tucuman","Racing Club","Nestor Pitana","2","2","D"
"77220","13-08-18 01:00","Argentina","Liga Profesional","2018/2019","Huracan","River Plate","Patricio Loustau","0","0","D"
"77221","12-08-18 22:45","Argentina","Liga Profesional","2018/2019","Rosario Central","Banfield","Diego Abal","1","0","H"
"77222","12-08-18 20:30","Argentina","Liga Profesional","2018/2019","Lanus","Defensa y Justicia","Fernando Rapallini","2","2","D"
"77223","12-08-18 18:15","Argentina","Liga Profesional","2018/2019","Godoy Cruz","Estudiantes L.P.","Jorge Balino","1","0","H"
"77224","12-08-18 16:00","Argentina","Liga Profesional","2018/2019","Boca Juniors","Talleres Cordoba","Facundo Raul Tello Figueroa","1","0","H"
"77225","12-08-18 01:00","Argentina","Liga Profesional","2018/2019","Belgrano","San Martin S.J.","German Delfino","0","0","D"
"77226","11-08-18 22:45","Argentina","Liga Profesional","2018/2019","Patronato","Colon Santa Fe","Pedro Arganaraz","0","0","D"
"77227","11-08-18 20:30","Argentina","Liga Profesional","2018/2019","Union de Santa Fe","Aldosivi","Silvio Trucco","1","0","H"
"77228","11-08-18 18:15","Argentina","Liga Profesional","2018/2019","Gimnasia L.P.","Argentinos Jrs","Hernan Mastrangelo","1","0","H"
"77229","11-08-18 02:00","Argentina","Liga Profesional","2018/2019","Tigre","San Lorenzo","Fernando Espinoza","2","2","D"
"77230","11-08-18 00:00","Argentina","Liga Profesional","2018/2019","Velez Sarsfield","Newells Old Boys","Fernando Echenique","2","0","H"
"76528","15-05-18 02:15","Argentina","Liga Profesional","2017/2018","Gimnasia L.P.","Newells Old Boys","Julio Barraza","2","0","H"
"76529","15-05-18 02:15","Argentina","Liga Profesional","2017/2018","River Plate","San Lorenzo","Patricio Loustau","2","0","H"
"76530","15-05-18 00:00","Argentina","Liga Profesional","2017/2018","Racing Club","Colon Santa Fe","Diego Abal","1","3","A"
"76531","15-05-18 00:00","Argentina","Liga Profesional","2017/2018","Rosario Central","Estudiantes L.P.","Jorge Balino","1","1","D"
"76532","14-05-18 01:00","Argentina","Liga Profesional","2017/2018","Velez Sarsfield","Argentinos Jrs","Dario Herrera","1","1","D"
"76533","13-05-18 22:45","Argentina","Liga Profesional","2017/2018","Godoy Cruz","Tigre","Nestor Pitana","2","0","H"
"76534","13-05-18 01:00","Argentina","Liga Profesional","2017/2018","Belgrano","Temperley","Hernan Mastrangelo","2","3","A"
"76535","12-05-18 22:45","Argentina","Liga Profesional","2017/2018","Union de Santa Fe","Independiente","Fernando Echenique","1","0","H"
"76536","12-05-18 20:30","Argentina","Liga Profesional","2017/2018","Defensa y Justicia","Arsenal Sarandi","Facundo Raul Tello Figueroa","2","0","H"
"76537","12-05-18 20:30","Argentina","Liga Profesional","2017/2018","Olimpo Bahia Blanca","Talleres Cordoba","Silvio Trucco","2","2","D"
"76538","12-05-18 18:15","Argentina","Liga Profesional","2017/2018","Patronato","Banfield","Pablo Echavarria","0","0","D"
"76539","12-05-18 16:00","Argentina","Liga Profesional","2017/2018","Huracan","Boca Juniors","Fernando Rapallini","3","3","D"
"76540","12-05-18 02:15","Argentina","Liga Profesional","2017/2018","Lanus","Atl. Tucuman","Juan Pablo Pompei","0","0","D"
"76541","12-05-18 00:00","Argentina","Liga Profesional","2017/2018","Chacarita Juniors","San Martin S.J.","Federico Jose Beligoy","1","4","A"
"76542","11-05-18 21:45","Argentina","Liga Profesional","2017/2018","River Plate","Estudiantes L.P.","Ariel Penel","2","0","H"
"76543","10-05-18 22:45","Argentina","Liga Profesional","2017/2018","Colon Santa Fe","Velez Sarsfield","Andres Merlos","0","1","A"
"76544","10-05-18 00:15","Argentina","Liga Profesional","2017/2018","Gimnasia L.P.","Boca Juniors","Facundo Raul Tello Figueroa","2","2","D"
"76545","09-05-18 22:00","Argentina","Liga Profesional","2017/2018","Racing Club","Arsenal Sarandi","Jorge Balino","2","0","H"
"76546","08-05-18 02:15","Argentina","Liga Profesional","2017/2018","Colon Santa Fe","River Plate","Fernando Rapallini","0","0","D"
"76547","08-05-18 00:00","Argentina","Liga Profesional","2017/2018","Banfield","Chacarita Juniors","Dario Herrera","2","1","H"
"76548","07-05-18 01:00","Argentina","Liga Profesional","2017/2018","Estudiantes L.P.","Racing Club","Fernando Espinoza","1","2","A"
"76549","06-05-18 22:45","Argentina","Liga Profesional","2017/2018","Boca Juniors","Union de Santa Fe","German Delfino","2","0","H"
"76550","06-05-18 20:30","Argentina","Liga Profesional","2017/2018","Tigre","Lanus","Pablo Dovalo","0","0","D"
"76551","06-05-18 18:15","Argentina","Liga Profesional","2017/2018","Independiente","Gimnasia L.P.","Silvio Trucco","2","2","D"
"76552","06-05-18 16:00","Argentina","Liga Profesional","2017/2018","Temperley","Patronato","Facundo Raul Tello Figueroa","1","2","A"
"76553","06-05-18 01:00","Argentina","Liga Profesional","2017/2018","Atl. Tucuman","Olimpo Bahia Blanca","Diego Abal","1","1","D"
"76554","05-05-18 22:45","Argentina","Liga Profesional","2017/2018","Talleres Cordoba","Huracan","Mauro Vigliano","0","0","D"
"76555","05-05-18 20:30","Argentina","Liga Profesional","2017/2018","Newells Old Boys","Defensa y Justicia","Andres Merlos","1","0","H"
"76556","05-05-18 18:15","Argentina","Liga Profesional","2017/2018","Argentinos Jrs","Godoy Cruz","Patricio Loustau","1","2","A"
"76557","05-05-18 18:15","Argentina","Liga Profesional","2017/2018","Arsenal Sarandi","Rosario Central","Pedro Arganaraz","4","0","H"
"76558","05-05-18 02:15","Argentina","Liga Profesional","2017/2018","San Lorenzo","Belgrano","Nicolas Lamolina","2","0","H"
"76559","05-05-18 00:00","Argentina","Liga Profesional","2017/2018","San Martin S.J.","Velez Sarsfield","Jorge Balino","0","2","A"
"76560","01-05-18 02:15","Argentina","Liga Profesional","2017/2018","Olimpo Bahia Blanca","Tigre","Fernando Espinoza","1","5","A"
"76561","01-05-18 00:00","Argentina","Liga Profesional","2017/2018","Union de Santa Fe","Talleres Cordoba","Hernan Mastrangelo","3","0","H"
"76562","29-04-18 20:30","Argentina","Liga Profesional","2017/2018","Belgrano","Colon Santa Fe","Silvio Trucco","1","0","H"
"76563","29-04-18 18:15","Argentina","Liga Profesional","2017/2018","Patronato","San Lorenzo","Dario Herrera","0","0","D"
"76564","29-04-18 01:00","Argentina","Liga Profesional","2017/2018","Huracan","Atl. Tucuman","Patricio Loustau","3","2","H"
"76565","28-04-18 22:45","Argentina","Liga Profesional","2017/2018","Lanus","Argentinos Jrs","Diego Abal","0","0","D"
"76566","28-04-18 20:30","Argentina","Liga Profesional","2017/2018","Newells Old Boys","Independiente","Nicolas Lamolina","0","1","A"
"76567","28-04-18 18:15","Argentina","Liga Profesional","2017/2018","Defensa y Justicia","Rosario Central","Ariel Penel","3","1","H"
"76568","28-04-18 18:15","Argentina","Liga Profesional","2017/2018","Velez Sarsfield","Banfield","Andres Merlos","1","0","H"
"76569","28-04-18 02:15","Argentina","Liga Profesional","2017/2018","Godoy Cruz","San Martin S.J.","German Delfino","2","0","H"
"76570","28-04-18 00:00","Argentina","Liga Profesional","2017/2018","Chacarita Juniors","Temperley","Nicolas Ramirez","1","2","A"
"76571","24-04-18 02:15","Argentina","Liga Profesional","2017/2018","Independiente","Defensa y Justicia","Hernan Mastrangelo","0","1","A"
"76572","24-04-18 00:00","Argentina","Liga Profesional","2017/2018","Colon Santa Fe","Patronato","Pedro Arganaraz","4","0","H"
"76573","23-04-18 01:00","Argentina","Liga Profesional","2017/2018","Boca Juniors","Newells Old Boys","Juan Pablo Pompei","3","1","H"
"76574","22-04-18 22:45","Argentina","Liga Profesional","2017/2018","Arsenal Sarandi","River Plate","Fernando Espinoza","0","3","A"
"76575","22-04-18 20:30","Argentina","Liga Profesional","2017/2018","Atl. Tucuman","Union de Santa Fe","Dario Herrera","0","0","D"
"76576","22-04-18 18:15","Argentina","Liga Profesional","2017/2018","Rosario Central","Racing Club","Nicolas Lamolina","0","2","A"
"76577","22-04-18 16:00","Argentina","Liga Profesional","2017/2018","Tigre","Huracan","Facundo Raul Tello Figueroa","0","2","A"
"76578","22-04-18 01:00","Argentina","Liga Profesional","2017/2018","San Lorenzo","Chacarita Juniors","Andres Merlos","1","0","H"
"76579","21-04-18 22:45","Argentina","Liga Profesional","2017/2018","Banfield","Godoy Cruz","Federico Jose Beligoy","1","1","D"
"76580","21-04-18 20:30","Argentina","Liga Profesional","2017/2018","Talleres Cordoba","Gimnasia L.P.","Fernando Echenique","2","0","H"
"76581","21-04-18 18:15","Argentina","Liga Profesional","2017/2018","San Martin S.J.","Lanus","Fernando Rapallini","1","1","D"
"76582","21-04-18 18:15","Argentina","Liga Profesional","2017/2018","Temperley","Velez Sarsfield","Bruno Bocca","2","4","A"
"76583","21-04-18 02:15","Argentina","Liga Profesional","2017/2018","Estudiantes L.P.","Belgrano","Patricio Loustau","0","1","A"
"76584","21-04-18 00:00","Argentina","Liga Profesional","2017/2018","Argentinos Jrs","Olimpo Bahia Blanca","Pablo Dovalo","1","0","H"
"76585","17-04-18 02:15","Argentina","Liga Profesional","2017/2018","Velez Sarsfield","San Lorenzo","Fernando Espinoza","2","2","D"
"76586","17-04-18 00:00","Argentina","Liga Profesional","2017/2018","Newells Old Boys","Talleres Cordoba","Patricio Loustau","2","1","H"
"76587","16-04-18 01:00","Argentina","Liga Profesional","2017/2018","Independiente","Boca Juniors","Ariel Penel","1","0","H"
"76588","15-04-18 22:45","Argentina","Liga Profesional","2017/2018","River Plate","Rosario Central","Fernando Rapallini","2","0","H"
"76589","15-04-18 20:30","Argentina","Liga Profesional","2017/2018","Chacarita Juniors","Colon Santa Fe","Fernando Echenique","0","2","A"
"76590","15-04-18 18:15","Argentina","Liga Profesional","2017/2018","Patronato","Estudiantes L.P.","Silvio Trucco","0","1","A"
"76591","15-04-18 16:00","Argentina","Liga Profesional","2017/2018","Union de Santa Fe","Tigre","Federico Jose Beligoy","3","3","D"
"76592","15-04-18 01:00","Argentina","Liga Profesional","2017/2018","Defensa y Justicia","Racing Club","Andres Merlos","3","2","H"
"76593","14-04-18 22:45","Argentina","Liga Profesional","2017/2018","Belgrano","Arsenal Sarandi","Diego Ceballos","3","0","H"
"76594","14-04-18 20:30","Argentina","Liga Profesional","2017/2018","Lanus","Banfield","German Delfino","0","0","D"
"76595","14-04-18 18:15","Argentina","Liga Profesional","2017/2018","Godoy Cruz","Temperley","Diego Abal","3","0","H"
"76596","14-04-18 18:15","Argentina","Liga Profesional","2017/2018","Olimpo Bahia Blanca","San Martin S.J.","Pablo Echavarria","0","2","A"
"76597","14-04-18 02:15","Argentina","Liga Profesional","2017/2018","Huracan","Argentinos Jrs","Jorge Balino","1","0","H"
"76598","14-04-18 00:00","Argentina","Liga Profesional","2017/2018","Gimnasia L.P.","Atl. Tucuman","Juan Pablo Pompei","1","2","A"
"76599","10-04-18 02:15","Argentina","Liga Profesional","2017/2018","Estudiantes L.P.","Chacarita Juniors","Nestor Pitana","0","2","A"
"76600","10-04-18 00:00","Argentina","Liga Profesional","2017/2018","Arsenal Sarandi","Patronato","Bruno Bocca","1","1","D"
"76601","09-04-18 01:00","Argentina","Liga Profesional","2017/2018","Racing Club","River Plate","Patricio Loustau","0","2","A"
"76602","08-04-18 22:45","Argentina","Liga Profesional","2017/2018","Talleres Cordoba","Independiente","German Delfino","0","2","A"
"76603","08-04-18 20:30","Argentina","Liga Profesional","2017/2018","Atl. Tucuman","Newells Old Boys","Jorge Balino","1","1","D"
"76604","08-04-18 18:15","Argentina","Liga Profesional","2017/2018","San Martin S.J.","Huracan","Dario Herrera","0","1","A"
"76605","08-04-18 16:00","Argentina","Liga Profesional","2017/2018","San Lorenzo","Godoy Cruz","Ariel Penel","0","5","A"
"76606","08-04-18 01:00","Argentina","Liga Profesional","2017/2018","Boca Juniors","Defensa y Justicia","Fernando Rapallini","1","2","A"
"76607","07-04-18 22:45","Argentina","Liga Profesional","2017/2018","Banfield","Olimpo Bahia Blanca","Fernando Espinoza","3","0","H"
"76608","07-04-18 18:15","Argentina","Liga Profesional","2017/2018","Rosario Central","Belgrano","Hernan Mastrangelo","2","1","H"
"76609","07-04-18 18:15","Argentina","Liga Profesional","2017/2018","Temperley","Lanus","Facundo Raul Tello Figueroa","2","2","D"
"76610","07-04-18 02:15","Argentina","Liga Profesional","2017/2018","Argentinos Jrs","Union de Santa Fe","Nicolas Lamolina","3","1","H"
"76611","07-04-18 00:00","Argentina","Liga Profesional","2017/2018","Tigre","Gimnasia L.P.","Diego Abal","2","0","H"
"76612","05-04-18 01:00","Argentina","Liga Profesional","2017/2018","Independiente","San Lorenzo","Patricio Loustau","0","1","A"
"76613","03-04-18 02:15","Argentina","Liga Profesional","2017/2018","Godoy Cruz","Colon Santa Fe","Fernando Rapallini","2","1","H"
"76614","03-04-18 00:00","Argentina","Liga Profesional","2017/2018","Olimpo Bahia Blanca","Temperley","Andres Merlos","1","1","D"
"76615","02-04-18 01:00","Argentina","Liga Profesional","2017/2018","Lanus","San Lorenzo","Hernan Mastrangelo","0","2","A"
"76616","01-04-18 22:45","Argentina","Liga Profesional","2017/2018","Boca Juniors","Talleres Cordoba","Federico Jose Beligoy","2","1","H"
"76617","01-04-18 20:30","Argentina","Liga Profesional","2017/2018","Patronato","Rosario Central","Jorge Balino","3","0","H"
"76618","01-04-18 18:15","Argentina","Liga Profesional","2017/2018","Chacarita Juniors","Arsenal Sarandi","Fernando Espinoza","2","2","D"
"76619","01-04-18 16:00","Argentina","Liga Profesional","2017/2018","Defensa y Justicia","River Plate","Nestor Pitana","1","3","A"
"76620","01-04-18 01:00","Argentina","Liga Profesional","2017/2018","Independiente","Atl. Tucuman","Fernando Echenique","0","2","A"
"76621","31-03-18 22:45","Argentina","Liga Profesional","2017/2018","Union de Santa Fe","San Martin S.J.","Mauro Vigliano","1","1","D"
"76622","31-03-18 20:30","Argentina","Liga Profesional","2017/2018","Gimnasia L.P.","Argentinos Jrs","Ariel Penel","1","3","A"
"76623","31-03-18 18:15","Argentina","Liga Profesional","2017/2018","Newells Old Boys","Tigre","Juan Pablo Pompei","2","1","H"
"76624","31-03-18 18:15","Argentina","Liga Profesional","2017/2018","Velez Sarsfield","Estudiantes L.P.","Facundo Raul Tello Figueroa","3","3","D"
"76625","31-03-18 02:15","Argentina","Liga Profesional","2017/2018","Belgrano","Racing Club","German Delfino","2","2","D"
"76626","31-03-18 00:00","Argentina","Liga Profesional","2017/2018","Huracan","Banfield","Silvio Trucco","1","1","D"
"76627","20-03-18 01:15","Argentina","Liga Profesional","2017/2018","Tigre","Independiente","Fernando Rapallini","1","1","D"
"76628","19-03-18 23:00","Argentina","Liga Profesional","2017/2018","Banfield","Union de Santa Fe","Andres Merlos","0","2","A"
"76629","19-03-18 00:00","Argentina","Liga Profesional","2017/2018","River Plate","Belgrano","Diego Abal","3","1","H"
"76630","18-03-18 21:45","Argentina","Liga Profesional","2017/2018","Atl. Tucuman","Boca Juniors","Dario Herrera","1","1","D"
"76631","18-03-18 19:30","Argentina","Liga Profesional","2017/2018","Estudiantes L.P.","Godoy Cruz","Hector Paletta","0","1","A"
"76632","18-03-18 17:15","Argentina","Liga Profesional","2017/2018","Arsenal Sarandi","Velez Sarsfield","Fernando Echenique","1","1","D"
"76633","18-03-18 15:00","Argentina","Liga Profesional","2017/2018","Racing Club","Patronato","Ariel Penel","5","0","H"
"76634","18-03-18 00:00","Argentina","Liga Profesional","2017/2018","Talleres Cordoba","Defensa y Justicia","Facundo Raul Tello Figueroa","1","0","H"
"76635","17-03-18 21:45","Argentina","Liga Profesional","2017/2018","San Lorenzo","Olimpo Bahia Blanca","Nicolas Lamolina","2","0","H"
"76636","17-03-18 19:30","Argentina","Liga Profesional","2017/2018","San Martin S.J.","Gimnasia L.P.","Jorge Balino","3","0","H"
"76637","17-03-18 17:15","Argentina","Liga Profesional","2017/2018","Argentinos Jrs","Newells Old Boys","Fernando Espinoza","1","0","H"
"76638","17-03-18 17:15","Argentina","Liga Profesional","2017/2018","Temperley","Huracan","German Delfino","1","2","A"
"76639","17-03-18 01:15","Argentina","Liga Profesional","2017/2018","Colon Santa Fe","Lanus","Silvio Trucco","1","2","A"
"76640","16-03-18 23:00","Argentina","Liga Profesional","2017/2018","Rosario Central","Chacarita Juniors","Juan Pablo Pompei","3","1","H"
"76641","13-03-18 01:15","Argentina","Liga Profesional","2017/2018","Newells Old Boys","San Martin S.J.","Pablo Dovalo","2","0","H"
"76642","12-03-18 23:00","Argentina","Liga Profesional","2017/2018","Defensa y Justicia","Belgrano","Juan Pablo Pompei","1","1","D"
"76643","12-03-18 23:00","Argentina","Liga Profesional","2017/2018","Union de Santa Fe","Temperley","Fernando Espinoza","3","0","H"
"76644","12-03-18 01:30","Argentina","Liga Profesional","2017/2018","Independiente","Argentinos Jrs","Silvio Trucco","2","1","H"
"76645","11-03-18 23:15","Argentina","Liga Profesional","2017/2018","Velez Sarsfield","Rosario Central","Federico Jose Beligoy","2","2","D"
"76646","11-03-18 21:00","Argentina","Liga Profesional","2017/2018","Huracan","San Lorenzo","Fernando Echenique","1","1","D"
"76647","11-03-18 21:00","Argentina","Liga Profesional","2017/2018","Lanus","Estudiantes L.P.","Jorge Balino","0","0","D"
"76648","11-03-18 01:30","Argentina","Liga Profesional","2017/2018","Patronato","River Plate","Andres Merlos","0","1","A"
"76649","10-03-18 23:15","Argentina","Liga Profesional","2017/2018","Boca Juniors","Tigre","German Delfino","2","1","H"
"76650","10-03-18 21:00","Argentina","Liga Profesional","2017/2018","Chacarita Juniors","Racing Club","Diego Abal","1","1","D"
"76651","10-03-18 21:00","Argentina","Liga Profesional","2017/2018","Olimpo Bahia Blanca","Colon Santa Fe","Dario Herrera","0","3","A"
"76652","10-03-18 01:15","Argentina","Liga Profesional","2017/2018","Talleres Cordoba","Atl. Tucuman","Hernan Mastrangelo","3","1","H"
"76653","09-03-18 23:00","Argentina","Liga Profesional","2017/2018","Gimnasia L.P.","Banfield","Pedro Arganaraz","0","2","A"
"76654","09-03-18 23:00","Argentina","Liga Profesional","2017/2018","Godoy Cruz","Arsenal Sarandi","Nicolas Lamolina","1","0","H"
"76655","06-03-18 01:15","Argentina","Liga Profesional","2017/2018","Argentinos Jrs","Boca Juniors","Andres Merlos","2","0","H"
"76656","05-03-18 23:00","Argentina","Liga Profesional","2017/2018","Estudiantes L.P.","Olimpo Bahia Blanca","Fernando Espinoza","1","0","H"
"76657","05-03-18 23:00","Argentina","Liga Profesional","2017/2018","San Martin S.J.","Independiente","German Delfino","0","4","A"
"76658","05-03-18 01:30","Argentina","Liga Profesional","2017/2018","Racing Club","Velez Sarsfield","Patricio Loustau","2","1","H"
"76659","04-03-18 23:15","Argentina","Liga Profesional","2017/2018","River Plate","Chacarita Juniors","Hernan Mastrangelo","1","1","D"
"76660","04-03-18 21:00","Argentina","Liga Profesional","2017/2018","Atl. Tucuman","Defensa y Justicia","Silvio Trucco","0","1","A"
"76661","04-03-18 21:00","Argentina","Liga Profesional","2017/2018","Banfield","Newells Old Boys","Ariel Penel","1","0","H"
"76662","04-03-18 01:30","Argentina","Liga Profesional","2017/2018","Temperley","Gimnasia L.P.","Juan Pablo Pompei","1","1","D"
"76663","03-03-18 23:15","Argentina","Liga Profesional","2017/2018","Rosario Central","Godoy Cruz","Fernando Echenique","1","2","A"
"76664","03-03-18 21:00","Argentina","Liga Profesional","2017/2018","San Lorenzo","Union de Santa Fe","Fernando Rapallini","0","0","D"
"76665","03-03-18 21:00","Argentina","Liga Profesional","2017/2018","Tigre","Talleres Cordoba","Mauro Vigliano","0","0","D"
"76666","03-03-18 01:15","Argentina","Liga Profesional","2017/2018","Colon Santa Fe","Huracan","Facundo Raul Tello Figueroa","0","0","D"
"76667","02-03-18 23:00","Argentina","Liga Profesional","2017/2018","Arsenal Sarandi","Lanus","Pedro Arganaraz","2","1","H"
"76668","02-03-18 23:00","Argentina","Liga Profesional","2017/2018","Belgrano","Patronato","Nestor Pitana","2","2","D"
"76669","27-02-18 01:15","Argentina","Liga Profesional","2017/2018","Gimnasia L.P.","San Lorenzo","Federico Jose Beligoy","1","0","H"
"76670","26-02-18 23:00","Argentina","Liga Profesional","2017/2018","Newells Old Boys","Temperley","Nicolas Lamolina","0","0","D"
"76671","26-02-18 23:00","Argentina","Liga Profesional","2017/2018","Talleres Cordoba","Argentinos Jrs","Nestor Pitana","2","0","H"
"76672","25-02-18 23:15","Argentina","Liga Profesional","2017/2018","Boca Juniors","San Martin S.J.","Diego Abal","4","2","H"
"76673","25-02-18 23:15","Argentina","Liga Profesional","2017/2018","Union de Santa Fe","Colon Santa Fe","Patricio Loustau","1","1","D"
"76674","25-02-18 21:00","Argentina","Liga Profesional","2017/2018","Chacarita Juniors","Belgrano","Andres Merlos","0","1","A"
"76675","25-02-18 21:00","Argentina","Liga Profesional","2017/2018","Independiente","Banfield","Facundo Raul Tello Figueroa","1","0","H"
"76676","25-02-18 01:30","Argentina","Liga Profesional","2017/2018","Atl. Tucuman","Tigre","Pablo Echavarria","0","0","D"
"76677","24-02-18 23:15","Argentina","Liga Profesional","2017/2018","Velez Sarsfield","River Plate","Mauro Vigliano","1","0","H"
"76678","24-02-18 21:00","Argentina","Liga Profesional","2017/2018","Defensa y Justicia","Patronato","Dario Herrera","1","0","H"
"76679","24-02-18 21:00","Argentina","Liga Profesional","2017/2018","Lanus","Rosario Central","Fernando Rapallini","1","1","D"
"76680","24-02-18 01:15","Argentina","Liga Profesional","2017/2018","Godoy Cruz","Racing Club","Hernan Mastrangelo","1","2","A"
"76681","23-02-18 23:00","Argentina","Liga Profesional","2017/2018","Huracan","Estudiantes L.P.","Juan Pablo Pompei","1","0","H"
"76682","23-02-18 23:00","Argentina","Liga Profesional","2017/2018","Olimpo Bahia Blanca","Arsenal Sarandi","Silvio Trucco","2","1","H"
"76683","20-02-18 01:15","Argentina","Liga Profesional","2017/2018","Colon Santa Fe","Gimnasia L.P.","Fernando Espinoza","1","0","H"
"76684","19-02-18 23:00","Argentina","Liga Profesional","2017/2018","Patronato","Chacarita Juniors","Facundo Raul Tello Figueroa","3","0","H"
"76685","19-02-18 23:00","Argentina","Liga Profesional","2017/2018","Tigre","Defensa y Justicia","Patricio Loustau","1","1","D"
"76686","19-02-18 01:30","Argentina","Liga Profesional","2017/2018","Banfield","Boca Juniors","Mauro Vigliano","0","1","A"
"76687","18-02-18 23:15","Argentina","Liga Profesional","2017/2018","River Plate","Godoy Cruz","Jorge Balino","2","2","D"
"76688","18-02-18 21:00","Argentina","Liga Profesional","2017/2018","Arsenal Sarandi","Huracan","Dario Herrera","1","1","D"
"76689","18-02-18 21:00","Argentina","Liga Profesional","2017/2018","San Martin S.J.","Talleres Cordoba","Fernando Rapallini","1","1","D"
"76690","18-02-18 01:30","Argentina","Liga Profesional","2017/2018","Rosario Central","Olimpo Bahia Blanca","Pedro Arganaraz","5","0","H"
"76691","17-02-18 23:15","Argentina","Liga Profesional","2017/2018","Temperley","Independiente","Diego Abal","0","0","D"
"76692","17-02-18 21:00","Argentina","Liga Profesional","2017/2018","Argentinos Jrs","Atl. Tucuman","Ramiro Lopez","2","2","D"
"76693","17-02-18 21:00","Argentina","Liga Profesional","2017/2018","San Lorenzo","Newells Old Boys","Nestor Pitana","1","0","H"
"76694","17-02-18 01:15","Argentina","Liga Profesional","2017/2018","Belgrano","Velez Sarsfield","Nicolas Lamolina","2","2","D"
"76695","16-02-18 23:00","Argentina","Liga Profesional","2017/2018","Estudiantes L.P.","Union de Santa Fe","Andres Merlos","2","0","H"
"76696","16-02-18 23:00","Argentina","Liga Profesional","2017/2018","Racing Club","Lanus","German Delfino","3","1","H"
"76697","13-02-18 01:15","Argentina","Liga Profesional","2017/2018","Huracan","Rosario Central","Patricio Loustau","2","3","A"
"76698","12-02-18 23:00","Argentina","Liga Profesional","2017/2018","Atl. Tucuman","San Martin S.J.","Andres Merlos","2","1","H"
"76699","12-02-18 23:00","Argentina","Liga Profesional","2017/2018","Tigre","Argentinos Jrs","Silvio Trucco","2","0","H"
"76700","12-02-18 01:30","Argentina","Liga Profesional","2017/2018","Lanus","River Plate","Federico Jose Beligoy","1","0","H"
"76701","11-02-18 23:15","Argentina","Liga Profesional","2017/2018","Boca Juniors","Temperley","Ariel Penel","1","0","H"
"76702","11-02-18 21:00","Argentina","Liga Profesional","2017/2018","Godoy Cruz","Belgrano","Pablo Dovalo","2","1","H"
"76703","11-02-18 21:00","Argentina","Liga Profesional","2017/2018","Talleres Cordoba","Banfield","Dario Herrera","1","0","H"
"76704","10-02-18 23:15","Argentina","Liga Profesional","2017/2018","Olimpo Bahia Blanca","Racing Club","Fernando Rapallini","1","2","A"
"76705","10-02-18 21:00","Argentina","Liga Profesional","2017/2018","Gimnasia L.P.","Estudiantes L.P.","Diego Abal","0","0","D"
"76706","10-02-18 21:00","Argentina","Liga Profesional","2017/2018","Velez Sarsfield","Patronato","Fernando Espinoza","0","2","A"
"76707","10-02-18 01:15","Argentina","Liga Profesional","2017/2018","Newells Old Boys","Colon Santa Fe","Pablo Echavarria","0","1","A"
"76708","09-02-18 23:00","Argentina","Liga Profesional","2017/2018","Defensa y Justicia","Chacarita Juniors","Juan Pablo Pompei","4","2","H"
"76709","09-02-18 23:00","Argentina","Liga Profesional","2017/2018","Union de Santa Fe","Arsenal Sarandi","Hernan Mastrangelo","0","0","D"
"76710","08-02-18 01:30","Argentina","Liga Profesional","2017/2018","Godoy Cruz","Lanus","Dario Herrera","4","1","H"
"76711","06-02-18 01:15","Argentina","Liga Profesional","2017/2018","San Martin S.J.","Tigre","Federico Jose Beligoy","0","0","D"
"76712","05-02-18 23:00","Argentina","Liga Profesional","2017/2018","Chacarita Juniors","Velez Sarsfield","Fernando Rapallini","2","0","H"
"76713","05-02-18 23:00","Argentina","Liga Profesional","2017/2018","Temperley","Talleres Cordoba","Andres Merlos","0","1","A"
"76714","05-02-18 01:30","Argentina","Liga Profesional","2017/2018","Racing Club","Huracan","Jorge Balino","4","0","H"
"76715","04-02-18 23:15","Argentina","Liga Profesional","2017/2018","San Lorenzo","Boca Juniors","Silvio Trucco","1","1","D"
"76716","04-02-18 21:00","Argentina","Liga Profesional","2017/2018","Arsenal Sarandi","Gimnasia L.P.","Juan Pablo Pompei","0","0","D"
"76717","04-02-18 21:00","Argentina","Liga Profesional","2017/2018","Estudiantes L.P.","Newells Old Boys","Patricio Loustau","4","2","H"
"76718","04-02-18 01:30","Argentina","Liga Profesional","2017/2018","River Plate","Olimpo Bahia Blanca","Dario Herrera","2","0","H"
"76719","03-02-18 23:15","Argentina","Liga Profesional","2017/2018","Colon Santa Fe","Independiente","Fernando Echenique","0","1","A"
"76720","03-02-18 21:00","Argentina","Liga Profesional","2017/2018","Banfield","Atl. Tucuman","German Delfino","0","0","D"
"76721","03-02-18 21:00","Argentina","Liga Profesional","2017/2018","Rosario Central","Union de Santa Fe","Facundo Raul Tello Figueroa","1","0","H"
"76722","03-02-18 01:15","Argentina","Liga Profesional","2017/2018","Belgrano","Lanus","Ariel Penel","0","0","D"
"76723","02-02-18 23:00","Argentina","Liga Profesional","2017/2018","Argentinos Jrs","Defensa y Justicia","Hernan Mastrangelo","2","1","H"
"76724","02-02-18 23:00","Argentina","Liga Profesional","2017/2018","Patronato","Godoy Cruz","Nicolas Lamolina","0","0","D"
"76725","30-01-18 01:15","Argentina","Liga Profesional","2017/2018","Independiente","Estudiantes L.P.","Jorge Balino","1","2","A"
"76726","29-01-18 23:00","Argentina","Liga Profesional","2017/2018","Atl. Tucuman","Temperley","Mauro Vigliano","3","0","H"
"76727","29-01-18 23:00","Argentina","Liga Profesional","2017/2018","Gimnasia L.P.","Rosario Central","Hernan Mastrangelo","2","1","H"
"76728","29-01-18 01:30","Argentina","Liga Profesional","2017/2018","Union de Santa Fe","Racing Club","Silvio Trucco","2","1","H"
"76729","28-01-18 23:15","Argentina","Liga Profesional","2017/2018","Huracan","River Plate","German Delfino","1","0","H"
"76730","28-01-18 21:00","Argentina","Liga Profesional","2017/2018","Argentinos Jrs","San Martin S.J.","Fernando Espinoza","2","0","H"
"76731","28-01-18 21:00","Argentina","Liga Profesional","2017/2018","Olimpo Bahia Blanca","Belgrano","Juan Pablo Pompei","1","2","A"
"76732","28-01-18 01:30","Argentina","Liga Profesional","2017/2018","Boca Juniors","Colon Santa Fe","Federico Jose Beligoy","2","0","H"
"76733","27-01-18 23:15","Argentina","Liga Profesional","2017/2018","Lanus","Patronato","Diego Abal","1","1","D"
"76734","27-01-18 21:00","Argentina","Liga Profesional","2017/2018","Defensa y Justicia","Velez Sarsfield","Patricio Loustau","0","1","A"
"76735","27-01-18 21:00","Argentina","Liga Profesional","2017/2018","Newells Old Boys","Arsenal Sarandi","Nicolas Lamolina","2","1","H"
"76736","27-01-18 01:15","Argentina","Liga Profesional","2017/2018","Talleres Cordoba","San Lorenzo","Facundo Raul Tello Figueroa","2","0","H"
"76737","26-01-18 23:00","Argentina","Liga Profesional","2017/2018","Godoy Cruz","Chacarita Juniors","Andres Merlos","1","0","H"
"76738","26-01-18 23:00","Argentina","Liga Profesional","2017/2018","Tigre","Banfield","Nestor Pitana","1","2","A"
"76739","25-01-18 01:10","Argentina","Liga Profesional","2017/2018","Independiente","Rosario Central","Ariel Penel","1","1","D"
"76740","12-12-17 01:30","Argentina","Liga Profesional","2017/2018","Chacarita Juniors","Lanus","Nicolas Lamolina","3","0","H"
"76741","11-12-17 23:15","Argentina","Liga Profesional","2017/2018","San Martin S.J.","Defensa y Justicia","Facundo Raul Tello Figueroa","1","0","H"
"76742","11-12-17 01:30","Argentina","Liga Profesional","2017/2018","Estudiantes L.P.","Boca Juniors","Fernando Espinoza","0","1","A"
"76743","10-12-17 23:15","Argentina","Liga Profesional","2017/2018","Colon Santa Fe","Talleres Cordoba","Jorge Balino","0","2","A"
"76744","10-12-17 23:15","Argentina","Liga Profesional","2017/2018","Racing Club","Gimnasia L.P.","Diego Abal","3","1","H"
"76745","10-12-17 21:00","Argentina","Liga Profesional","2017/2018","Rosario Central","Newells Old Boys","Nestor Pitana","1","0","H"
"76746","10-12-17 01:30","Argentina","Liga Profesional","2017/2018","Arsenal Sarandi","Independiente","Federico Jose Beligoy","1","2","A"
"76747","09-12-17 21:00","Argentina","Liga Profesional","2017/2018","Banfield","Argentinos Jrs","Andres Merlos","2","3","A"
"76748","09-12-17 01:30","Argentina","Liga Profesional","2017/2018","Belgrano","Huracan","Dario Herrera","1","0","H"
"76749","08-12-17 23:15","Argentina","Liga Profesional","2017/2018","Patronato","Olimpo Bahia Blanca","Silvio Trucco","1","0","H"
"76750","08-12-17 21:00","Argentina","Liga Profesional","2017/2018","Temperley","Tigre","Juan Pablo Pompei","2","1","H"
"76751","05-12-17 01:30","Argentina","Liga Profesional","2017/2018","San Martin S.J.","Banfield","Silvio Trucco","2","1","H"
"76752","04-12-17 23:15","Argentina","Liga Profesional","2017/2018","Atl. Tucuman","Colon Santa Fe","Andres Merlos","2","0","H"
"76753","04-12-17 21:00","Argentina","Liga Profesional","2017/2018","Lanus","Velez Sarsfield","Jorge Balino","0","0","D"
"76754","04-12-17 01:30","Argentina","Liga Profesional","2017/2018","Gimnasia L.P.","River Plate","Fernando Espinoza","2","1","H"
"76755","03-12-17 23:15","Argentina","Liga Profesional","2017/2018","Boca Juniors","Arsenal Sarandi","Facundo Raul Tello Figueroa","2","0","H"
"76756","03-12-17 21:00","Argentina","Liga Profesional","2017/2018","Talleres Cordoba","Estudiantes L.P.","Diego Abal","0","1","A"
"76757","03-12-17 21:00","Argentina","Liga Profesional","2017/2018","Tigre","San Lorenzo","Fernando Echenique","1","2","A"
"76758","03-12-17 01:30","Argentina","Liga Profesional","2017/2018","Newells Old Boys","Racing Club","Ariel Penel","2","2","D"
"76759","02-12-17 21:00","Argentina","Liga Profesional","2017/2018","Argentinos Jrs","Temperley","Dario Herrera","2","2","D"
"76760","02-12-17 21:00","Argentina","Liga Profesional","2017/2018","Olimpo Bahia Blanca","Chacarita Juniors","Nestor Pitana","2","0","H"
"76761","02-12-17 01:30","Argentina","Liga Profesional","2017/2018","Huracan","Patronato","Nicolas Lamolina","1","1","D"
"76762","01-12-17 23:15","Argentina","Liga Profesional","2017/2018","Defensa y Justicia","Godoy Cruz","Hernan Mastrangelo","3","2","H"
"76763","01-12-17 21:00","Argentina","Liga Profesional","2017/2018","Union de Santa Fe","Belgrano","German Delfino","1","1","D"
"76764","30-11-17 23:15","Argentina","Liga Profesional","2017/2018","San Lorenzo","Atl. Tucuman","Ariel Penel","2","0","H"
"76765","28-11-17 01:30","Argentina","Liga Profesional","2017/2018","Temperley","San Martin S.J.","Diego Abal","1","0","H"
"76766","27-11-17 23:15","Argentina","Liga Profesional","2017/2018","Velez Sarsfield","Olimpo Bahia Blanca","Pablo Echavarria","3","0","H"
"76767","27-11-17 21:00","Argentina","Liga Profesional","2017/2018","Arsenal Sarandi","Talleres Cordoba","Mauro Vigliano","0","1","A"
"76768","27-11-17 01:30","Argentina","Liga Profesional","2017/2018","Rosario Central","Boca Juniors","Patricio Loustau","1","0","H"
"76769","26-11-17 23:15","Argentina","Liga Profesional","2017/2018","River Plate","Newells Old Boys","Facundo Raul Tello Figueroa","1","3","A"
"76770","26-11-17 21:00","Argentina","Liga Profesional","2017/2018","Estudiantes L.P.","Atl. Tucuman","Silvio Trucco","1","0","H"
"76771","26-11-17 01:30","Argentina","Liga Profesional","2017/2018","Racing Club","Independiente","German Delfino","0","1","A"
"76772","25-11-17 23:15","Argentina","Liga Profesional","2017/2018","San Lorenzo","Argentinos Jrs","Hernan Mastrangelo","1","0","H"
"76773","25-11-17 21:00","Argentina","Liga Profesional","2017/2018","Belgrano","Gimnasia L.P.","Juan Pablo Pompei","2","0","H"
"76774","25-11-17 21:00","Argentina","Liga Profesional","2017/2018","Patronato","Union de Santa Fe","Jorge Balino","2","3","A"
"76775","25-11-17 01:30","Argentina","Liga Profesional","2017/2018","Colon Santa Fe","Tigre","Ariel Penel","3","1","H"
"76776","24-11-17 23:15","Argentina","Liga Profesional","2017/2018","Chacarita Juniors","Huracan","Fernando Rapallini","0","2","A"
"76777","24-11-17 21:00","Argentina","Liga Profesional","2017/2018","Banfield","Defensa y Justicia","Fernando Espinoza","0","1","A"
"76778","23-11-17 23:15","Argentina","Liga Profesional","2017/2018","Velez Sarsfield","Godoy Cruz","Fernando Echenique","0","1","A"
"76779","22-11-17 23:15","Argentina","Liga Profesional","2017/2018","River Plate","Union de Santa Fe","Patricio Loustau","2","0","H"
"76780","21-11-17 01:30","Argentina","Liga Profesional","2017/2018","Huracan","Velez Sarsfield","Miguel Gonzalez Diaz","1","0","H"
"76781","20-11-17 23:15","Argentina","Liga Profesional","2017/2018","Olimpo Bahia Blanca","Godoy Cruz","Ariel Penel","1","1","D"
"76782","20-11-17 21:00","Argentina","Liga Profesional","2017/2018","Gimnasia L.P.","Patronato","Diego Abal","2","0","H"
"76783","20-11-17 01:30","Argentina","Liga Profesional","2017/2018","Talleres Cordoba","Rosario Central","Jorge Balino","0","1","A"
"76784","19-11-17 23:15","Argentina","Liga Profesional","2017/2018","Boca Juniors","Racing Club","Dario Herrera","1","2","A"
"76785","19-11-17 21:00","Argentina","Liga Profesional","2017/2018","Tigre","Estudiantes L.P.","Andres Merlos","2","0","H"
"76786","19-11-17 21:00","Argentina","Liga Profesional","2017/2018","Union de Santa Fe","Chacarita Juniors","Mauro Vigliano","0","0","D"
"76787","19-11-17 01:30","Argentina","Liga Profesional","2017/2018","Independiente","River Plate","Silvio Trucco","1","0","H"
"76788","18-11-17 23:15","Argentina","Liga Profesional","2017/2018","San Martin S.J.","San Lorenzo","Fernando Rapallini","1","3","A"
"76789","18-11-17 21:00","Argentina","Liga Profesional","2017/2018","Banfield","Temperley","Hernan Mastrangelo","0","0","D"
"76790","18-11-17 21:00","Argentina","Liga Profesional","2017/2018","Defensa y Justicia","Lanus","Juan Pablo Pompei","3","0","H"
"76791","18-11-17 01:30","Argentina","Liga Profesional","2017/2018","Newells Old Boys","Belgrano","Pedro Arganaraz","0","1","A"
"76792","17-11-17 23:15","Argentina","Liga Profesional","2017/2018","Atl. Tucuman","Arsenal Sarandi","German Delfino","0","0","D"
"76793","17-11-17 21:00","Argentina","Liga Profesional","2017/2018","Argentinos Jrs","Colon Santa Fe","Nicolas Lamolina","0","1","A"
"76794","07-11-17 01:05","Argentina","Liga Profesional","2017/2018","Velez Sarsfield","Union de Santa Fe","Federico Jose Beligoy","0","2","A"
"76795","06-11-17 23:05","Argentina","Liga Profesional","2017/2018","Patronato","Newells Old Boys","Nicolas Lamolina","0","0","D"
"76796","06-11-17 21:05","Argentina","Liga Profesional","2017/2018","Arsenal Sarandi","Tigre","Patricio Loustau","0","0","D"
"76797","05-11-17 22:05","Argentina","Liga Profesional","2017/2018","River Plate","Boca Juniors","Nestor Pitana","1","2","A"
"76798","05-11-17 18:05","Argentina","Liga Profesional","2017/2018","Belgrano","Independiente","Mauro Vigliano","0","0","D"
"76799","05-11-17 18:05","Argentina","Liga Profesional","2017/2018","Estudiantes L.P.","Argentinos Jrs","Pablo Echavarria","1","0","H"
"76800","05-11-17 15:05","Argentina","Liga Profesional","2017/2018","Temperley","Defensa y Justicia","Dario Herrera","1","4","A"
"76801","05-11-17 01:30","Argentina","Liga Profesional","2017/2018","Racing Club","Talleres Cordoba","Fernando Rapallini","1","1","D"
"76802","04-11-17 22:05","Argentina","Liga Profesional","2017/2018","Rosario Central","Atl. Tucuman","Andres Merlos","0","1","A"
"76803","04-11-17 20:15","Argentina","Liga Profesional","2017/2018","San Lorenzo","Banfield","German Delfino","0","1","A"
"76804","04-11-17 18:05","Argentina","Liga Profesional","2017/2018","Colon Santa Fe","San Martin S.J.","Juan Pablo Pompei","3","3","D"
"76805","04-11-17 18:05","Argentina","Liga Profesional","2017/2018","Lanus","Olimpo Bahia Blanca","Silvio Trucco","0","2","A"
"76806","04-11-17 01:05","Argentina","Liga Profesional","2017/2018","Godoy Cruz","Huracan","Diego Abal","2","1","H"
"76807","03-11-17 23:05","Argentina","Liga Profesional","2017/2018","Chacarita Juniors","Gimnasia L.P.","Jorge Balino","2","0","H"
"76808","31-10-17 01:05","Argentina","Liga Profesional","2017/2018","Tigre","Rosario Central","Nestor Pitana","1","1","D"
"76809","30-10-17 23:05","Argentina","Liga Profesional","2017/2018","Defensa y Justicia","Olimpo Bahia Blanca","Fernando Rapallini","1","1","D"
"76810","30-10-17 00:05","Argentina","Liga Profesional","2017/2018","Independiente","Patronato","Juan Pablo Pompei","1","1","D"
"76811","29-10-17 22:05","Argentina","Liga Profesional","2017/2018","Boca Juniors","Belgrano","Silvio Trucco","4","0","H"
"76812","29-10-17 20:05","Argentina","Liga Profesional","2017/2018","Temperley","San Lorenzo","Mauro Vigliano","0","2","A"
"76813","29-10-17 18:05","Argentina","Liga Profesional","2017/2018","Gimnasia L.P.","Velez Sarsfield","Andres Merlos","4","0","H"
"76814","29-10-17 15:05","Argentina","Liga Profesional","2017/2018","Newells Old Boys","Chacarita Juniors","Diego Abal","2","1","H"
"76815","29-10-17 01:20","Argentina","Liga Profesional","2017/2018","Talleres Cordoba","River Plate","Hernan Mastrangelo","4","0","H"
"76816","28-10-17 23:20","Argentina","Liga Profesional","2017/2018","Atl. Tucuman","Racing Club","Fernando Echenique","3","1","H"
"76817","28-10-17 21:10","Argentina","Liga Profesional","2017/2018","San Martin S.J.","Estudiantes L.P.","Nicolas Lamolina","1","0","H"
"76818","28-10-17 19:00","Argentina","Liga Profesional","2017/2018","Huracan","Lanus","Jorge Balino","4","0","H"
"76819","28-10-17 19:00","Argentina","Liga Profesional","2017/2018","Union de Santa Fe","Godoy Cruz","Pablo Echavarria","2","0","H"
"76820","28-10-17 02:05","Argentina","Liga Profesional","2017/2018","Argentinos Jrs","Arsenal Sarandi","Ariel Penel","3","2","H"
"76821","28-10-17 00:05","Argentina","Liga Profesional","2017/2018","Banfield","Colon Santa Fe","Dario Herrera","1","1","D"
"76822","17-10-17 02:05","Argentina","Liga Profesional","2017/2018","Arsenal Sarandi","San Martin S.J.","Diego Abal","0","1","A"
"76823","17-10-17 00:05","Argentina","Liga Profesional","2017/2018","Olimpo Bahia Blanca","Huracan","Fernando Espinoza","0","2","A"
"76824","16-10-17 01:05","Argentina","Liga Profesional","2017/2018","Patronato","Boca Juniors","Facundo Raul Tello Figueroa","0","2","A"
"76825","15-10-17 23:05","Argentina","Liga Profesional","2017/2018","River Plate","Atl. Tucuman","Federico Jose Beligoy","2","2","D"
"76826","15-10-17 21:05","Argentina","Liga Profesional","2017/2018","Belgrano","Talleres Cordoba","Ariel Penel","0","0","D"
"76827","15-10-17 19:05","Argentina","Liga Profesional","2017/2018","Godoy Cruz","Gimnasia L.P.","Silvio Trucco","3","0","H"
"76828","15-10-17 16:05","Argentina","Liga Profesional","2017/2018","Chacarita Juniors","Independiente","Fernando Echenique","1","2","A"
"76829","15-10-17 01:05","Argentina","Liga Profesional","2017/2018","Racing Club","Tigre","German Delfino","1","0","H"
"76830","14-10-17 23:05","Argentina","Liga Profesional","2017/2018","Velez Sarsfield","Newells Old Boys","Dario Herrera","1","0","H"
"76831","14-10-17 21:15","Argentina","Liga Profesional","2017/2018","Estudiantes L.P.","Banfield","Andres Merlos","1","1","D"
"76832","14-10-17 19:05","Argentina","Liga Profesional","2017/2018","Colon Santa Fe","Temperley","Hernan Mastrangelo","2","0","H"
"76833","14-10-17 19:05","Argentina","Liga Profesional","2017/2018","Rosario Central","Argentinos Jrs","Pablo Echavarria","1","3","A"
"76834","14-10-17 02:05","Argentina","Liga Profesional","2017/2018","San Lorenzo","Defensa y Justicia","Nicolas Lamolina","3","1","H"
"76835","14-10-17 00:05","Argentina","Liga Profesional","2017/2018","Lanus","Union de Santa Fe","Juan Pablo Pompei","2","1","H"
"76836","08-10-17 21:00","Argentina","Liga Profesional","2017/2018","Argentinos Jrs","Chacarita Juniors","Nicolas Lamolina","1","0","H"
"76837","03-10-17 02:05","Argentina","Liga Profesional","2017/2018","Newells Old Boys","Godoy Cruz","Andres Merlos","0","0","D"
"76838","03-10-17 00:05","Argentina","Liga Profesional","2017/2018","Banfield","Arsenal Sarandi","Jorge Balino","1","2","A"
"76839","02-10-17 01:05","Argentina","Liga Profesional","2017/2018","Tigre","River Plate","Ariel Penel","1","1","D"
"76840","01-10-17 23:05","Argentina","Liga Profesional","2017/2018","Boca Juniors","Chacarita Juniors","Nestor Pitana","1","0","H"
"76841","01-10-17 21:05","Argentina","Liga Profesional","2017/2018","Independiente","Velez Sarsfield","Facundo Raul Tello Figueroa","1","0","H"
"76842","01-10-17 19:05","Argentina","Liga Profesional","2017/2018","San Martin S.J.","Rosario Central","Juan Pablo Pompei","3","1","H"
"76843","01-10-17 16:05","Argentina","Liga Profesional","2017/2018","Talleres Cordoba","Patronato","Fernando Rapallini","1","0","H"
"76844","01-10-17 01:05","Argentina","Liga Profesional","2017/2018","Argentinos Jrs","Racing Club","Mauro Vigliano","2","0","H"
"76845","30-09-17 23:05","Argentina","Liga Profesional","2017/2018","Gimnasia L.P.","Lanus","Patricio Loustau","1","3","A"
"76846","30-09-17 21:05","Argentina","Liga Profesional","2017/2018","Temperley","Estudiantes L.P.","Fernando Echenique","0","3","A"
"76847","30-09-17 19:05","Argentina","Liga Profesional","2017/2018","San Lorenzo","Colon Santa Fe","Fernando Espinoza","0","0","D"
"76848","30-09-17 02:05","Argentina","Liga Profesional","2017/2018","Atl. Tucuman","Belgrano","Dario Herrera","0","0","D"
"76849","30-09-17 00:05","Argentina","Liga Profesional","2017/2018","Defensa y Justicia","Huracan","Hernan Mastrangelo","0","0","D"
"76850","30-09-17 00:05","Argentina","Liga Profesional","2017/2018","Union de Santa Fe","Olimpo Bahia Blanca","Pedro Arganaraz","2","0","H"
"76851","26-09-17 02:05","Argentina","Liga Profesional","2017/2018","Estudiantes L.P.","San Lorenzo","Ariel Penel","1","3","A"
"76852","26-09-17 00:05","Argentina","Liga Profesional","2017/2018","Lanus","Newells Old Boys","Fernando Rapallini","1","0","H"
"76853","25-09-17 01:05","Argentina","Liga Profesional","2017/2018","Racing Club","San Martin S.J.","Nestor Pitana","0","0","D"
"76854","24-09-17 23:05","Argentina","Liga Profesional","2017/2018","River Plate","Argentinos Jrs","Diego Abal","1","1","D"
"76855","24-09-17 21:05","Argentina","Liga Profesional","2017/2018","Rosario Central","Banfield","Mauro Vigliano","0","4","A"
"76856","24-09-17 19:05","Argentina","Liga Profesional","2017/2018","Olimpo Bahia Blanca","Gimnasia L.P.","Dario Herrera","0","1","A"
"76857","24-09-17 16:05","Argentina","Liga Profesional","2017/2018","Colon Santa Fe","Defensa y Justicia","Juan Pablo Pompei","3","1","H"
"76858","24-09-17 01:05","Argentina","Liga Profesional","2017/2018","Godoy Cruz","Independiente","Patricio Loustau","1","0","H"
"76859","23-09-17 23:05","Argentina","Liga Profesional","2017/2018","Velez Sarsfield","Boca Juniors","Fernando Espinoza","0","4","A"
"76860","23-09-17 21:15","Argentina","Liga Profesional","2017/2018","Chacarita Juniors","Talleres Cordoba","German Delfino","0","1","A"
"76861","23-09-17 19:05","Argentina","Liga Profesional","2017/2018","Arsenal Sarandi","Temperley","Andres Merlos","0","1","A"
"76862","23-09-17 19:05","Argentina","Liga Profesional","2017/2018","Huracan","Union de Santa Fe","Facundo Raul Tello Figueroa","0","0","D"
"76863","23-09-17 02:05","Argentina","Liga Profesional","2017/2018","Patronato","Atl. Tucuman","Silvio Trucco","2","1","H"
"76864","23-09-17 00:05","Argentina","Liga Profesional","2017/2018","Belgrano","Tigre","Federico Jose Beligoy","0","0","D"
"76865","19-09-17 02:05","Argentina","Liga Profesional","2017/2018","Temperley","Rosario Central","Diego Abal","1","1","D"
"76866","19-09-17 00:05","Argentina","Liga Profesional","2017/2018","Gimnasia L.P.","Huracan","Silvio Trucco","1","3","A"
"76867","18-09-17 01:05","Argentina","Liga Profesional","2017/2018","San Martin S.J.","River Plate","Fernando Echenique","1","3","A"
"76868","17-09-17 23:05","Argentina","Liga Profesional","2017/2018","Boca Juniors","Godoy Cruz","German Delfino","4","1","H"
"76869","17-09-17 21:05","Argentina","Liga Profesional","2017/2018","Banfield","Racing Club","Ariel Penel","1","0","H"
"76870","17-09-17 19:05","Argentina","Liga Profesional","2017/2018","Atl. Tucuman","Chacarita Juniors","Facundo Raul Tello Figueroa","1","1","D"
"76871","17-09-17 16:05","Argentina","Liga Profesional","2017/2018","Talleres Cordoba","Velez Sarsfield","Nicolas Lamolina","0","0","D"
"76872","17-09-17 01:05","Argentina","Liga Profesional","2017/2018","Independiente","Lanus","Fernando Espinoza","0","1","A"
"76873","16-09-17 23:05","Argentina","Liga Profesional","2017/2018","San Lorenzo","Arsenal Sarandi","Federico Jose Beligoy","1","0","H"
"76874","16-09-17 21:15","Argentina","Liga Profesional","2017/2018","Newells Old Boys","Olimpo Bahia Blanca","Pablo Echavarria","2","0","H"
"76875","16-09-17 19:05","Argentina","Liga Profesional","2017/2018","Argentinos Jrs","Belgrano","Hernan Mastrangelo","1","2","A"
"76876","16-09-17 19:05","Argentina","Liga Profesional","2017/2018","Defensa y Justicia","Union de Santa Fe","Andres Merlos","1","3","A"
"76877","16-09-17 02:05","Argentina","Liga Profesional","2017/2018","Colon Santa Fe","Estudiantes L.P.","Pedro Arganaraz","0","0","D"
"76878","16-09-17 00:05","Argentina","Liga Profesional","2017/2018","Tigre","Patronato","Jorge Balino","1","3","A"
"76879","12-09-17 02:05","Argentina","Liga Profesional","2017/2018","Huracan","Newells Old Boys","Mauro Vigliano","1","0","H"
"76880","12-09-17 00:05","Argentina","Liga Profesional","2017/2018","Union de Santa Fe","Gimnasia L.P.","Nicolas Lamolina","1","0","H"
"76881","11-09-17 01:05","Argentina","Liga Profesional","2017/2018","Lanus","Boca Juniors","Fernando Echenique","0","1","A"
"76882","10-09-17 23:05","Argentina","Liga Profesional","2017/2018","River Plate","Banfield","Nestor Pitana","3","1","H"
"76883","10-09-17 21:05","Argentina","Liga Profesional","2017/2018","Rosario Central","San Lorenzo","Patricio Loustau","0","0","D"
"76884","10-09-17 19:05","Argentina","Liga Profesional","2017/2018","Godoy Cruz","Talleres Cordoba","Dario Herrera","2","1","H"
"76885","10-09-17 16:05","Argentina","Liga Profesional","2017/2018","Chacarita Juniors","Tigre","Fernando Rapallini","1","1","D"
"76886","10-09-17 01:05","Argentina","Liga Profesional","2017/2018","Racing Club","Temperley","Silvio Trucco","4","1","H"
"76887","09-09-17 23:05","Argentina","Liga Profesional","2017/2018","Patronato","Argentinos Jrs","Juan Pablo Pompei","2","1","H"
"76888","09-09-17 21:05","Argentina","Liga Profesional","2017/2018","Estudiantes L.P.","Defensa y Justicia","Fernando Espinoza","0","1","A"
"76889","09-09-17 19:05","Argentina","Liga Profesional","2017/2018","Belgrano","San Martin S.J.","Andres Merlos","1","0","H"
"76890","09-09-17 02:15","Argentina","Liga Profesional","2017/2018","Olimpo Bahia Blanca","Independiente","Jorge Balino","1","1","D"
"76891","09-09-17 00:05","Argentina","Liga Profesional","2017/2018","Arsenal Sarandi","Colon Santa Fe","Ariel Penel","0","1","A"
"76892","09-09-17 00:05","Argentina","Liga Profesional","2017/2018","Velez Sarsfield","Atl. Tucuman","German Delfino","2","0","H"
"76893","29-08-17 02:05","Argentina","Liga Profesional","2017/2018","Estudiantes L.P.","Arsenal Sarandi","Silvio Trucco","2","1","H"
"76894","29-08-17 00:05","Argentina","Liga Profesional","2017/2018","Newells Old Boys","Union de Santa Fe","Fernando Espinoza","1","1","D"
"76895","28-08-17 01:05","Argentina","Liga Profesional","2017/2018","Temperley","River Plate","Fernando Rapallini","0","1","A"
"76896","27-08-17 23:05","Argentina","Liga Profesional","2017/2018","Boca Juniors","Olimpo Bahia Blanca","Nestor Pitana","3","0","H"
"76897","27-08-17 21:05","Argentina","Liga Profesional","2017/2018","San Lorenzo","Racing Club","Fernando Echenique","1","1","D"
"76898","27-08-17 19:05","Argentina","Liga Profesional","2017/2018","Atl. Tucuman","Godoy Cruz","Jorge Balino","2","1","H"
"76899","27-08-17 16:05","Argentina","Liga Profesional","2017/2018","San Martin S.J.","Patronato","Diego Abal","2","0","H"
"76900","27-08-17 01:05","Argentina","Liga Profesional","2017/2018","Independiente","Huracan","Patricio Loustau","3","1","H"
"76901","26-08-17 23:05","Argentina","Liga Profesional","2017/2018","Talleres Cordoba","Lanus","Mauro Vigliano","5","2","H"
"76902","26-08-17 21:15","Argentina","Liga Profesional","2017/2018","Colon Santa Fe","Rosario Central","Juan Pablo Pompei","1","1","D"
"76903","26-08-17 19:05","Argentina","Liga Profesional","2017/2018","Defensa y Justicia","Gimnasia L.P.","Facundo Raul Tello Figueroa","4","4","D"
"76904","26-08-17 02:05","Argentina","Liga Profesional","2017/2018","Banfield","Belgrano","German Delfino","2","1","H"
"76905","26-08-17 00:05","Argentina","Liga Profesional","2017/2018","Tigre","Velez Sarsfield","Dario Herrera","0","3","A"
"76075","28-06-17 01:15","Argentina","Liga Profesional","2016/2017","Independiente","Lanus","German Delfino","1","1","D"
"76076","28-06-17 01:15","Argentina","Liga Profesional","2016/2017","Talleres Cordoba","San Lorenzo","Patricio Loustau","1","1","D"
"76077","27-06-17 23:00","Argentina","Liga Profesional","2016/2017","Estudiantes L.P.","Quilmes","Hector Paletta","1","0","H"
"76078","27-06-17 23:00","Argentina","Liga Profesional","2016/2017","Newells Old Boys","Godoy Cruz","Pablo Dovalo","0","2","A"
"76079","27-06-17 01:15","Argentina","Liga Profesional","2016/2017","Aldosivi","Olimpo Bahia Blanca","Juan Pablo Pompei","0","3","A"
"76080","27-06-17 01:15","Argentina","Liga Profesional","2016/2017","Huracan","Belgrano","Dario Herrera","0","0","D"
"76081","27-06-17 01:15","Argentina","Liga Profesional","2016/2017","Velez Sarsfield","Temperley","Fernando Echenique","0","0","D"
"76082","26-06-17 23:00","Argentina","Liga Profesional","2016/2017","Arsenal Sarandi","Tigre","Fernando Espinoza","2","1","H"
"76083","26-06-17 23:00","Argentina","Liga Profesional","2016/2017","Patronato","Atl. Tucuman","Ramiro Lopez","1","1","D"
"76084","26-06-17 01:00","Argentina","Liga Profesional","2016/2017","Colon Santa Fe","River Plate","Jorge Balino","0","0","D"
"76085","26-06-17 00:10","Argentina","Liga Profesional","2016/2017","Banfield","Racing Club","Fernando Rapallini","1","3","A"
"76086","25-06-17 22:00","Argentina","Liga Profesional","2016/2017","Atl. Rafaela","Sarmiento Junin","Pedro Arganaraz","2","3","A"
"76087","25-06-17 21:15","Argentina","Liga Profesional","2016/2017","Boca Juniors","Union de Santa Fe","Mauro Vigliano","2","1","H"
"76088","25-06-17 00:00","Argentina","Liga Profesional","2016/2017","San Martin S.J.","Rosario Central","Silvio Trucco","1","1","D"
"76089","24-06-17 21:00","Argentina","Liga Profesional","2016/2017","Defensa y Justicia","Gimnasia L.P.","Pablo Echavarria","1","0","H"
"76090","23-06-17 02:30","Argentina","Liga Profesional","2016/2017","Atl. Tucuman","Velez Sarsfield","Jorge Balino","1","1","D"
"76091","23-06-17 02:30","Argentina","Liga Profesional","2016/2017","Union de Santa Fe","Independiente","Fernando Echenique","0","3","A"
"76092","23-06-17 00:20","Argentina","Liga Profesional","2016/2017","Godoy Cruz","Estudiantes L.P.","Hernan Mastrangelo","0","2","A"
"76093","23-06-17 00:20","Argentina","Liga Profesional","2016/2017","Tigre","Atl. Rafaela","Diego Abal","1","0","H"
"76094","22-06-17 22:10","Argentina","Liga Profesional","2016/2017","Lanus","Huracan","Patricio Loustau","2","0","H"
"76095","22-06-17 22:10","Argentina","Liga Profesional","2016/2017","Sarmiento Junin","Patronato","Nicolas Lamolina","1","3","A"
"76096","22-06-17 20:00","Argentina","Liga Profesional","2016/2017","Belgrano","Newells Old Boys","Silvio Trucco","2","1","H"
"76097","22-06-17 02:30","Argentina","Liga Profesional","2016/2017","River Plate","Aldosivi","Mauro Vigliano","1","0","H"
"76098","22-06-17 00:45","Argentina","Liga Profesional","2016/2017","Olimpo Bahia Blanca","Boca Juniors","Federico Jose Beligoy","2","2","D"
"76099","22-06-17 00:10","Argentina","Liga Profesional","2016/2017","Racing Club","Colon Santa Fe","Dario Herrera","1","0","H"
"76100","21-06-17 23:30","Argentina","Liga Profesional","2016/2017","Temperley","Defensa y Justicia","Andres Merlos","2","3","A"
"76101","21-06-17 22:00","Argentina","Liga Profesional","2016/2017","Quilmes","Arsenal Sarandi","Juan Pablo Pompei","2","2","D"
"76102","21-06-17 02:15","Argentina","Liga Profesional","2016/2017","Rosario Central","Talleres Cordoba","German Delfino","3","3","D"
"76103","21-06-17 00:00","Argentina","Liga Profesional","2016/2017","Gimnasia L.P.","San Martin S.J.","Facundo Raul Tello Figueroa","2","0","H"
"76104","20-06-17 23:00","Argentina","Liga Profesional","2016/2017","San Lorenzo","Banfield","Fernando Espinoza","1","0","H"
"76105","18-06-17 22:15","Argentina","Liga Profesional","2016/2017","River Plate","Racing Club","Diego Abal","2","3","A"
"76106","18-06-17 22:00","Argentina","Liga Profesional","2016/2017","Defensa y Justicia","Atl. Tucuman","Facundo Raul Tello Figueroa","3","0","H"
"76107","18-06-17 21:15","Argentina","Liga Profesional","2016/2017","Independiente","Olimpo Bahia Blanca","Fernando Espinoza","1","1","D"
"76108","18-06-17 19:45","Argentina","Liga Profesional","2016/2017","Patronato","Tigre","Jorge Balino","0","2","A"
"76109","18-06-17 19:00","Argentina","Liga Profesional","2016/2017","Newells Old Boys","Lanus","Mauro Vigliano","1","1","D"
"76110","18-06-17 00:30","Argentina","Liga Profesional","2016/2017","Velez Sarsfield","Sarmiento Junin","Ariel Penel","5","1","H"
"76111","17-06-17 22:45","Argentina","Liga Profesional","2016/2017","Aldosivi","Boca Juniors","Patricio Loustau","0","4","A"
"76112","17-06-17 22:15","Argentina","Liga Profesional","2016/2017","Atl. Rafaela","Quilmes","Federico Jose Beligoy","1","1","D"
"76113","17-06-17 21:15","Argentina","Liga Profesional","2016/2017","Estudiantes L.P.","Belgrano","Andres Merlos","2","0","H"
"76114","17-06-17 19:00","Argentina","Liga Profesional","2016/2017","Arsenal Sarandi","Godoy Cruz","Pablo Echavarria","1","2","A"
"76115","17-06-17 02:15","Argentina","Liga Profesional","2016/2017","Banfield","Rosario Central","Dario Herrera","3","1","H"
"76116","17-06-17 01:00","Argentina","Liga Profesional","2016/2017","Talleres Cordoba","Gimnasia L.P.","Silvio Trucco","0","1","A"
"76117","17-06-17 00:00","Argentina","Liga Profesional","2016/2017","Huracan","Union de Santa Fe","Juan Pablo Pompei","1","0","H"
"76118","16-06-17 22:45","Argentina","Liga Profesional","2016/2017","San Martin S.J.","Temperley","German Delfino","0","1","A"
"76119","16-06-17 02:30","Argentina","Liga Profesional","2016/2017","Colon Santa Fe","San Lorenzo","Fernando Rapallini","2","1","H"
"76120","16-06-17 00:45","Argentina","Liga Profesional","2016/2017","Defensa y Justicia","Independiente","Ariel Penel","1","2","A"
"76121","06-06-17 02:15","Argentina","Liga Profesional","2016/2017","Racing Club","Aldosivi","Fernando Echenique","1","1","D"
"76122","06-06-17 00:00","Argentina","Liga Profesional","2016/2017","Quilmes","Patronato","Patricio Loustau","0","1","A"
"76123","05-06-17 00:00","Argentina","Liga Profesional","2016/2017","Boca Juniors","Independiente","Fernando Rapallini","3","0","H"
"76124","04-06-17 23:30","Argentina","Liga Profesional","2016/2017","Atl. Tucuman","San Martin S.J.","Pablo Echavarria","1","2","A"
"76125","04-06-17 22:00","Argentina","Liga Profesional","2016/2017","Olimpo Bahia Blanca","Huracan","Nestor Pitana","3","1","H"
"76126","04-06-17 21:15","Argentina","Liga Profesional","2016/2017","Belgrano","Arsenal Sarandi","Nicolas Lamolina","1","2","A"
"76127","04-06-17 21:00","Argentina","Liga Profesional","2016/2017","Gimnasia L.P.","Banfield","Juan Pablo Pompei","1","2","A"
"76128","04-06-17 19:00","Argentina","Liga Profesional","2016/2017","San Lorenzo","River Plate","Dario Herrera","2","1","H"
"76129","04-06-17 01:00","Argentina","Liga Profesional","2016/2017","Lanus","Estudiantes L.P.","Ariel Penel","1","0","H"
"76130","04-06-17 00:30","Argentina","Liga Profesional","2016/2017","Union de Santa Fe","Newells Old Boys","Fernando Espinoza","2","1","H"
"76131","03-06-17 22:15","Argentina","Liga Profesional","2016/2017","Rosario Central","Colon Santa Fe","Facundo Raul Tello Figueroa","0","0","D"
"76132","03-06-17 21:15","Argentina","Liga Profesional","2016/2017","Temperley","Talleres Cordoba","Jorge Balino","2","1","H"
"76133","03-06-17 19:00","Argentina","Liga Profesional","2016/2017","Tigre","Velez Sarsfield","Federico Jose Beligoy","0","3","A"
"76134","03-06-17 02:15","Argentina","Liga Profesional","2016/2017","Godoy Cruz","Atl. Rafaela","Andres Merlos","0","2","A"
"76135","03-06-17 00:00","Argentina","Liga Profesional","2016/2017","Sarmiento Junin","Defensa y Justicia","Silvio Trucco","1","0","H"
"76136","01-06-17 20:00","Argentina","Liga Profesional","2016/2017","Arsenal Sarandi","Olimpo Bahia Blanca","Hector Paletta","1","0","H"
"76137","01-06-17 01:15","Argentina","Liga Profesional","2016/2017","Atl. Tucuman","River Plate","German Delfino","0","3","A"
"76138","30-05-17 02:15","Argentina","Liga Profesional","2016/2017","Velez Sarsfield","Quilmes","Fernando Echenique","0","0","D"
"76139","30-05-17 00:00","Argentina","Liga Profesional","2016/2017","Estudiantes L.P.","Union de Santa Fe","Silvio Trucco","2","0","H"
"76140","29-05-17 01:45","Argentina","Liga Profesional","2016/2017","Patronato","Godoy Cruz","Federico Jose Beligoy","0","3","A"
"76141","28-05-17 23:30","Argentina","Liga Profesional","2016/2017","Atl. Rafaela","Belgrano","Ariel Penel","1","2","A"
"76142","28-05-17 22:00","Argentina","Liga Profesional","2016/2017","Talleres Cordoba","Atl. Tucuman","Diego Abal","2","1","H"
"76143","28-05-17 21:15","Argentina","Liga Profesional","2016/2017","Arsenal Sarandi","Lanus","Juan Pablo Pompei","0","2","A"
"76144","28-05-17 19:00","Argentina","Liga Profesional","2016/2017","Defensa y Justicia","Tigre","German Delfino","1","0","H"
"76145","28-05-17 02:15","Argentina","Liga Profesional","2016/2017","Racing Club","San Lorenzo","Patricio Loustau","2","1","H"
"76146","28-05-17 00:30","Argentina","Liga Profesional","2016/2017","Huracan","Boca Juniors","Dario Herrera","1","1","D"
"76147","28-05-17 00:30","Argentina","Liga Profesional","2016/2017","San Martin S.J.","Sarmiento Junin","Facundo Raul Tello Figueroa","4","2","H"
"76148","27-05-17 22:15","Argentina","Liga Profesional","2016/2017","Newells Old Boys","Olimpo Bahia Blanca","Jorge Balino","3","2","H"
"76149","27-05-17 21:15","Argentina","Liga Profesional","2016/2017","Banfield","Temperley","Fernando Espinoza","3","1","H"
"76150","27-05-17 19:00","Argentina","Liga Profesional","2016/2017","Colon Santa Fe","Gimnasia L.P.","Andres Merlos","1","2","A"
"76151","27-05-17 00:00","Argentina","Liga Profesional","2016/2017","Aldosivi","Independiente","Nestor Pitana","0","0","D"
"76152","23-05-17 02:15","Argentina","Liga Profesional","2016/2017","Gimnasia L.P.","River Plate","Federico Jose Beligoy","0","3","A"
"76153","23-05-17 00:00","Argentina","Liga Profesional","2016/2017","Olimpo Bahia Blanca","Estudiantes L.P.","Andres Merlos","3","1","H"
"76154","22-05-17 01:15","Argentina","Liga Profesional","2016/2017","Rosario Central","Racing Club","Ariel Penel","4","1","H"
"76155","22-05-17 00:15","Argentina","Liga Profesional","2016/2017","Quilmes","Defensa y Justicia","Fernando Rapallini","0","2","A"
"76156","21-05-17 22:00","Argentina","Liga Profesional","2016/2017","Temperley","Colon Santa Fe","Nicolas Lamolina","3","0","H"
"76157","21-05-17 21:15","Argentina","Liga Profesional","2016/2017","San Lorenzo","Aldosivi","Fernando Espinoza","0","1","A"
"76158","21-05-17 20:00","Argentina","Liga Profesional","2016/2017","Godoy Cruz","Velez Sarsfield","Patricio Loustau","3","0","H"
"76159","21-05-17 01:15","Argentina","Liga Profesional","2016/2017","Independiente","Huracan","Fernando Echenique","2","1","H"
"76160","21-05-17 01:00","Argentina","Liga Profesional","2016/2017","Union de Santa Fe","Arsenal Sarandi","Jorge Balino","0","1","A"
"76161","21-05-17 00:30","Argentina","Liga Profesional","2016/2017","Tigre","San Martin S.J.","Dario Herrera","1","1","D"
"76162","20-05-17 23:00","Argentina","Liga Profesional","2016/2017","Boca Juniors","Newells Old Boys","German Delfino","1","0","H"
"76163","20-05-17 22:15","Argentina","Liga Profesional","2016/2017","Sarmiento Junin","Talleres Cordoba","Hernan Mastrangelo","1","4","A"
"76164","20-05-17 21:15","Argentina","Liga Profesional","2016/2017","Lanus","Atl. Rafaela","Diego Abal","2","0","H"
"76165","20-05-17 19:00","Argentina","Liga Profesional","2016/2017","Belgrano","Patronato","Facundo Raul Tello Figueroa","1","1","D"
"76166","20-05-17 02:15","Argentina","Liga Profesional","2016/2017","Atl. Tucuman","Banfield","Silvio Trucco","3","0","H"
"76167","16-05-17 02:15","Argentina","Liga Profesional","2016/2017","Velez Sarsfield","Tigre","Pedro Arganaraz","2","1","H"
"76168","16-05-17 00:00","Argentina","Liga Profesional","2016/2017","Arsenal Sarandi","Temperley","Miguel Gonzalez Diaz","2","0","H"
"76169","16-05-17 00:00","Argentina","Liga Profesional","2016/2017","Defensa y Justicia","Quilmes","Jorge Balino","2","0","H"
"76170","15-05-17 00:15","Argentina","Liga Profesional","2016/2017","Patronato","Sarmiento Junin","Nicolas Lamolina","2","2","D"
"76171","15-05-17 00:00","Argentina","Liga Profesional","2016/2017","Independiente","Racing Club","Diego Abal","2","0","H"
"76172","14-05-17 22:00","Argentina","Liga Profesional","2016/2017","Boca Juniors","River Plate","Patricio Loustau","1","3","A"
"76173","14-05-17 20:00","Argentina","Liga Profesional","2016/2017","Newells Old Boys","Rosario Central","Federico Jose Beligoy","1","3","A"
"76174","14-05-17 19:00","Argentina","Liga Profesional","2016/2017","Colon Santa Fe","Union de Santa Fe","Dario Herrera","1","1","D"
"76175","14-05-17 00:30","Argentina","Liga Profesional","2016/2017","Olimpo Bahia Blanca","Aldosivi","Silvio Trucco","2","0","H"
"76176","13-05-17 23:00","Argentina","Liga Profesional","2016/2017","Huracan","San Lorenzo","Fernando Rapallini","0","1","A"
"76177","13-05-17 22:15","Argentina","Liga Profesional","2016/2017","Atl. Rafaela","Atl. Tucuman","Facundo Raul Tello Figueroa","1","0","H"
"76178","13-05-17 21:00","Argentina","Liga Profesional","2016/2017","Banfield","Lanus","Fernando Echenique","1","0","H"
"76179","13-05-17 19:00","Argentina","Liga Profesional","2016/2017","Estudiantes L.P.","Gimnasia L.P.","Fernando Espinoza","1","0","H"
"76180","13-05-17 19:00","Argentina","Liga Profesional","2016/2017","Talleres Cordoba","Belgrano","Nestor Pitana","1","1","D"
"76181","13-05-17 02:15","Argentina","Liga Profesional","2016/2017","San Martin S.J.","Godoy Cruz","German Delfino","1","2","A"
"76182","09-05-17 02:15","Argentina","Liga Profesional","2016/2017","Velez Sarsfield","Belgrano","Dario Herrera","1","2","A"
"76183","09-05-17 01:10","Argentina","Liga Profesional","2016/2017","Banfield","Sarmiento Junin","Pedro Arganaraz","2","0","H"
"76184","08-05-17 01:15","Argentina","Liga Profesional","2016/2017","Colon Santa Fe","Atl. Tucuman","Miguel Gonzalez Diaz","2","2","D"
"76185","08-05-17 01:15","Argentina","Liga Profesional","2016/2017","Newells Old Boys","Independiente","Fernando Espinoza","2","4","A"
"76186","07-05-17 23:15","Argentina","Liga Profesional","2016/2017","San Lorenzo","Rosario Central","Andres Merlos","2","1","H"
"76187","07-05-17 23:00","Argentina","Liga Profesional","2016/2017","Defensa y Justicia","Godoy Cruz","Nestor Pitana","0","0","D"
"76188","07-05-17 20:15","Argentina","Liga Profesional","2016/2017","Aldosivi","Huracan","Hernan Mastrangelo","0","3","A"
"76189","07-05-17 01:15","Argentina","Liga Profesional","2016/2017","Estudiantes L.P.","Boca Juniors","Silvio Trucco","0","0","D"
"76190","07-05-17 01:15","Argentina","Liga Profesional","2016/2017","River Plate","Temperley","Fernando Echenique","4","1","H"
"76191","07-05-17 00:00","Argentina","Liga Profesional","2016/2017","Atl. Rafaela","Union de Santa Fe","Nicolas Lamolina","3","0","H"
"76192","06-05-17 22:00","Argentina","Liga Profesional","2016/2017","Racing Club","Gimnasia L.P.","Facundo Raul Tello Figueroa","1","0","H"
"76193","06-05-17 21:00","Argentina","Liga Profesional","2016/2017","Patronato","Lanus","Patricio Loustau","0","2","A"
"76194","06-05-17 02:15","Argentina","Liga Profesional","2016/2017","Talleres Cordoba","Tigre","Federico Jose Beligoy","1","2","A"
"76195","06-05-17 02:00","Argentina","Liga Profesional","2016/2017","San Martin S.J.","Quilmes","Ariel Penel","1","0","H"
"76196","03-05-17 02:00","Argentina","Liga Profesional","2016/2017","Lanus","Velez Sarsfield","Fernando Espinoza","2","0","H"
"76197","02-05-17 21:30","Argentina","Liga Profesional","2016/2017","Belgrano","Defensa y Justicia","Nicolas Lamolina","0","1","A"
"76198","01-05-17 00:30","Argentina","Liga Profesional","2016/2017","Olimpo Bahia Blanca","Atl. Rafaela","Ariel Penel","1","2","A"
"76199","01-05-17 00:10","Argentina","Liga Profesional","2016/2017","Boca Juniors","Arsenal Sarandi","Dario Herrera","3","0","H"
"76200","30-04-17 22:00","Argentina","Liga Profesional","2016/2017","Rosario Central","Aldosivi","Patricio Loustau","2","0","H"
"76201","30-04-17 21:00","Argentina","Liga Profesional","2016/2017","Godoy Cruz","San Martin S.J.","Andres Merlos","0","0","D"
"76202","30-04-17 01:30","Argentina","Liga Profesional","2016/2017","Union de Santa Fe","Patronato","Diego Abal","0","0","D"
"76203","30-04-17 01:00","Argentina","Liga Profesional","2016/2017","Temperley","Racing Club","Mauro Vigliano","3","0","H"
"76204","29-04-17 23:20","Argentina","Liga Profesional","2016/2017","Tigre","Banfield","Facundo Raul Tello Figueroa","0","1","A"
"76205","29-04-17 21:10","Argentina","Liga Profesional","2016/2017","Sarmiento Junin","Colon Santa Fe","Fernando Rapallini","0","4","A"
"76206","29-04-17 21:00","Argentina","Liga Profesional","2016/2017","Gimnasia L.P.","San Lorenzo","Nestor Pitana","0","1","A"
"76207","29-04-17 21:00","Argentina","Liga Profesional","2016/2017","Huracan","Newells Old Boys","Hector Paletta","0","1","A"
"76208","29-04-17 02:15","Argentina","Liga Profesional","2016/2017","Independiente","Estudiantes L.P.","Jorge Balino","2","2","D"
"76209","29-04-17 00:00","Argentina","Liga Profesional","2016/2017","Quilmes","Talleres Cordoba","German Delfino","1","0","H"
"76210","25-04-17 02:15","Argentina","Liga Profesional","2016/2017","Colon Santa Fe","Tigre","Hernan Mastrangelo","2","1","H"
"76211","25-04-17 00:00","Argentina","Liga Profesional","2016/2017","Patronato","Olimpo Bahia Blanca","Mauro Vigliano","3","4","A"
"76212","24-04-17 01:15","Argentina","Liga Profesional","2016/2017","Arsenal Sarandi","Independiente","Patricio Loustau","0","2","A"
"76213","24-04-17 00:30","Argentina","Liga Profesional","2016/2017","Talleres Cordoba","Godoy Cruz","Jorge Balino","1","0","H"
"76214","23-04-17 23:15","Argentina","Liga Profesional","2016/2017","River Plate","Sarmiento Junin","Fernando Espinoza","1","1","D"
"76215","23-04-17 22:00","Argentina","Liga Profesional","2016/2017","San Martin S.J.","Belgrano","Nestor Pitana","2","1","H"
"76216","23-04-17 21:15","Argentina","Liga Profesional","2016/2017","Atl. Rafaela","Boca Juniors","Facundo Raul Tello Figueroa","0","0","D"
"76217","23-04-17 20:15","Argentina","Liga Profesional","2016/2017","Estudiantes L.P.","Huracan","Nicolas Lamolina","1","1","D"
"76218","23-04-17 01:30","Argentina","Liga Profesional","2016/2017","Rosario Central","Gimnasia L.P.","Fernando Echenique","2","1","H"
"76219","22-04-17 23:20","Argentina","Liga Profesional","2016/2017","Velez Sarsfield","Union de Santa Fe","German Delfino","2","1","H"
"76220","22-04-17 21:10","Argentina","Liga Profesional","2016/2017","Banfield","Quilmes","Dario Herrera","2","0","H"
"76221","22-04-17 21:10","Argentina","Liga Profesional","2016/2017","Defensa y Justicia","Lanus","Miguel Gonzalez Diaz","1","0","H"
"76222","22-04-17 21:00","Argentina","Liga Profesional","2016/2017","Racing Club","Atl. Tucuman","Silvio Trucco","4","3","H"
"76223","22-04-17 19:00","Argentina","Liga Profesional","2016/2017","Aldosivi","Newells Old Boys","Pedro Arganaraz","0","3","A"
"76224","22-04-17 02:15","Argentina","Liga Profesional","2016/2017","San Lorenzo","Temperley","Fernando Rapallini","0","1","A"
"76225","20-04-17 02:15","Argentina","Liga Profesional","2016/2017","Talleres Cordoba","Independiente","Ariel Penel","0","2","A"
"76226","20-04-17 00:30","Argentina","Liga Profesional","2016/2017","Racing Club","Tigre","Pedro Arganaraz","4","1","H"
"76227","18-04-17 02:15","Argentina","Liga Profesional","2016/2017","Gimnasia L.P.","Aldosivi","Andres Merlos","1","0","H"
"76228","18-04-17 00:00","Argentina","Liga Profesional","2016/2017","Temperley","Rosario Central","Silvio Trucco","1","2","A"
"76229","17-04-17 01:30","Argentina","Liga Profesional","2016/2017","Union de Santa Fe","Defensa y Justicia","Hector Paletta","0","2","A"
"76230","17-04-17 01:15","Argentina","Liga Profesional","2016/2017","Tigre","River Plate","Jorge Balino","0","2","A"
"76231","16-04-17 23:20","Argentina","Liga Profesional","2016/2017","Quilmes","Colon Santa Fe","Mauro Vigliano","0","1","A"
"76232","16-04-17 23:15","Argentina","Liga Profesional","2016/2017","Boca Juniors","Patronato","German Delfino","1","1","D"
"76233","16-04-17 21:15","Argentina","Liga Profesional","2016/2017","Atl. Tucuman","San Lorenzo","Miguel Gonzalez Diaz","1","0","H"
"76234","16-04-17 21:00","Argentina","Liga Profesional","2016/2017","Godoy Cruz","Banfield","Diego Abal","3","1","H"
"76235","16-04-17 01:00","Argentina","Liga Profesional","2016/2017","Sarmiento Junin","Racing Club","Patricio Loustau","1","2","A"
"76236","16-04-17 00:00","Argentina","Liga Profesional","2016/2017","Olimpo Bahia Blanca","Velez Sarsfield","Dario Herrera","0","1","A"
"76237","15-04-17 23:00","Argentina","Liga Profesional","2016/2017","Independiente","Atl. Rafaela","Nestor Pitana","1","1","D"
"76238","15-04-17 21:00","Argentina","Liga Profesional","2016/2017","Belgrano","Talleres Cordoba","Facundo Raul Tello Figueroa","1","1","D"
"76239","15-04-17 16:00","Argentina","Liga Profesional","2016/2017","Newells Old Boys","Estudiantes L.P.","Fernando Espinoza","0","0","D"
"76240","15-04-17 02:15","Argentina","Liga Profesional","2016/2017","Lanus","San Martin S.J.","Fernando Echenique","0","0","D"
"76241","15-04-17 00:00","Argentina","Liga Profesional","2016/2017","Huracan","Arsenal Sarandi","Fernando Rapallini","1","2","A"
"76242","11-04-17 02:15","Argentina","Liga Profesional","2016/2017","Gimnasia L.P.","Temperley","Nicolas Lamolina","1","1","D"
"76243","11-04-17 00:00","Argentina","Liga Profesional","2016/2017","Defensa y Justicia","Olimpo Bahia Blanca","Silvio Trucco","1","1","D"
"76244","10-04-17 01:15","Argentina","Liga Profesional","2016/2017","Velez Sarsfield","Boca Juniors","Patricio Loustau","1","3","A"
"76245","09-04-17 23:15","Argentina","Liga Profesional","2016/2017","River Plate","Quilmes","Fernando Rapallini","2","0","H"
"76246","09-04-17 22:00","Argentina","Liga Profesional","2016/2017","San Martin S.J.","Union de Santa Fe","Hernan Mastrangelo","0","0","D"
"76247","09-04-17 21:15","Argentina","Liga Profesional","2016/2017","Patronato","Independiente","Juan Pablo Pompei","0","5","A"
"76248","09-04-17 19:00","Argentina","Liga Profesional","2016/2017","Banfield","Belgrano","Andres Merlos","2","0","H"
"76249","09-04-17 00:30","Argentina","Liga Profesional","2016/2017","Talleres Cordoba","Lanus","Fernando Espinoza","3","1","H"
"76250","08-04-17 22:15","Argentina","Liga Profesional","2016/2017","Atl. Rafaela","Huracan","Ariel Penel","1","1","D"
"76251","08-04-17 21:00","Argentina","Liga Profesional","2016/2017","San Lorenzo","Sarmiento Junin","Fernando Echenique","1","0","H"
"76252","08-04-17 19:00","Argentina","Liga Profesional","2016/2017","Arsenal Sarandi","Newells Old Boys","Miguel Gonzalez Diaz","0","1","A"
"76253","08-04-17 02:15","Argentina","Liga Profesional","2016/2017","Colon Santa Fe","Godoy Cruz","Dario Herrera","1","0","H"
"76254","08-04-17 02:15","Argentina","Liga Profesional","2016/2017","Rosario Central","Atl. Tucuman","German Delfino","2","1","H"
"76255","08-04-17 00:00","Argentina","Liga Profesional","2016/2017","Aldosivi","Estudiantes L.P.","Facundo Raul Tello Figueroa","1","4","A"
"76256","04-04-17 02:15","Argentina","Liga Profesional","2016/2017","Union de Santa Fe","Talleres Cordoba","Diego Abal","4","2","H"
"76257","04-04-17 00:00","Argentina","Liga Profesional","2016/2017","Olimpo Bahia Blanca","San Martin S.J.","Andres Merlos","0","0","D"
"76258","03-04-17 01:15","Argentina","Liga Profesional","2016/2017","Godoy Cruz","River Plate","Patricio Loustau","1","2","A"
"76259","03-04-17 00:30","Argentina","Liga Profesional","2016/2017","Huracan","Patronato","Federico Jose Beligoy","0","0","D"
"76260","02-04-17 23:15","Argentina","Liga Profesional","2016/2017","Tigre","San Lorenzo","German Delfino","4","3","H"
"76261","02-04-17 22:15","Argentina","Liga Profesional","2016/2017","Sarmiento Junin","Rosario Central","Jorge Balino","2","2","D"
"76262","02-04-17 21:15","Argentina","Liga Profesional","2016/2017","Lanus","Banfield","Pedro Arganaraz","4","2","H"
"76263","02-04-17 20:00","Argentina","Liga Profesional","2016/2017","Estudiantes L.P.","Arsenal Sarandi","Ariel Penel","2","0","H"
"76264","02-04-17 01:00","Argentina","Liga Profesional","2016/2017","Boca Juniors","Defensa y Justicia","Juan Pablo Pompei","1","0","H"
"76265","02-04-17 00:15","Argentina","Liga Profesional","2016/2017","Belgrano","Colon Santa Fe","Silvio Trucco","0","1","A"
"76266","01-04-17 23:00","Argentina","Liga Profesional","2016/2017","Quilmes","Racing Club","Hector Paletta","2","3","A"
"76267","01-04-17 22:00","Argentina","Liga Profesional","2016/2017","Temperley","Aldosivi","Fernando Echenique","1","0","H"
"76268","01-04-17 21:00","Argentina","Liga Profesional","2016/2017","Newells Old Boys","Atl. Rafaela","Fernando Rapallini","1","0","H"
"76269","01-04-17 02:15","Argentina","Liga Profesional","2016/2017","Independiente","Velez Sarsfield","Nicolas Lamolina","1","1","D"
"76270","01-04-17 02:00","Argentina","Liga Profesional","2016/2017","Atl. Tucuman","Gimnasia L.P.","Facundo Raul Tello Figueroa","0","1","A"
"76271","28-03-17 02:15","Argentina","Liga Profesional","2016/2017","Talleres Cordoba","Olimpo Bahia Blanca","Fernando Echenique","1","0","H"
"76272","28-03-17 00:00","Argentina","Liga Profesional","2016/2017","Velez Sarsfield","Huracan","Hernan Mastrangelo","1","1","D"
"76273","27-03-17 01:40","Argentina","Liga Profesional","2016/2017","Aldosivi","Arsenal Sarandi","Diego Abal","2","1","H"
"76274","26-03-17 23:30","Argentina","Liga Profesional","2016/2017","River Plate","Belgrano","Nicolas Lamolina","2","1","H"
"76275","26-03-17 23:30","Argentina","Liga Profesional","2016/2017","Temperley","Atl. Tucuman","Juan Pablo Pompei","2","2","D"
"76276","26-03-17 21:30","Argentina","Liga Profesional","2016/2017","San Martin S.J.","Boca Juniors","Fernando Espinoza","1","2","A"
"76277","26-03-17 21:00","Argentina","Liga Profesional","2016/2017","Colon Santa Fe","Lanus","Facundo Raul Tello Figueroa","1","0","H"
"76278","26-03-17 00:30","Argentina","Liga Profesional","2016/2017","Atl. Rafaela","Estudiantes L.P.","Jorge Balino","2","2","D"
"76279","26-03-17 00:00","Argentina","Liga Profesional","2016/2017","Racing Club","Godoy Cruz","Federico Jose Beligoy","2","1","H"
"76280","25-03-17 22:15","Argentina","Liga Profesional","2016/2017","Gimnasia L.P.","Sarmiento Junin","Miguel Gonzalez Diaz","1","0","H"
"76281","25-03-17 22:00","Argentina","Liga Profesional","2016/2017","San Lorenzo","Quilmes","Pedro Arganaraz","3","0","H"
"76282","25-03-17 20:00","Argentina","Liga Profesional","2016/2017","Banfield","Union de Santa Fe","Mauro Vigliano","3","1","H"
"76283","25-03-17 20:00","Argentina","Liga Profesional","2016/2017","Rosario Central","Tigre","Andres Merlos","1","0","H"
"76284","25-03-17 01:00","Argentina","Liga Profesional","2016/2017","Patronato","Newells Old Boys","Dario Herrera","1","1","D"
"76285","22-03-17 01:15","Argentina","Liga Profesional","2016/2017","Lanus","River Plate","Federico Jose Beligoy","1","3","A"
"76286","21-03-17 01:15","Argentina","Liga Profesional","2016/2017","Atl. Tucuman","Aldosivi","Nicolas Lamolina","0","0","D"
"76287","20-03-17 23:00","Argentina","Liga Profesional","2016/2017","Arsenal Sarandi","Atl. Rafaela","Fernando Echenique","1","2","A"
"76288","19-03-17 23:30","Argentina","Liga Profesional","2016/2017","Boca Juniors","Talleres Cordoba","Ariel Penel","1","2","A"
"76289","19-03-17 23:20","Argentina","Liga Profesional","2016/2017","Olimpo Bahia Blanca","Banfield","Nestor Pitana","1","0","H"
"76290","19-03-17 21:15","Argentina","Liga Profesional","2016/2017","Estudiantes L.P.","Patronato","Hector Paletta","1","0","H"
"76291","19-03-17 21:15","Argentina","Liga Profesional","2016/2017","Godoy Cruz","San Lorenzo","Facundo Raul Tello Figueroa","2","0","H"
"76292","19-03-17 21:10","Argentina","Liga Profesional","2016/2017","Sarmiento Junin","Temperley","Andres Merlos","2","1","H"
"76293","19-03-17 19:00","Argentina","Liga Profesional","2016/2017","Belgrano","Racing Club","Juan Pablo Pompei","2","0","H"
"76294","19-03-17 00:30","Argentina","Liga Profesional","2016/2017","Huracan","Defensa y Justicia","Diego Abal","2","0","H"
"76295","18-03-17 23:30","Argentina","Liga Profesional","2016/2017","Independiente","San Martin S.J.","Silvio Trucco","0","0","D"
"76296","18-03-17 22:15","Argentina","Liga Profesional","2016/2017","Tigre","Gimnasia L.P.","Dario Herrera","0","1","A"
"76297","18-03-17 21:00","Argentina","Liga Profesional","2016/2017","Newells Old Boys","Velez Sarsfield","German Delfino","3","0","H"
"76298","18-03-17 20:00","Argentina","Liga Profesional","2016/2017","Union de Santa Fe","Colon Santa Fe","Patricio Loustau","0","2","A"
"76299","18-03-17 01:00","Argentina","Liga Profesional","2016/2017","Quilmes","Rosario Central","Miguel Gonzalez Diaz","0","1","A"
"76300","14-03-17 01:15","Argentina","Liga Profesional","2016/2017","Colon Santa Fe","Olimpo Bahia Blanca","Nicolas Lamolina","1","1","D"
"76301","13-03-17 23:00","Argentina","Liga Profesional","2016/2017","Aldosivi","Atl. Rafaela","Federico Jose Beligoy","1","0","H"
"76302","13-03-17 01:20","Argentina","Liga Profesional","2016/2017","Atl. Tucuman","Sarmiento Junin","Ariel Penel","2","1","H"
"76303","12-03-17 23:10","Argentina","Liga Profesional","2016/2017","River Plate","Union de Santa Fe","German Delfino","0","0","D"
"76304","12-03-17 23:10","Argentina","Liga Profesional","2016/2017","Rosario Central","Godoy Cruz","Diego Abal","0","1","A"
"76305","12-03-17 21:00","Argentina","Liga Profesional","2016/2017","Gimnasia L.P.","Quilmes","Fernando Espinoza","3","1","H"
"76306","12-03-17 21:00","Argentina","Liga Profesional","2016/2017","Racing Club","Lanus","Fernando Rapallini","3","0","H"
"76307","12-03-17 21:00","Argentina","Liga Profesional","2016/2017","Temperley","Tigre","Silvio Trucco","3","1","H"
"76308","12-03-17 00:00","Argentina","Liga Profesional","2016/2017","San Martin S.J.","Huracan","Nestor Pitana","0","1","A"
"76309","11-03-17 23:10","Argentina","Liga Profesional","2016/2017","Banfield","Boca Juniors","Dario Herrera","0","2","A"
"76310","11-03-17 21:00","Argentina","Liga Profesional","2016/2017","Defensa y Justicia","Newells Old Boys","Mauro Vigliano","1","0","H"
"76311","11-03-17 21:00","Argentina","Liga Profesional","2016/2017","San Lorenzo","Belgrano","Patricio Loustau","2","1","H"
"76312","11-03-17 01:00","Argentina","Liga Profesional","2016/2017","Patronato","Arsenal Sarandi","Facundo Raul Tello Figueroa","4","2","H"
"76313","10-03-17 01:00","Argentina","Liga Profesional","2016/2017","Velez Sarsfield","Estudiantes L.P.","Andres Merlos","3","2","H"
"76314","20-12-16 01:15","Argentina","Liga Profesional","2016/2017","Tigre","Atl. Tucuman","Diego Abal","0","0","D"
"76315","19-12-16 23:00","Argentina","Liga Profesional","2016/2017","Quilmes","Temperley","Fernando Echenique","1","0","H"
"76316","19-12-16 00:00","Argentina","Liga Profesional","2016/2017","Olimpo Bahia Blanca","River Plate","Jorge Balino","1","2","A"
"76317","18-12-16 23:30","Argentina","Liga Profesional","2016/2017","Newells Old Boys","San Martin S.J.","Ramiro Lopez","6","1","H"
"76318","18-12-16 22:30","Argentina","Liga Profesional","2016/2017","Boca Juniors","Colon Santa Fe","Saul Laverni","4","1","H"
"76319","18-12-16 22:00","Argentina","Liga Profesional","2016/2017","Arsenal Sarandi","Velez Sarsfield","Mario Ejarque","2","1","H"
"76320","18-12-16 21:00","Argentina","Liga Profesional","2016/2017","Belgrano","Rosario Central","Facundo Raul Tello Figueroa","0","2","A"
"76321","18-12-16 21:00","Argentina","Liga Profesional","2016/2017","Lanus","San Lorenzo","Mauro Vigliano","2","2","D"
"76322","18-12-16 00:00","Argentina","Liga Profesional","2016/2017","Independiente","Banfield","Fernando Espinoza","0","1","A"
"76323","17-12-16 23:30","Argentina","Liga Profesional","2016/2017","Atl. Rafaela","Patronato","Ariel Penel","3","0","H"
"76324","17-12-16 22:15","Argentina","Liga Profesional","2016/2017","Union de Santa Fe","Racing Club","Nicolas Lamolina","1","0","H"
"76325","17-12-16 21:00","Argentina","Liga Profesional","2016/2017","Estudiantes L.P.","Defensa y Justicia","Miguel Gonzalez Diaz","1","2","A"
"76326","17-12-16 21:00","Argentina","Liga Profesional","2016/2017","Sarmiento Junin","Aldosivi","Fernando Rapallini","0","2","A"
"76327","17-12-16 01:15","Argentina","Liga Profesional","2016/2017","Godoy Cruz","Gimnasia L.P.","Nestor Pitana","0","3","A"
"76328","16-12-16 23:00","Argentina","Liga Profesional","2016/2017","Huracan","Talleres Cordoba","Federico Jose Beligoy","1","0","H"
"76329","13-12-16 01:15","Argentina","Liga Profesional","2016/2017","Defensa y Justicia","Arsenal Sarandi","Juan Pablo Pompei","2","0","H"
"76330","12-12-16 01:15","Argentina","Liga Profesional","2016/2017","Atl. Tucuman","Quilmes","Andres Merlos","3","0","H"
"76331","12-12-16 00:00","Argentina","Liga Profesional","2016/2017","Rosario Central","Lanus","Nicolas Lamolina","1","2","A"
"76332","11-12-16 23:15","Argentina","Liga Profesional","2016/2017","Colon Santa Fe","Independiente","Facundo Raul Tello Figueroa","0","2","A"
"76333","11-12-16 23:00","Argentina","Liga Profesional","2016/2017","Banfield","Huracan","Jorge Balino","1","0","H"
"76334","11-12-16 23:00","Argentina","Liga Profesional","2016/2017","San Martin S.J.","Estudiantes L.P.","Federico Jose Beligoy","3","2","H"
"76335","11-12-16 21:00","Argentina","Liga Profesional","2016/2017","River Plate","Boca Juniors","Diego Abal","2","4","A"
"76336","11-12-16 00:00","Argentina","Liga Profesional","2016/2017","Racing Club","Olimpo Bahia Blanca","Fernando Espinoza","0","2","A"
"76337","10-12-16 23:15","Argentina","Liga Profesional","2016/2017","Gimnasia L.P.","Belgrano","Fernando Echenique","1","1","D"
"76338","10-12-16 21:00","Argentina","Liga Profesional","2016/2017","San Lorenzo","Union de Santa Fe","Saul Laverni","3","2","H"
"76339","10-12-16 21:00","Argentina","Liga Profesional","2016/2017","Talleres Cordoba","Newells Old Boys","Fernando Rapallini","1","1","D"
"76340","10-12-16 21:00","Argentina","Liga Profesional","2016/2017","Velez Sarsfield","Atl. Rafaela","Mauro Vigliano","2","0","H"
"76341","10-12-16 01:15","Argentina","Liga Profesional","2016/2017","Temperley","Godoy Cruz","Dario Herrera","1","0","H"
"76342","09-12-16 23:10","Argentina","Liga Profesional","2016/2017","Sarmiento Junin","Tigre","Nestor Pitana","2","0","H"
"76343","09-12-16 21:00","Argentina","Liga Profesional","2016/2017","Aldosivi","Patronato","Patricio Loustau","1","1","D"
"76344","06-12-16 01:15","Argentina","Liga Profesional","2016/2017","Lanus","Gimnasia L.P.","Diego Abal","1","0","H"
"76345","05-12-16 23:00","Argentina","Liga Profesional","2016/2017","Arsenal Sarandi","San Martin S.J.","Pedro Arganaraz","0","0","D"
"76346","05-12-16 00:10","Argentina","Liga Profesional","2016/2017","Independiente","River Plate","Mauro Vigliano","1","0","H"
"76347","04-12-16 23:15","Argentina","Liga Profesional","2016/2017","Belgrano","Temperley","Ariel Penel","0","0","D"
"76348","04-12-16 22:00","Argentina","Liga Profesional","2016/2017","Boca Juniors","Racing Club","Patricio Loustau","4","2","H"
"76349","04-12-16 22:00","Argentina","Liga Profesional","2016/2017","Patronato","Velez Sarsfield","German Delfino","0","0","D"
"76350","04-12-16 21:00","Argentina","Liga Profesional","2016/2017","Estudiantes L.P.","Talleres Cordoba","Dario Herrera","0","0","D"
"76351","04-12-16 21:00","Argentina","Liga Profesional","2016/2017","Union de Santa Fe","Rosario Central","Juan Pablo Pompei","2","0","H"
"76352","04-12-16 00:00","Argentina","Liga Profesional","2016/2017","Godoy Cruz","Atl. Tucuman","Fernando Rapallini","1","2","A"
"76353","04-12-16 00:00","Argentina","Liga Profesional","2016/2017","Olimpo Bahia Blanca","San Lorenzo","Fernando Echenique","1","2","A"
"76354","03-12-16 22:00","Argentina","Liga Profesional","2016/2017","Newells Old Boys","Banfield","Nestor Pitana","0","2","A"
"76355","03-12-16 22:00","Argentina","Liga Profesional","2016/2017","Tigre","Aldosivi","Jorge Balino","1","1","D"
"76356","03-12-16 21:45","Argentina","Liga Profesional","2016/2017","Atl. Rafaela","Defensa y Justicia","Fernando Espinoza","0","1","A"
"76357","03-12-16 21:00","Argentina","Liga Profesional","2016/2017","Huracan","Colon Santa Fe","Hector Paletta","1","3","A"
"76358","03-12-16 01:15","Argentina","Liga Profesional","2016/2017","Quilmes","Sarmiento Junin","Silvio Trucco","1","3","A"
"76359","29-11-16 01:20","Argentina","Liga Profesional","2016/2017","San Martin S.J.","Atl. Rafaela","Facundo Raul Tello Figueroa","0","3","A"
"76360","28-11-16 23:10","Argentina","Liga Profesional","2016/2017","Gimnasia L.P.","Union de Santa Fe","Patricio Loustau","1","1","D"
"76361","28-11-16 21:00","Argentina","Liga Profesional","2016/2017","Defensa y Justicia","Patronato","Nestor Pitana","1","2","A"
"76362","28-11-16 00:00","Argentina","Liga Profesional","2016/2017","Racing Club","Independiente","Diego Abal","3","0","H"
"76363","27-11-16 22:30","Argentina","Liga Profesional","2016/2017","San Lorenzo","Boca Juniors","Fernando Espinoza","1","2","A"
"76364","27-11-16 22:00","Argentina","Liga Profesional","2016/2017","Sarmiento Junin","Godoy Cruz","Jorge Balino","2","2","D"
"76365","27-11-16 21:00","Argentina","Liga Profesional","2016/2017","Aldosivi","Velez Sarsfield","Silvio Trucco","0","0","D"
"76366","27-11-16 21:00","Argentina","Liga Profesional","2016/2017","River Plate","Huracan","Fernando Rapallini","1","0","H"
"76367","27-11-16 00:00","Argentina","Liga Profesional","2016/2017","Atl. Tucuman","Belgrano","Miguel Gonzalez Diaz","0","0","D"
"76368","27-11-16 00:00","Argentina","Liga Profesional","2016/2017","Rosario Central","Olimpo Bahia Blanca","Hector Paletta","1","1","D"
"76369","26-11-16 22:30","Argentina","Liga Profesional","2016/2017","Banfield","Estudiantes L.P.","Juan Pablo Pompei","3","2","H"
"76370","26-11-16 21:00","Argentina","Liga Profesional","2016/2017","Colon Santa Fe","Newells Old Boys","Fernando Echenique","1","2","A"
"76371","26-11-16 21:00","Argentina","Liga Profesional","2016/2017","Tigre","Quilmes","Saul Laverni","3","0","H"
"76372","26-11-16 01:15","Argentina","Liga Profesional","2016/2017","Talleres Cordoba","Arsenal Sarandi","Nicolas Lamolina","0","0","D"
"76373","25-11-16 23:00","Argentina","Liga Profesional","2016/2017","Temperley","Lanus","German Delfino","1","3","A"
"76374","22-11-16 01:15","Argentina","Liga Profesional","2016/2017","Patronato","San Martin S.J.","Ariel Penel","3","0","H"
"76375","21-11-16 23:00","Argentina","Liga Profesional","2016/2017","Olimpo Bahia Blanca","Gimnasia L.P.","German Delfino","0","0","D"
"76376","21-11-16 00:00","Argentina","Liga Profesional","2016/2017","Newells Old Boys","River Plate","Silvio Trucco","1","0","H"
"76377","20-11-16 23:15","Argentina","Liga Profesional","2016/2017","Atl. Rafaela","Talleres Cordoba","Federico Jose Beligoy","0","1","A"
"76378","20-11-16 22:30","Argentina","Liga Profesional","2016/2017","Boca Juniors","Rosario Central","Dario Herrera","1","1","D"
"76379","20-11-16 21:00","Argentina","Liga Profesional","2016/2017","Belgrano","Sarmiento Junin","Fernando Rapallini","1","2","A"
"76380","20-11-16 21:00","Argentina","Liga Profesional","2016/2017","Independiente","San Lorenzo","Jorge Balino","1","2","A"
"76381","20-11-16 21:00","Argentina","Liga Profesional","2016/2017","Quilmes","Aldosivi","Nestor Pitana","1","0","H"
"76382","20-11-16 00:00","Argentina","Liga Profesional","2016/2017","Huracan","Racing Club","Mauro Vigliano","1","1","D"
"76383","19-11-16 22:00","Argentina","Liga Profesional","2016/2017","Godoy Cruz","Tigre","Andres Merlos","2","1","H"
"76384","19-11-16 22:00","Argentina","Liga Profesional","2016/2017","Lanus","Atl. Tucuman","Juan Pablo Pompei","1","0","H"
"76385","19-11-16 22:00","Argentina","Liga Profesional","2016/2017","Union de Santa Fe","Temperley","Fernando Espinoza","2","1","H"
"76386","19-11-16 21:00","Argentina","Liga Profesional","2016/2017","Estudiantes L.P.","Colon Santa Fe","Patricio Loustau","1","0","H"
"76387","19-11-16 01:15","Argentina","Liga Profesional","2016/2017","Arsenal Sarandi","Banfield","Diego Abal","1","3","A"
"76388","13-11-16 20:00","Argentina","Liga Profesional","2016/2017","Velez Sarsfield","Defensa y Justicia","Fernando Echenique","2","1","H"
"76389","09-11-16 01:00","Argentina","Liga Profesional","2016/2017","Atl. Tucuman","Union de Santa Fe","Nicolas Lamolina","1","1","D"
"76390","07-11-16 23:00","Argentina","Liga Profesional","2016/2017","Aldosivi","Defensa y Justicia","Andres Merlos","0","0","D"
"76391","07-11-16 00:00","Argentina","Liga Profesional","2016/2017","Gimnasia L.P.","Boca Juniors","Jorge Balino","0","3","A"
"76392","06-11-16 22:15","Argentina","Liga Profesional","2016/2017","Rosario Central","Independiente","Facundo Raul Tello Figueroa","0","0","D"
"76393","06-11-16 22:00","Argentina","Liga Profesional","2016/2017","Talleres Cordoba","Patronato","Fernando Espinoza","1","0","H"
"76394","06-11-16 20:00","Argentina","Liga Profesional","2016/2017","San Lorenzo","Huracan","Dario Herrera","2","0","H"
"76395","06-11-16 20:00","Argentina","Liga Profesional","2016/2017","Tigre","Belgrano","Patricio Loustau","2","1","H"
"76396","06-11-16 18:00","Argentina","Liga Profesional","2016/2017","Banfield","Atl. Rafaela","Fernando Rapallini","1","1","D"
"76397","05-11-16 23:15","Argentina","Liga Profesional","2016/2017","San Martin S.J.","Velez Sarsfield","Mauro Vigliano","2","0","H"
"76398","05-11-16 22:00","Argentina","Liga Profesional","2016/2017","Racing Club","Newells Old Boys","German Delfino","2","1","H"
"76399","05-11-16 21:00","Argentina","Liga Profesional","2016/2017","Colon Santa Fe","Arsenal Sarandi","Saul Laverni","1","0","H"
"76400","05-11-16 20:15","Argentina","Liga Profesional","2016/2017","Sarmiento Junin","Lanus","Nestor Pitana","1","2","A"
"76401","05-11-16 20:00","Argentina","Liga Profesional","2016/2017","River Plate","Estudiantes L.P.","Diego Abal","1","1","D"
"76402","05-11-16 18:00","Argentina","Liga Profesional","2016/2017","Quilmes","Godoy Cruz","Silvio Trucco","1","0","H"
"76403","05-11-16 01:15","Argentina","Liga Profesional","2016/2017","Temperley","Olimpo Bahia Blanca","Fernando Echenique","0","0","D"
"76404","01-11-16 01:15","Argentina","Liga Profesional","2016/2017","Union de Santa Fe","Sarmiento Junin","Mauro Vigliano","1","0","H"
"76405","31-10-16 23:00","Argentina","Liga Profesional","2016/2017","Defensa y Justicia","San Martin S.J.","Diego Abal","0","0","D"
"76406","31-10-16 00:00","Argentina","Liga Profesional","2016/2017","Arsenal Sarandi","River Plate","Jorge Balino","2","2","D"
"76407","30-10-16 22:00","Argentina","Liga Profesional","2016/2017","Atl. Rafaela","Colon Santa Fe","Nestor Pitana","0","2","A"
"76408","30-10-16 20:00","Argentina","Liga Profesional","2016/2017","Newells Old Boys","San Lorenzo","Fernando Espinoza","2","2","D"
"76409","30-10-16 19:00","Argentina","Liga Profesional","2016/2017","Godoy Cruz","Aldosivi","Patricio Loustau","3","1","H"
"76410","30-10-16 18:00","Argentina","Liga Profesional","2016/2017","Lanus","Tigre","Fernando Echenique","1","1","D"
"76411","30-10-16 01:00","Argentina","Liga Profesional","2016/2017","Estudiantes L.P.","Racing Club","Federico Jose Beligoy","2","1","H"
"76412","29-10-16 23:15","Argentina","Liga Profesional","2016/2017","Huracan","Rosario Central","Hector Paletta","1","1","D"
"76413","29-10-16 23:00","Argentina","Liga Profesional","2016/2017","Independiente","Gimnasia L.P.","Silvio Trucco","0","0","D"
"76414","29-10-16 21:00","Argentina","Liga Profesional","2016/2017","Belgrano","Quilmes","Miguel Gonzalez Diaz","0","0","D"
"76415","29-10-16 21:00","Argentina","Liga Profesional","2016/2017","Boca Juniors","Temperley","Saul Laverni","4","0","H"
"76416","29-10-16 19:00","Argentina","Liga Profesional","2016/2017","Velez Sarsfield","Talleres Cordoba","German Delfino","0","2","A"
"76417","29-10-16 02:15","Argentina","Liga Profesional","2016/2017","Patronato","Banfield","Dario Herrera","2","0","H"
"76418","29-10-16 00:00","Argentina","Liga Profesional","2016/2017","Olimpo Bahia Blanca","Atl. Tucuman","Fernando Rapallini","2","1","H"
"76419","25-10-16 02:00","Argentina","Liga Profesional","2016/2017","Aldosivi","San Martin S.J.","Antonio Damato","1","2","A"
"76420","24-10-16 01:00","Argentina","Liga Profesional","2016/2017","Atl. Tucuman","Boca Juniors","Diego Abal","2","2","D"
"76421","23-10-16 23:00","Argentina","Liga Profesional","2016/2017","San Lorenzo","Estudiantes L.P.","Patricio Loustau","1","2","A"
"76422","23-10-16 21:00","Argentina","Liga Profesional","2016/2017","Banfield","Velez Sarsfield","Nestor Pitana","1","0","H"
"76423","23-10-16 21:00","Argentina","Liga Profesional","2016/2017","Rosario Central","Newells Old Boys","Mauro Vigliano","0","1","A"
"76424","23-10-16 21:00","Argentina","Liga Profesional","2016/2017","Tigre","Union de Santa Fe","Ariel Penel","3","1","H"
"76425","23-10-16 19:00","Argentina","Liga Profesional","2016/2017","Gimnasia L.P.","Huracan","Andres Merlos","1","0","H"
"76426","23-10-16 01:00","Argentina","Liga Profesional","2016/2017","River Plate","Atl. Rafaela","German Delfino","1","0","H"
"76427","22-10-16 23:00","Argentina","Liga Profesional","2016/2017","Racing Club","Arsenal Sarandi","Fernando Rapallini","1","0","H"
"76428","22-10-16 22:30","Argentina","Liga Profesional","2016/2017","Colon Santa Fe","Patronato","Juan Pablo Pompei","0","1","A"
"76429","22-10-16 21:00","Argentina","Liga Profesional","2016/2017","Temperley","Independiente","Dario Herrera","0","1","A"
"76430","22-10-16 20:15","Argentina","Liga Profesional","2016/2017","Godoy Cruz","Belgrano","Jorge Balino","2","0","H"
"76431","22-10-16 19:00","Argentina","Liga Profesional","2016/2017","Quilmes","Lanus","Facundo Raul Tello Figueroa","1","0","H"
"76432","22-10-16 02:15","Argentina","Liga Profesional","2016/2017","Talleres Cordoba","Defensa y Justicia","Pedro Arganaraz","2","0","H"
"76433","22-10-16 00:00","Argentina","Liga Profesional","2016/2017","Sarmiento Junin","Olimpo Bahia Blanca","Silvio Trucco","1","1","D"
"76434","18-10-16 02:00","Argentina","Liga Profesional","2016/2017","Union de Santa Fe","Quilmes","Fernando Rapallini","1","1","D"
"76435","17-10-16 01:00","Argentina","Liga Profesional","2016/2017","Patronato","River Plate","Mauro Vigliano","2","1","H"
"76436","16-10-16 23:00","Argentina","Liga Profesional","2016/2017","Arsenal Sarandi","San Lorenzo","Saul Laverni","1","3","A"
"76437","16-10-16 21:15","Argentina","Liga Profesional","2016/2017","Newells Old Boys","Gimnasia L.P.","Jorge Balino","1","0","H"
"76438","16-10-16 21:00","Argentina","Liga Profesional","2016/2017","Boca Juniors","Sarmiento Junin","Fernando Echenique","2","0","H"
"76439","16-10-16 21:00","Argentina","Liga Profesional","2016/2017","Olimpo Bahia Blanca","Tigre","Miguel Gonzalez Diaz","1","4","A"
"76440","16-10-16 19:00","Argentina","Liga Profesional","2016/2017","Lanus","Godoy Cruz","Federico Jose Beligoy","3","0","H"
"76441","16-10-16 01:00","Argentina","Liga Profesional","2016/2017","Independiente","Atl. Tucuman","German Delfino","0","2","A"
"76442","15-10-16 23:15","Argentina","Liga Profesional","2016/2017","San Martin S.J.","Talleres Cordoba","Patricio Loustau","1","3","A"
"76443","15-10-16 23:00","Argentina","Liga Profesional","2016/2017","Estudiantes L.P.","Rosario Central","Diego Abal","3","2","H"
"76444","15-10-16 21:00","Argentina","Liga Profesional","2016/2017","Atl. Rafaela","Racing Club","Dario Herrera","3","2","H"
"76445","15-10-16 21:00","Argentina","Liga Profesional","2016/2017","Huracan","Temperley","Silvio Trucco","1","2","A"
"76446","15-10-16 19:00","Argentina","Liga Profesional","2016/2017","Velez Sarsfield","Colon Santa Fe","Fernando Espinoza","2","1","H"
"76447","15-10-16 02:15","Argentina","Liga Profesional","2016/2017","Belgrano","Aldosivi","Nestor Pitana","0","0","D"
"76448","15-10-16 00:00","Argentina","Liga Profesional","2016/2017","Defensa y Justicia","Banfield","Nicolas Lamolina","1","0","H"
"76449","04-10-16 02:00","Argentina","Liga Profesional","2016/2017","Atl. Tucuman","Huracan","Jorge Balino","0","2","A"
"76450","03-10-16 01:00","Argentina","Liga Profesional","2016/2017","Tigre","Boca Juniors","Federico Jose Beligoy","1","1","D"
"76451","02-10-16 23:00","Argentina","Liga Profesional","2016/2017","Colon Santa Fe","Defensa y Justicia","Sergio Fabian Pezzotta","1","0","H"
"76452","02-10-16 23:00","Argentina","Liga Profesional","2016/2017","Sarmiento Junin","Independiente","Patricio Loustau","0","1","A"
"76453","02-10-16 21:15","Argentina","Liga Profesional","2016/2017","Banfield","San Martin S.J.","German Delfino","3","2","H"
"76454","02-10-16 21:00","Argentina","Liga Profesional","2016/2017","Gimnasia L.P.","Estudiantes L.P.","Dario Herrera","0","0","D"
"76455","02-10-16 19:10","Argentina","Liga Profesional","2016/2017","Belgrano","Lanus","Diego Abal","1","1","D"
"76456","02-10-16 19:00","Argentina","Liga Profesional","2016/2017","San Lorenzo","Atl. Rafaela","Mauro Vigliano","2","1","H"
"76457","02-10-16 01:00","Argentina","Liga Profesional","2016/2017","River Plate","Velez Sarsfield","Fernando Rapallini","3","0","H"
"76458","01-10-16 23:00","Argentina","Liga Profesional","2016/2017","Racing Club","Patronato","Saul Laverni","2","0","H"
"76459","01-10-16 21:45","Argentina","Liga Profesional","2016/2017","Temperley","Newells Old Boys","Facundo Raul Tello Figueroa","0","0","D"
"76460","01-10-16 19:30","Argentina","Liga Profesional","2016/2017","Aldosivi","Talleres Cordoba","Ariel Penel","2","1","H"
"76461","01-10-16 19:00","Argentina","Liga Profesional","2016/2017","Rosario Central","Arsenal Sarandi","Nestor Pitana","5","0","H"
"76462","01-10-16 02:15","Argentina","Liga Profesional","2016/2017","Godoy Cruz","Union de Santa Fe","Silvio Trucco","2","1","H"
"76463","01-10-16 00:00","Argentina","Liga Profesional","2016/2017","Quilmes","Olimpo Bahia Blanca","Fernando Espinoza","2","1","H"
"76464","27-09-16 02:15","Argentina","Liga Profesional","2016/2017","San Martin S.J.","Colon Santa Fe","Luis Alvarez","0","0","D"
"76465","27-09-16 00:00","Argentina","Liga Profesional","2016/2017","Arsenal Sarandi","Gimnasia L.P.","Silvio Trucco","2","2","D"
"76466","26-09-16 01:00","Argentina","Liga Profesional","2016/2017","Defensa y Justicia","River Plate","Diego Abal","3","3","D"
"76467","25-09-16 23:00","Argentina","Liga Profesional","2016/2017","Boca Juniors","Quilmes","Nestor Pitana","4","1","H"
"76468","25-09-16 23:00","Argentina","Liga Profesional","2016/2017","Lanus","Aldosivi","German Delfino","0","0","D"
"76469","25-09-16 21:00","Argentina","Liga Profesional","2016/2017","Patronato","San Lorenzo","Jorge Balino","1","1","D"
"76470","25-09-16 20:45","Argentina","Liga Profesional","2016/2017","Talleres Cordoba","Banfield","Juan Pablo Pompei","0","0","D"
"76471","25-09-16 20:00","Argentina","Liga Profesional","2016/2017","Union de Santa Fe","Belgrano","Dario Herrera","0","2","A"
"76472","25-09-16 19:00","Argentina","Liga Profesional","2016/2017","Estudiantes L.P.","Temperley","Federico Jose Beligoy","3","0","H"
"76473","25-09-16 01:15","Argentina","Liga Profesional","2016/2017","Huracan","Sarmiento Junin","Fernando Rapallini","0","0","D"
"76474","25-09-16 01:00","Argentina","Liga Profesional","2016/2017","Independiente","Tigre","Fernando Espinoza","1","1","D"
"76475","24-09-16 23:00","Argentina","Liga Profesional","2016/2017","Velez Sarsfield","Racing Club","Mauro Vigliano","0","3","A"
"76476","24-09-16 21:15","Argentina","Liga Profesional","2016/2017","Atl. Rafaela","Rosario Central","Miguel Gonzalez Diaz","0","0","D"
"76477","24-09-16 19:00","Argentina","Liga Profesional","2016/2017","Newells Old Boys","Atl. Tucuman","Ariel Penel","3","1","H"
"76478","24-09-16 02:15","Argentina","Liga Profesional","2016/2017","Olimpo Bahia Blanca","Godoy Cruz","Nicolas Lamolina","3","0","H"
"76479","20-09-16 02:15","Argentina","Liga Profesional","2016/2017","Gimnasia L.P.","Atl. Rafaela","Fernando Espinoza","0","1","A"
"76480","20-09-16 00:00","Argentina","Liga Profesional","2016/2017","Tigre","Huracan","Diego Abal","1","1","D"
"76481","19-09-16 01:00","Argentina","Liga Profesional","2016/2017","Racing Club","Defensa y Justicia","Nestor Pitana","1","1","D"
"76482","18-09-16 23:00","Argentina","Liga Profesional","2016/2017","River Plate","San Martin S.J.","Mauro Vigliano","1","1","D"
"76483","18-09-16 21:00","Argentina","Liga Profesional","2016/2017","Belgrano","Olimpo Bahia Blanca","Federico Jose Beligoy","0","0","D"
"76484","18-09-16 21:00","Argentina","Liga Profesional","2016/2017","Godoy Cruz","Boca Juniors","Patricio Loustau","1","1","D"
"76485","18-09-16 19:15","Argentina","Liga Profesional","2016/2017","Temperley","Arsenal Sarandi","Pedro Arganaraz","1","1","D"
"76486","18-09-16 19:00","Argentina","Liga Profesional","2016/2017","Atl. Tucuman","Estudiantes L.P.","Silvio Trucco","0","2","A"
"76487","18-09-16 01:15","Argentina","Liga Profesional","2016/2017","Sarmiento Junin","Newells Old Boys","German Delfino","1","1","D"
"76488","17-09-16 23:00","Argentina","Liga Profesional","2016/2017","Quilmes","Independiente","Miguel Gonzalez Diaz","1","1","D"
"76489","17-09-16 22:00","Argentina","Liga Profesional","2016/2017","Aldosivi","Banfield","Nicolas Lamolina","1","3","A"
"76490","17-09-16 21:15","Argentina","Liga Profesional","2016/2017","Rosario Central","Patronato","Fernando Rapallini","2","1","H"
"76491","17-09-16 21:00","Argentina","Liga Profesional","2016/2017","San Lorenzo","Velez Sarsfield","Dario Herrera","2","1","H"
"76492","17-09-16 19:00","Argentina","Liga Profesional","2016/2017","Lanus","Union de Santa Fe","Jorge Balino","0","1","A"
"76493","17-09-16 02:15","Argentina","Liga Profesional","2016/2017","Colon Santa Fe","Talleres Cordoba","Facundo Raul Tello Figueroa","1","0","H"
"76494","13-09-16 02:15","Argentina","Liga Profesional","2016/2017","Atl. Rafaela","Temperley","Mauro Vigliano","1","0","H"
"76495","13-09-16 00:00","Argentina","Liga Profesional","2016/2017","Arsenal Sarandi","Atl. Tucuman","Jorge Balino","1","3","A"
"76496","12-09-16 01:00","Argentina","Liga Profesional","2016/2017","Talleres Cordoba","River Plate","Nestor Pitana","0","1","A"
"76497","11-09-16 23:00","Argentina","Liga Profesional","2016/2017","Boca Juniors","Belgrano","German Delfino","3","0","H"
"76498","11-09-16 21:15","Argentina","Liga Profesional","2016/2017","Estudiantes L.P.","Sarmiento Junin","Diego Abal","1","0","H"
"76499","11-09-16 21:00","Argentina","Liga Profesional","2016/2017","Velez Sarsfield","Rosario Central","Fernando Echenique","2","0","H"
"76500","11-09-16 19:00","Argentina","Liga Profesional","2016/2017","Newells Old Boys","Tigre","Patricio Loustau","1","0","H"
"76501","11-09-16 01:00","Argentina","Liga Profesional","2016/2017","Independiente","Godoy Cruz","Dario Herrera","2","0","H"
"76502","10-09-16 23:00","Argentina","Liga Profesional","2016/2017","Defensa y Justicia","San Lorenzo","Juan Pablo Pompei","0","2","A"
"76503","10-09-16 22:00","Argentina","Liga Profesional","2016/2017","Union de Santa Fe","Aldosivi","Federico Jose Beligoy","0","0","D"
"76504","10-09-16 21:00","Argentina","Liga Profesional","2016/2017","San Martin S.J.","Racing Club","Fernando Rapallini","0","2","A"
"76505","10-09-16 19:45","Argentina","Liga Profesional","2016/2017","Banfield","Colon Santa Fe","Silvio Trucco","0","0","D"
"76506","10-09-16 19:00","Argentina","Liga Profesional","2016/2017","Olimpo Bahia Blanca","Lanus","Fernando Espinoza","0","0","D"
"76507","10-09-16 02:15","Argentina","Liga Profesional","2016/2017","Huracan","Quilmes","Hector Paletta","1","1","D"
"76508","10-09-16 00:00","Argentina","Liga Profesional","2016/2017","Patronato","Gimnasia L.P.","Saul Laverni","0","1","A"
"76509","30-08-16 02:15","Argentina","Liga Profesional","2016/2017","Temperley","Patronato","Fernando Espinoza","1","0","H"
"76510","30-08-16 00:00","Argentina","Liga Profesional","2016/2017","Aldosivi","Colon Santa Fe","German Delfino","0","2","A"
"76511","29-08-16 01:00","Argentina","Liga Profesional","2016/2017","Lanus","Boca Juniors","Diego Abal","1","0","H"
"76512","28-08-16 23:00","Argentina","Liga Profesional","2016/2017","River Plate","Banfield","Fernando Rapallini","4","1","H"
"76513","28-08-16 21:15","Argentina","Liga Profesional","2016/2017","Union de Santa Fe","Olimpo Bahia Blanca","Miguel Gonzalez Diaz","1","0","H"
"76514","28-08-16 21:00","Argentina","Liga Profesional","2016/2017","Belgrano","Independiente","Patricio Loustau","0","1","A"
"76515","28-08-16 19:10","Argentina","Liga Profesional","2016/2017","Quilmes","Newells Old Boys","Jorge Balino","0","1","A"
"76516","28-08-16 19:00","Argentina","Liga Profesional","2016/2017","Tigre","Estudiantes L.P.","Dario Herrera","0","3","A"
"76517","28-08-16 01:00","Argentina","Liga Profesional","2016/2017","San Lorenzo","San Martin S.J.","Nestor Pitana","2","2","D"
"76518","28-08-16 00:00","Argentina","Liga Profesional","2016/2017","Atl. Tucuman","Atl. Rafaela","Facundo Raul Tello Figueroa","1","0","H"
"76519","27-08-16 23:00","Argentina","Liga Profesional","2016/2017","Racing Club","Talleres Cordoba","Sergio Fabian Pezzotta","1","1","D"
"76520","27-08-16 21:00","Argentina","Liga Profesional","2016/2017","Rosario Central","Defensa y Justicia","Mauro Vigliano","0","0","D"
"76521","27-08-16 19:00","Argentina","Liga Profesional","2016/2017","Gimnasia L.P.","Velez Sarsfield","Silvio Trucco","2","0","H"
"76522","27-08-16 02:15","Argentina","Liga Profesional","2016/2017","Godoy Cruz","Huracan","Federico Jose Beligoy","1","0","H"
"76523","27-08-16 00:00","Argentina","Liga Profesional","2016/2017","Sarmiento Junin","Arsenal Sarandi","Ariel Penel","1","0","H"
"75833","29-05-16 21:15","Argentina","Liga Profesional","2016","San Lorenzo","Lanus","Dario Herrera","0","4","A"
"75834","28-05-16 22:00","Argentina","Liga Profesional","2016","Godoy Cruz","Estudiantes L.P.","Silvio Trucco","0","1","A"
"75835","24-05-16 02:15","Argentina","Liga Profesional","2016","Gimnasia L.P.","Colon Santa Fe","Sergio Fabian Pezzotta","3","0","H"
"75836","24-05-16 00:00","Argentina","Liga Profesional","2016","Belgrano","Rosario Central","Fernando Rapallini","1","0","H"
"75837","23-05-16 01:45","Argentina","Liga Profesional","2016","Lanus","Huracan","Facundo Raul Tello Figueroa","1","3","A"
"75838","22-05-16 23:30","Argentina","Liga Profesional","2016","Boca Juniors","Defensa y Justicia","Fernando Echenique","0","0","D"
"75839","22-05-16 23:30","Argentina","Liga Profesional","2016","Newells Old Boys","Atl. Tucuman","Federico Jose Beligoy","2","1","H"
"75840","22-05-16 23:30","Argentina","Liga Profesional","2016","Union de Santa Fe","Estudiantes L.P.","Jorge Balino","1","1","D"
"75841","22-05-16 21:15","Argentina","Liga Profesional","2016","San Lorenzo","Banfield","Patricio Loustau","1","1","D"
"75842","22-05-16 21:15","Argentina","Liga Profesional","2016","San Martin S.J.","Godoy Cruz","Mauro Vigliano","2","0","H"
"75843","22-05-16 01:00","Argentina","Liga Profesional","2016","Quilmes","Independiente","Hector Paletta","0","3","A"
"75844","22-05-16 01:00","Argentina","Liga Profesional","2016","Velez Sarsfield","Patronato","Silvio Trucco","0","0","D"
"75845","21-05-16 22:30","Argentina","Liga Profesional","2016","Racing Club","Temperley","Nicolas Lamolina","2","0","H"
"75846","21-05-16 20:15","Argentina","Liga Profesional","2016","Atl. Rafaela","Argentinos Jrs","German Delfino","0","2","A"
"75847","21-05-16 20:15","Argentina","Liga Profesional","2016","Olimpo Bahia Blanca","Sarmiento Junin","Fernando Espinoza","0","1","A"
"75848","21-05-16 02:00","Argentina","Liga Profesional","2016","Tigre","Aldosivi","Nestor Pitana","2","0","H"
"75849","21-05-16 01:00","Argentina","Liga Profesional","2016","Arsenal Sarandi","River Plate","Dario Herrera","2","1","H"
"75850","17-05-16 02:15","Argentina","Liga Profesional","2016","Banfield","Velez Sarsfield","Sergio Fabian Pezzotta","0","0","D"
"75851","17-05-16 00:00","Argentina","Liga Profesional","2016","Patronato","Olimpo Bahia Blanca","Patricio Loustau","1","0","H"
"75852","16-05-16 01:00","Argentina","Liga Profesional","2016","Estudiantes L.P.","Boca Juniors","Diego Abal","3","1","H"
"75853","15-05-16 22:15","Argentina","Liga Profesional","2016","Aldosivi","Atl. Rafaela","Dario Herrera","2","1","H"
"75854","15-05-16 22:15","Argentina","Liga Profesional","2016","Rosario Central","Quilmes","Pablo Lunati","1","1","D"
"75855","15-05-16 20:00","Argentina","Liga Profesional","2016","Argentinos Jrs","Lanus","Federico Jose Beligoy","1","1","D"
"75856","15-05-16 20:00","Argentina","Liga Profesional","2016","Sarmiento Junin","Tigre","Fernando Echenique","0","1","A"
"75857","15-05-16 20:00","Argentina","Liga Profesional","2016","Temperley","Newells Old Boys","Fernando Espinoza","2","0","H"
"75858","15-05-16 01:00","Argentina","Liga Profesional","2016","Independiente","Arsenal Sarandi","German Delfino","2","0","H"
"75859","14-05-16 22:45","Argentina","Liga Profesional","2016","River Plate","Gimnasia L.P.","Silvio Trucco","1","0","H"
"75860","14-05-16 20:30","Argentina","Liga Profesional","2016","Colon Santa Fe","San Lorenzo","Fernando Rapallini","0","2","A"
"75861","14-05-16 20:30","Argentina","Liga Profesional","2016","Godoy Cruz","Belgrano","Nestor Pitana","1","0","H"
"75862","14-05-16 02:15","Argentina","Liga Profesional","2016","Atl. Tucuman","San Martin S.J.","Jorge Balino","3","2","H"
"75863","14-05-16 02:15","Argentina","Liga Profesional","2016","Defensa y Justicia","Racing Club","Saul Laverni","2","1","H"
"75864","14-05-16 00:00","Argentina","Liga Profesional","2016","Huracan","Union de Santa Fe","Hector Paletta","1","1","D"
"75865","10-05-16 02:15","Argentina","Liga Profesional","2016","Sarmiento Junin","Patronato","Diego Abal","1","0","H"
"75866","10-05-16 00:00","Argentina","Liga Profesional","2016","Olimpo Bahia Blanca","Banfield","German Delfino","1","1","D"
"75867","09-05-16 01:45","Argentina","Liga Profesional","2016","Gimnasia L.P.","Independiente","Juan Pablo Pompei","3","3","D"
"75868","09-05-16 01:00","Argentina","Liga Profesional","2016","Atl. Rafaela","Tigre","Saul Laverni","0","0","D"
"75869","08-05-16 23:30","Argentina","Liga Profesional","2016","Boca Juniors","Huracan","Miguel Gonzalez Diaz","0","0","D"
"75870","08-05-16 22:45","Argentina","Liga Profesional","2016","Atl. Tucuman","Belgrano","Patricio Loustau","2","1","H"
"75871","08-05-16 21:15","Argentina","Liga Profesional","2016","Lanus","Aldosivi","Fernando Rapallini","2","0","H"
"75872","08-05-16 19:00","Argentina","Liga Profesional","2016","Arsenal Sarandi","Rosario Central","Fernando Espinoza","1","0","H"
"75873","08-05-16 01:00","Argentina","Liga Profesional","2016","Racing Club","Estudiantes L.P.","Dario Herrera","0","0","D"
"75874","07-05-16 22:45","Argentina","Liga Profesional","2016","San Lorenzo","River Plate","Mauro Vigliano","2","1","H"
"75875","07-05-16 21:00","Argentina","Liga Profesional","2016","Velez Sarsfield","Colon Santa Fe","Nicolas Lamolina","2","0","H"
"75876","07-05-16 20:30","Argentina","Liga Profesional","2016","Newells Old Boys","Defensa y Justicia","Nestor Pitana","0","1","A"
"75877","07-05-16 20:30","Argentina","Liga Profesional","2016","San Martin S.J.","Temperley","Federico Jose Beligoy","2","0","H"
"75878","07-05-16 02:15","Argentina","Liga Profesional","2016","Quilmes","Godoy Cruz","Jorge Balino","1","3","A"
"75879","07-05-16 00:00","Argentina","Liga Profesional","2016","Union de Santa Fe","Argentinos Jrs","Pablo Lunati","4","0","H"
"75880","04-05-16 02:00","Argentina","Liga Profesional","2016","Banfield","Sarmiento Junin","Silvio Trucco","0","0","D"
"75881","03-05-16 02:15","Argentina","Liga Profesional","2016","Temperley","Atl. Tucuman","Mauro Vigliano","1","1","D"
"75882","03-05-16 00:00","Argentina","Liga Profesional","2016","Tigre","Lanus","Nestor Pitana","0","1","A"
"75883","02-05-16 21:00","Argentina","Liga Profesional","2016","Rosario Central","Gimnasia L.P.","Facundo Raul Tello Figueroa","0","1","A"
"75884","01-05-16 01:10","Argentina","Liga Profesional","2016","Argentinos Jrs","Boca Juniors","Fernando Rapallini","1","0","H"
"75885","01-05-16 00:30","Argentina","Liga Profesional","2016","Defensa y Justicia","San Martin S.J.","Dario Herrera","0","0","D"
"75886","30-04-16 23:00","Argentina","Liga Profesional","2016","Huracan","Racing Club","German Delfino","0","1","A"
"75887","30-04-16 22:15","Argentina","Liga Profesional","2016","Godoy Cruz","Arsenal Sarandi","Fernando Echenique","2","0","H"
"75888","30-04-16 21:10","Argentina","Liga Profesional","2016","River Plate","Velez Sarsfield","Fernando Espinoza","0","0","D"
"75889","30-04-16 20:00","Argentina","Liga Profesional","2016","Belgrano","Quilmes","Andres Merlos","2","2","D"
"75890","30-04-16 19:00","Argentina","Liga Profesional","2016","Independiente","San Lorenzo","Patricio Loustau","0","1","A"
"75891","30-04-16 02:15","Argentina","Liga Profesional","2016","Colon Santa Fe","Olimpo Bahia Blanca","Federico Jose Beligoy","3","1","H"
"75892","30-04-16 02:15","Argentina","Liga Profesional","2016","Patronato","Atl. Rafaela","Pablo Lunati","2","1","H"
"75893","30-04-16 00:00","Argentina","Liga Profesional","2016","Aldosivi","Union de Santa Fe","Ariel Penel","1","1","D"
"75894","30-04-16 00:00","Argentina","Liga Profesional","2016","Estudiantes L.P.","Newells Old Boys","Juan Pablo Pompei","0","0","D"
"75895","26-04-16 02:15","Argentina","Liga Profesional","2016","Quilmes","Temperley","Ariel Penel","2","0","H"
"75896","26-04-16 00:00","Argentina","Liga Profesional","2016","Tigre","Sarmiento Junin","Pablo Lunati","2","0","H"
"75897","25-04-16 01:00","Argentina","Liga Profesional","2016","Belgrano","Atl. Tucuman","Miguel Gonzalez Diaz","0","0","D"
"75898","24-04-16 23:45","Argentina","Liga Profesional","2016","Racing Club","Independiente","Federico Jose Beligoy","0","0","D"
"75899","24-04-16 21:15","Argentina","Liga Profesional","2016","Boca Juniors","River Plate","Dario Herrera","0","0","D"
"75900","24-04-16 19:00","Argentina","Liga Profesional","2016","Newells Old Boys","Rosario Central","Fernando Rapallini","0","0","D"
"75901","24-04-16 01:45","Argentina","Liga Profesional","2016","Gimnasia L.P.","Estudiantes L.P.","Diego Abal","0","0","D"
"75902","23-04-16 23:30","Argentina","Liga Profesional","2016","Lanus","Banfield","Fernando Espinoza","2","0","H"
"75903","23-04-16 21:30","Argentina","Liga Profesional","2016","Godoy Cruz","San Martin S.J.","Juan Pablo Pompei","1","0","H"
"75904","23-04-16 21:15","Argentina","Liga Profesional","2016","San Lorenzo","Huracan","Jorge Balino","1","0","H"
"75905","23-04-16 19:15","Argentina","Liga Profesional","2016","Arsenal Sarandi","Defensa y Justicia","German Delfino","0","0","D"
"75906","23-04-16 19:00","Argentina","Liga Profesional","2016","Union de Santa Fe","Colon Santa Fe","Patricio Loustau","1","0","H"
"75907","23-04-16 02:15","Argentina","Liga Profesional","2016","Olimpo Bahia Blanca","Aldosivi","Silvio Trucco","2","1","H"
"75908","23-04-16 02:15","Argentina","Liga Profesional","2016","Velez Sarsfield","Argentinos Jrs","Facundo Raul Tello Figueroa","1","0","H"
"75909","23-04-16 00:00","Argentina","Liga Profesional","2016","Atl. Rafaela","Patronato","Fernando Echenique","3","1","H"
"75910","19-04-16 00:00","Argentina","Liga Profesional","2016","Arsenal Sarandi","Belgrano","Mauro Vigliano","3","3","D"
"75911","18-04-16 01:00","Argentina","Liga Profesional","2016","Olimpo Bahia Blanca","River Plate","Patricio Loustau","0","1","A"
"75912","18-04-16 01:00","Argentina","Liga Profesional","2016","Patronato","Banfield","Hector Paletta","0","2","A"
"75913","17-04-16 22:45","Argentina","Liga Profesional","2016","San Martin S.J.","Estudiantes L.P.","Ariel Penel","0","2","A"
"75914","17-04-16 22:45","Argentina","Liga Profesional","2016","Temperley","Quilmes","Juan Pablo Pompei","2","0","H"
"75915","17-04-16 22:45","Argentina","Liga Profesional","2016","Velez Sarsfield","Independiente","Miguel Gonzalez Diaz","0","2","A"
"75916","17-04-16 20:30","Argentina","Liga Profesional","2016","San Lorenzo","Rosario Central","German Delfino","2","1","H"
"75917","17-04-16 01:45","Argentina","Liga Profesional","2016","Racing Club","Argentinos Jrs","Jorge Balino","2","2","D"
"75918","16-04-16 23:30","Argentina","Liga Profesional","2016","Boca Juniors","Aldosivi","Federico Jose Beligoy","4","1","H"
"75919","16-04-16 23:30","Argentina","Liga Profesional","2016","Union de Santa Fe","Tigre","Luis Alvarez","1","0","H"
"75920","16-04-16 21:15","Argentina","Liga Profesional","2016","Atl. Tucuman","Defensa y Justicia","Saul Laverni","3","1","H"
"75921","16-04-16 21:15","Argentina","Liga Profesional","2016","Newells Old Boys","Huracan","Diego Abal","1","0","H"
"75922","16-04-16 19:00","Argentina","Liga Profesional","2016","Lanus","Atl. Rafaela","Dario Herrera","2","1","H"
"75923","16-04-16 02:15","Argentina","Liga Profesional","2016","Gimnasia L.P.","Godoy Cruz","Silvio Trucco","2","2","D"
"75924","16-04-16 00:00","Argentina","Liga Profesional","2016","Sarmiento Junin","Colon Santa Fe","Fernando Espinoza","1","0","H"
"75925","12-04-16 02:15","Argentina","Liga Profesional","2016","Estudiantes L.P.","Atl. Tucuman","Fernando Espinoza","3","2","H"
"75926","12-04-16 00:00","Argentina","Liga Profesional","2016","Atl. Rafaela","Union de Santa Fe","Nicolas Lamolina","1","1","D"
"75927","12-04-16 00:00","Argentina","Liga Profesional","2016","Quilmes","Arsenal Sarandi","Nestor Pitana","1","4","A"
"75928","11-04-16 01:10","Argentina","Liga Profesional","2016","Belgrano","Gimnasia L.P.","Pablo Lunati","3","0","H"
"75929","11-04-16 01:10","Argentina","Liga Profesional","2016","Tigre","Boca Juniors","Silvio Trucco","2","0","H"
"75930","10-04-16 23:00","Argentina","Liga Profesional","2016","Aldosivi","Racing Club","Fernando Rapallini","2","1","H"
"75931","10-04-16 23:00","Argentina","Liga Profesional","2016","Rosario Central","Velez Sarsfield","Dario Herrera","2","3","A"
"75932","10-04-16 22:45","Argentina","Liga Profesional","2016","Argentinos Jrs","Newells Old Boys","Juan Pablo Pompei","0","0","D"
"75933","10-04-16 20:45","Argentina","Liga Profesional","2016","Banfield","Lanus","German Delfino","0","2","A"
"75934","10-04-16 01:00","Argentina","Liga Profesional","2016","Independiente","Olimpo Bahia Blanca","Fernando Echenique","0","0","D"
"75935","09-04-16 22:45","Argentina","Liga Profesional","2016","Defensa y Justicia","Temperley","Diego Abal","2","1","H"
"75936","09-04-16 22:45","Argentina","Liga Profesional","2016","River Plate","Sarmiento Junin","Jorge Balino","2","2","D"
"75937","09-04-16 20:30","Argentina","Liga Profesional","2016","Huracan","San Martin S.J.","Patricio Loustau","4","3","H"
"75938","09-04-16 02:15","Argentina","Liga Profesional","2016","Colon Santa Fe","Patronato","Luis Alvarez","2","2","D"
"75939","09-04-16 02:15","Argentina","Liga Profesional","2016","Godoy Cruz","San Lorenzo","Saul Laverni","0","1","A"
"75940","05-04-16 02:15","Argentina","Liga Profesional","2016","Gimnasia L.P.","Quilmes","Fernando Espinoza","1","0","H"
"75941","05-04-16 02:15","Argentina","Liga Profesional","2016","Union de Santa Fe","Lanus","Federico Jose Beligoy","0","4","A"
"75942","04-04-16 01:00","Argentina","Liga Profesional","2016","Sarmiento Junin","Independiente","Diego Abal","0","0","D"
"75943","04-04-16 00:30","Argentina","Liga Profesional","2016","Velez Sarsfield","Godoy Cruz","Fernando Rapallini","1","4","A"
"75944","03-04-16 22:45","Argentina","Liga Profesional","2016","Defensa y Justicia","Arsenal Sarandi","Dario Herrera","0","1","A"
"75945","03-04-16 22:15","Argentina","Liga Profesional","2016","San Martin S.J.","Argentinos Jrs","German Delfino","2","0","H"
"75946","03-04-16 21:15","Argentina","Liga Profesional","2016","San Lorenzo","Belgrano","Patricio Loustau","3","2","H"
"75947","03-04-16 19:00","Argentina","Liga Profesional","2016","Newells Old Boys","Aldosivi","Silvio Trucco","1","1","D"
"75948","03-04-16 01:00","Argentina","Liga Profesional","2016","Banfield","Colon Santa Fe","Jorge Balino","1","1","D"
"75949","03-04-16 01:00","Argentina","Liga Profesional","2016","Patronato","River Plate","Mauro Vigliano","2","1","H"
"75950","02-04-16 22:45","Argentina","Liga Profesional","2016","Boca Juniors","Atl. Rafaela","Facundo Raul Tello Figueroa","3","0","H"
"75951","02-04-16 20:30","Argentina","Liga Profesional","2016","Racing Club","Tigre","Pablo Lunati","3","3","D"
"75952","02-04-16 02:15","Argentina","Liga Profesional","2016","Olimpo Bahia Blanca","Rosario Central","Nestor Pitana","1","1","D"
"75953","02-04-16 02:15","Argentina","Liga Profesional","2016","Temperley","Estudiantes L.P.","Saul Laverni","1","3","A"
"75954","02-04-16 00:00","Argentina","Liga Profesional","2016","Atl. Tucuman","Huracan","Ariel Penel","2","1","H"
"75955","29-03-16 02:00","Argentina","Liga Profesional","2016","Argentinos Jrs","Huracan","Facundo Raul Tello Figueroa","0","0","D"
"75956","28-03-16 01:00","Argentina","Liga Profesional","2016","Velez Sarsfield","Quilmes","Jorge Balino","1","2","A"
"75957","24-03-16 21:00","Argentina","Liga Profesional","2016","Huracan","Aldosivi","Dario Herrera","2","0","H"
"75958","22-03-16 01:15","Argentina","Liga Profesional","2016","Atl. Rafaela","Racing Club","German Delfino","3","6","A"
"75959","22-03-16 01:15","Argentina","Liga Profesional","2016","Tigre","Newells Old Boys","Andres Merlos","3","3","D"
"75960","21-03-16 23:00","Argentina","Liga Profesional","2016","Rosario Central","Sarmiento Junin","Silvio Trucco","1","0","H"
"75961","21-03-16 00:00","Argentina","Liga Profesional","2016","Lanus","Boca Juniors","Fernando Rapallini","2","0","H"
"75962","20-03-16 23:30","Argentina","Liga Profesional","2016","Huracan","Temperley","Nicolas Lamolina","4","2","H"
"75963","20-03-16 21:45","Argentina","Liga Profesional","2016","River Plate","Banfield","Juan Pablo Pompei","1","1","D"
"75964","20-03-16 19:30","Argentina","Liga Profesional","2016","Quilmes","San Lorenzo","Dario Herrera","3","0","H"
"75965","20-03-16 00:00","Argentina","Liga Profesional","2016","Independiente","Patronato","Patricio Loustau","2","1","H"
"75966","19-03-16 21:45","Argentina","Liga Profesional","2016","Argentinos Jrs","Atl. Tucuman","Jorge Balino","0","3","A"
"75967","19-03-16 21:45","Argentina","Liga Profesional","2016","Godoy Cruz","Olimpo Bahia Blanca","Diego Abal","1","0","H"
"75968","19-03-16 19:30","Argentina","Liga Profesional","2016","Belgrano","Velez Sarsfield","Mauro Vigliano","2","3","A"
"75969","19-03-16 19:30","Argentina","Liga Profesional","2016","Colon Santa Fe","Union de Santa Fe","Fernando Espinoza","0","3","A"
"75970","19-03-16 01:15","Argentina","Liga Profesional","2016","Estudiantes L.P.","Defensa y Justicia","Federico Jose Beligoy","2","1","H"
"75971","18-03-16 23:00","Argentina","Liga Profesional","2016","Aldosivi","San Martin S.J.","Pablo Lunati","2","2","D"
"75972","18-03-16 23:00","Argentina","Liga Profesional","2016","Arsenal Sarandi","Gimnasia L.P.","Facundo Raul Tello Figueroa","0","1","A"
"75973","17-03-16 01:00","Argentina","Liga Profesional","2016","Tigre","Huracan","Pedro Arganaraz","1","2","A"
"75974","15-03-16 01:00","Argentina","Liga Profesional","2016","Boca Juniors","Union de Santa Fe","Dario Herrera","2","1","H"
"75975","14-03-16 23:00","Argentina","Liga Profesional","2016","Sarmiento Junin","Godoy Cruz","Pablo Lunati","0","0","D"
"75976","14-03-16 00:00","Argentina","Liga Profesional","2016","Atl. Tucuman","Aldosivi","Andres Merlos","1","1","D"
"75977","14-03-16 00:00","Argentina","Liga Profesional","2016","Colon Santa Fe","River Plate","Fernando Rapallini","4","1","H"
"75978","13-03-16 21:45","Argentina","Liga Profesional","2016","Estudiantes L.P.","Gimnasia L.P.","Nestor Pitana","3","0","H"
"75979","13-03-16 21:45","Argentina","Liga Profesional","2016","Patronato","Rosario Central","Federico Jose Beligoy","1","0","H"
"75980","13-03-16 19:30","Argentina","Liga Profesional","2016","Temperley","Argentinos Jrs","Pedro Arganaraz","0","0","D"
"75981","13-03-16 00:00","Argentina","Liga Profesional","2016","San Lorenzo","Arsenal Sarandi","Mauro Vigliano","0","2","A"
"75982","12-03-16 21:45","Argentina","Liga Profesional","2016","Banfield","Independiente","Silvio Trucco","1","3","A"
"75983","12-03-16 21:45","Argentina","Liga Profesional","2016","San Martin S.J.","Tigre","Juan Pablo Pompei","1","0","H"
"75984","12-03-16 19:30","Argentina","Liga Profesional","2016","Defensa y Justicia","Huracan","Fernando Echenique","0","2","A"
"75985","12-03-16 19:30","Argentina","Liga Profesional","2016","Olimpo Bahia Blanca","Belgrano","German Delfino","2","0","H"
"75986","12-03-16 01:00","Argentina","Liga Profesional","2016","Newells Old Boys","Atl. Rafaela","Patricio Loustau","1","1","D"
"75987","12-03-16 00:15","Argentina","Liga Profesional","2016","Racing Club","Lanus","Diego Abal","2","1","H"
"75988","08-03-16 01:15","Argentina","Liga Profesional","2016","Godoy Cruz","Patronato","Silvio Trucco","3","1","H"
"75989","07-03-16 23:00","Argentina","Liga Profesional","2016","Tigre","Atl. Tucuman","Fernando Rapallini","5","0","H"
"75990","07-03-16 01:30","Argentina","Liga Profesional","2016","Union de Santa Fe","Racing Club","Federico Jose Beligoy","3","6","A"
"75991","06-03-16 23:30","Argentina","Liga Profesional","2016","Aldosivi","Temperley","German Delfino","1","1","D"
"75992","06-03-16 23:15","Argentina","Liga Profesional","2016","Rosario Central","Banfield","Jorge Balino","2","2","D"
"75993","06-03-16 21:00","Argentina","Liga Profesional","2016","River Plate","Boca Juniors","Patricio Loustau","0","0","D"
"75994","06-03-16 01:30","Argentina","Liga Profesional","2016","Independiente","Colon Santa Fe","Fernando Echenique","4","1","H"
"75995","05-03-16 23:15","Argentina","Liga Profesional","2016","Belgrano","Sarmiento Junin","Hector Paletta","3","0","H"
"75996","05-03-16 23:15","Argentina","Liga Profesional","2016","Gimnasia L.P.","San Lorenzo","Fernando Espinoza","0","0","D"
"75997","05-03-16 21:00","Argentina","Liga Profesional","2016","Atl. Rafaela","San Martin S.J.","Nestor Pitana","1","2","A"
"75998","05-03-16 21:00","Argentina","Liga Profesional","2016","Huracan","Estudiantes L.P.","Diego Abal","1","0","H"
"75999","05-03-16 01:30","Argentina","Liga Profesional","2016","Lanus","Newells Old Boys","Dario Herrera","3","0","H"
"76000","05-03-16 01:15","Argentina","Liga Profesional","2016","Arsenal Sarandi","Velez Sarsfield","Miguel Gonzalez Diaz","1","0","H"
"76001","04-03-16 23:15","Argentina","Liga Profesional","2016","Argentinos Jrs","Defensa y Justicia","Juan Pablo Pompei","1","5","A"
"76002","04-03-16 21:00","Argentina","Liga Profesional","2016","Quilmes","Olimpo Bahia Blanca","Mauro Vigliano","1","1","D"
"76003","01-03-16 01:15","Argentina","Liga Profesional","2016","River Plate","Independiente","Nestor Pitana","1","0","H"
"76004","01-03-16 01:15","Argentina","Liga Profesional","2016","Temperley","Tigre","Fernando Espinoza","2","0","H"
"76005","29-02-16 23:00","Argentina","Liga Profesional","2016","Velez Sarsfield","Gimnasia L.P.","Fernando Echenique","2","1","H"
"76006","29-02-16 01:30","Argentina","Liga Profesional","2016","San Martin S.J.","Lanus","Pablo Diaz","2","2","D"
"76007","28-02-16 23:15","Argentina","Liga Profesional","2016","Atl. Tucuman","Atl. Rafaela","Ariel Penel","3","0","H"
"76008","28-02-16 23:15","Argentina","Liga Profesional","2016","Olimpo Bahia Blanca","Arsenal Sarandi","Silvio Trucco","2","1","H"
"76009","28-02-16 23:15","Argentina","Liga Profesional","2016","Racing Club","Boca Juniors","Jorge Balino","1","0","H"
"76010","28-02-16 21:00","Argentina","Liga Profesional","2016","Colon Santa Fe","Rosario Central","Dario Herrera","0","3","A"
"76011","28-02-16 01:30","Argentina","Liga Profesional","2016","Patronato","Belgrano","Mauro Vigliano","2","1","H"
"76012","27-02-16 23:15","Argentina","Liga Profesional","2016","Defensa y Justicia","Aldosivi","Pablo Lunati","4","0","H"
"76013","27-02-16 23:15","Argentina","Liga Profesional","2016","Huracan","San Lorenzo","Fernando Rapallini","1","1","D"
"76014","27-02-16 21:00","Argentina","Liga Profesional","2016","Estudiantes L.P.","Argentinos Jrs","German Delfino","4","1","H"
"76015","27-02-16 21:00","Argentina","Liga Profesional","2016","Sarmiento Junin","Quilmes","Facundo Raul Tello Figueroa","2","2","D"
"76016","27-02-16 01:15","Argentina","Liga Profesional","2016","Banfield","Godoy Cruz","Diego Abal","2","3","A"
"76017","26-02-16 23:15","Argentina","Liga Profesional","2016","Newells Old Boys","Union de Santa Fe","Pedro Arganaraz","1","1","D"
"76018","24-02-16 01:15","Argentina","Liga Profesional","2016","Aldosivi","Estudiantes L.P.","Nestor Pitana","1","2","A"
"76019","24-02-16 01:15","Argentina","Liga Profesional","2016","Lanus","Atl. Tucuman","Jorge Balino","1","0","H"
"76020","23-02-16 23:00","Argentina","Liga Profesional","2016","Atl. Rafaela","Temperley","Dario Herrera","0","2","A"
"76021","23-02-16 01:15","Argentina","Liga Profesional","2016","Arsenal Sarandi","Sarmiento Junin","Fernando Rapallini","2","0","H"
"76022","23-02-16 01:15","Argentina","Liga Profesional","2016","Union de Santa Fe","San Martin S.J.","German Delfino","1","1","D"
"76023","22-02-16 23:00","Argentina","Liga Profesional","2016","Quilmes","Patronato","Pedro Arganaraz","2","2","D"
"76024","22-02-16 01:30","Argentina","Liga Profesional","2016","Rosario Central","River Plate","Mauro Vigliano","3","3","D"
"76025","21-02-16 23:15","Argentina","Liga Profesional","2016","Godoy Cruz","Colon Santa Fe","Pablo Lunati","4","1","H"
"76026","21-02-16 23:15","Argentina","Liga Profesional","2016","Independiente","Racing Club","Diego Abal","1","1","D"
"76027","21-02-16 21:00","Argentina","Liga Profesional","2016","Belgrano","Banfield","Silvio Trucco","0","0","D"
"76028","21-02-16 21:00","Argentina","Liga Profesional","2016","Tigre","Defensa y Justicia","Fernando Echenique","0","2","A"
"76029","21-02-16 01:15","Argentina","Liga Profesional","2016","Boca Juniors","Newells Old Boys","Fernando Espinoza","4","1","H"
"76030","20-02-16 23:00","Argentina","Liga Profesional","2016","Gimnasia L.P.","Olimpo Bahia Blanca","Patricio Loustau","1","0","H"
"76031","20-02-16 21:00","Argentina","Liga Profesional","2016","San Lorenzo","Velez Sarsfield","Federico Jose Beligoy","3","2","H"
"76032","19-02-16 01:15","Argentina","Liga Profesional","2016","Atl. Tucuman","Union de Santa Fe","Fernando Espinoza","2","0","H"
"76033","19-02-16 01:15","Argentina","Liga Profesional","2016","River Plate","Godoy Cruz","German Delfino","1","2","A"
"76034","18-02-16 23:00","Argentina","Liga Profesional","2016","Colon Santa Fe","Belgrano","Federico Jose Beligoy","3","0","H"
"76035","18-02-16 23:00","Argentina","Liga Profesional","2016","Temperley","Lanus","Diego Abal","0","1","A"
"76036","18-02-16 21:00","Argentina","Liga Profesional","2016","Estudiantes L.P.","Tigre","Patricio Loustau","1","1","D"
"76037","18-02-16 01:30","Argentina","Liga Profesional","2016","Sarmiento Junin","Gimnasia L.P.","Pablo Lunati","1","3","A"
"76038","18-02-16 01:15","Argentina","Liga Profesional","2016","San Martin S.J.","Boca Juniors","Silvio Trucco","0","1","A"
"76039","17-02-16 23:15","Argentina","Liga Profesional","2016","Independiente","Rosario Central","Jorge Balino","0","2","A"
"76040","17-02-16 23:15","Argentina","Liga Profesional","2016","Patronato","Arsenal Sarandi","Nicolas Lamolina","0","0","D"
"76041","17-02-16 21:00","Argentina","Liga Profesional","2016","Defensa y Justicia","Atl. Rafaela","Mauro Vigliano","4","1","H"
"76042","17-02-16 21:00","Argentina","Liga Profesional","2016","Newells Old Boys","Racing Club","Juan Pablo Pompei","5","0","H"
"76043","17-02-16 01:30","Argentina","Liga Profesional","2016","Argentinos Jrs","Velez Sarsfield","Fernando Rapallini","0","3","A"
"76044","16-02-16 23:15","Argentina","Liga Profesional","2016","Banfield","Quilmes","Pablo Diaz","1","1","D"
"76045","16-02-16 23:15","Argentina","Liga Profesional","2016","Olimpo Bahia Blanca","San Lorenzo","Nestor Pitana","0","2","A"
"76046","15-02-16 01:15","Argentina","Liga Profesional","2016","Belgrano","River Plate","Diego Abal","3","2","H"
"76047","14-02-16 23:15","Argentina","Liga Profesional","2016","Boca Juniors","Atl. Tucuman","Federico Jose Beligoy","0","1","A"
"76048","14-02-16 23:00","Argentina","Liga Profesional","2016","Gimnasia L.P.","Patronato","Dario Herrera","3","2","H"
"76049","14-02-16 21:00","Argentina","Liga Profesional","2016","Lanus","Defensa y Justicia","Silvio Trucco","2","1","H"
"76050","14-02-16 21:00","Argentina","Liga Profesional","2016","Rosario Central","Newells Old Boys","Patricio Loustau","2","0","H"
"76051","14-02-16 01:15","Argentina","Liga Profesional","2016","Racing Club","San Martin S.J.","Nestor Pitana","2","2","D"
"76052","14-02-16 01:15","Argentina","Liga Profesional","2016","Velez Sarsfield","Olimpo Bahia Blanca","Pablo Lunati","2","1","H"
"76053","13-02-16 23:00","Argentina","Liga Profesional","2016","Aldosivi","Argentinos Jrs","Hector Paletta","3","2","H"
"76054","13-02-16 23:00","Argentina","Liga Profesional","2016","Atl. Rafaela","Estudiantes L.P.","Facundo Raul Tello Figueroa","0","1","A"
"76055","13-02-16 23:00","Argentina","Liga Profesional","2016","San Lorenzo","Sarmiento Junin","German Delfino","2","1","H"
"76056","13-02-16 01:15","Argentina","Liga Profesional","2016","Godoy Cruz","Independiente","Fernando Rapallini","1","1","D"
"76057","13-02-16 01:15","Argentina","Liga Profesional","2016","Quilmes","Colon Santa Fe","Fernando Espinoza","2","4","A"
"76058","12-02-16 23:00","Argentina","Liga Profesional","2016","Arsenal Sarandi","Banfield","Juan Pablo Pompei","3","1","H"
"76059","12-02-16 23:00","Argentina","Liga Profesional","2016","Union de Santa Fe","Temperley","Luis Alvarez","3","0","H"
"76060","09-02-16 01:15","Argentina","Liga Profesional","2016","Sarmiento Junin","Velez Sarsfield","Diego Abal","1","0","H"
"76061","08-02-16 23:15","Argentina","Liga Profesional","2016","River Plate","Quilmes","Fernando Rapallini","5","1","H"
"76062","08-02-16 23:00","Argentina","Liga Profesional","2016","Estudiantes L.P.","Lanus","Federico Jose Beligoy","0","1","A"
"76063","08-02-16 01:15","Argentina","Liga Profesional","2016","Atl. Tucuman","Racing Club","Silvio Trucco","2","1","H"
"76064","07-02-16 23:15","Argentina","Liga Profesional","2016","Colon Santa Fe","Arsenal Sarandi","Mauro Vigliano","2","1","H"
"76065","07-02-16 21:00","Argentina","Liga Profesional","2016","Defensa y Justicia","Union de Santa Fe","Juan Pablo Pompei","2","2","D"
"76066","07-02-16 21:00","Argentina","Liga Profesional","2016","Independiente","Belgrano","Dario Herrera","1","0","H"
"76067","07-02-16 01:00","Argentina","Liga Profesional","2016","Temperley","Boca Juniors","Fernando Echenique","0","0","D"
"76068","06-02-16 23:15","Argentina","Liga Profesional","2016","San Martin S.J.","Newells Old Boys","Fernando Espinoza","2","1","H"
"76069","06-02-16 23:00","Argentina","Liga Profesional","2016","Patronato","San Lorenzo","Patricio Loustau","2","2","D"
"76070","06-02-16 21:00","Argentina","Liga Profesional","2016","Aldosivi","Olimpo Bahia Blanca","Pedro Arganaraz","3","0","H"
"76071","06-02-16 21:00","Argentina","Liga Profesional","2016","Argentinos Jrs","Tigre","Jorge Balino","1","1","D"
"76072","06-02-16 01:15","Argentina","Liga Profesional","2016","Rosario Central","Godoy Cruz","Ariel Penel","1","0","H"
"76073","05-02-16 23:00","Argentina","Liga Profesional","2016","Banfield","Gimnasia L.P.","Nestor Pitana","2","0","H"
"76074","05-02-16 23:00","Argentina","Liga Profesional","2016","Huracan","Atl. Rafaela","Pablo Lunati","0","1","A"